-- MySQL dump 10.13  Distrib 8.0.21, for macos10.15 (x86_64)
--
-- Host: 127.0.0.1    Database: febs
-- ------------------------------------------------------
-- Server version	8.0.22

/*!40101 SET @OLD_CHARACTER_SET_CLIENT=@@CHARACTER_SET_CLIENT */;
/*!40101 SET @OLD_CHARACTER_SET_RESULTS=@@CHARACTER_SET_RESULTS */;
/*!40101 SET @OLD_COLLATION_CONNECTION=@@COLLATION_CONNECTION */;
/*!50503 SET NAMES utf8 */;
/*!40103 SET @OLD_TIME_ZONE=@@TIME_ZONE */;
/*!40103 SET TIME_ZONE='+00:00' */;
/*!40014 SET @OLD_UNIQUE_CHECKS=@@UNIQUE_CHECKS, UNIQUE_CHECKS=0 */;
/*!40014 SET @OLD_FOREIGN_KEY_CHECKS=@@FOREIGN_KEY_CHECKS, FOREIGN_KEY_CHECKS=0 */;
/*!40101 SET @OLD_SQL_MODE=@@SQL_MODE, SQL_MODE='NO_AUTO_VALUE_ON_ZERO' */;
/*!40111 SET @OLD_SQL_NOTES=@@SQL_NOTES, SQL_NOTES=0 */;

--
-- Table structure for table `persistent_logins`
--

DROP TABLE IF EXISTS `persistent_logins`;
/*!40101 SET @saved_cs_client     = @@character_set_client */;
/*!50503 SET character_set_client = utf8mb4 */;
CREATE TABLE `persistent_logins` (
  `username` varchar(64) NOT NULL,
  `series` varchar(64) NOT NULL,
  `token` varchar(64) NOT NULL,
  `last_used` timestamp NOT NULL DEFAULT CURRENT_TIMESTAMP ON UPDATE CURRENT_TIMESTAMP,
  PRIMARY KEY (`series`)
) ENGINE=InnoDB DEFAULT CHARSET=utf8;
/*!40101 SET character_set_client = @saved_cs_client */;

--
-- Dumping data for table `persistent_logins`
--

LOCK TABLES `persistent_logins` WRITE;
/*!40000 ALTER TABLE `persistent_logins` DISABLE KEYS */;
/*!40000 ALTER TABLE `persistent_logins` ENABLE KEYS */;
UNLOCK TABLES;

--
-- Table structure for table `QRTZ_BLOB_TRIGGERS`
--

DROP TABLE IF EXISTS `QRTZ_BLOB_TRIGGERS`;
/*!40101 SET @saved_cs_client     = @@character_set_client */;
/*!50503 SET character_set_client = utf8mb4 */;
CREATE TABLE `QRTZ_BLOB_TRIGGERS` (
  `SCHED_NAME` varchar(120) NOT NULL,
  `TRIGGER_NAME` varchar(200) NOT NULL,
  `TRIGGER_GROUP` varchar(200) NOT NULL,
  `BLOB_DATA` blob,
  PRIMARY KEY (`SCHED_NAME`,`TRIGGER_NAME`,`TRIGGER_GROUP`),
  CONSTRAINT `qrtz_blob_triggers_ibfk_1` FOREIGN KEY (`SCHED_NAME`, `TRIGGER_NAME`, `TRIGGER_GROUP`) REFERENCES `qrtz_triggers` (`SCHED_NAME`, `TRIGGER_NAME`, `TRIGGER_GROUP`)
) ENGINE=InnoDB DEFAULT CHARSET=utf8;
/*!40101 SET character_set_client = @saved_cs_client */;

--
-- Dumping data for table `QRTZ_BLOB_TRIGGERS`
--

LOCK TABLES `QRTZ_BLOB_TRIGGERS` WRITE;
/*!40000 ALTER TABLE `QRTZ_BLOB_TRIGGERS` DISABLE KEYS */;
/*!40000 ALTER TABLE `QRTZ_BLOB_TRIGGERS` ENABLE KEYS */;
UNLOCK TABLES;

--
-- Table structure for table `QRTZ_CALENDARS`
--

DROP TABLE IF EXISTS `QRTZ_CALENDARS`;
/*!40101 SET @saved_cs_client     = @@character_set_client */;
/*!50503 SET character_set_client = utf8mb4 */;
CREATE TABLE `QRTZ_CALENDARS` (
  `SCHED_NAME` varchar(120) NOT NULL,
  `CALENDAR_NAME` varchar(200) NOT NULL,
  `CALENDAR` blob NOT NULL,
  PRIMARY KEY (`SCHED_NAME`,`CALENDAR_NAME`)
) ENGINE=InnoDB DEFAULT CHARSET=utf8;
/*!40101 SET character_set_client = @saved_cs_client */;

--
-- Dumping data for table `QRTZ_CALENDARS`
--

LOCK TABLES `QRTZ_CALENDARS` WRITE;
/*!40000 ALTER TABLE `QRTZ_CALENDARS` DISABLE KEYS */;
/*!40000 ALTER TABLE `QRTZ_CALENDARS` ENABLE KEYS */;
UNLOCK TABLES;

--
-- Table structure for table `QRTZ_CRON_TRIGGERS`
--

DROP TABLE IF EXISTS `QRTZ_CRON_TRIGGERS`;
/*!40101 SET @saved_cs_client     = @@character_set_client */;
/*!50503 SET character_set_client = utf8mb4 */;
CREATE TABLE `QRTZ_CRON_TRIGGERS` (
  `SCHED_NAME` varchar(120) NOT NULL,
  `TRIGGER_NAME` varchar(200) NOT NULL,
  `TRIGGER_GROUP` varchar(200) NOT NULL,
  `CRON_EXPRESSION` varchar(200) NOT NULL,
  `TIME_ZONE_ID` varchar(80) DEFAULT NULL,
  PRIMARY KEY (`SCHED_NAME`,`TRIGGER_NAME`,`TRIGGER_GROUP`)
) ENGINE=InnoDB DEFAULT CHARSET=utf8;
/*!40101 SET character_set_client = @saved_cs_client */;

--
-- Dumping data for table `QRTZ_CRON_TRIGGERS`
--

LOCK TABLES `QRTZ_CRON_TRIGGERS` WRITE;
/*!40000 ALTER TABLE `QRTZ_CRON_TRIGGERS` DISABLE KEYS */;
INSERT INTO `QRTZ_CRON_TRIGGERS` VALUES ('MyScheduler','TASK_1','DEFAULT','0/1 * * * * ?','Asia/Shanghai'),('MyScheduler','TASK_11','DEFAULT','0/5 * * * * ?','Asia/Shanghai'),('MyScheduler','TASK_2','DEFAULT','0/10 * * * * ?','Asia/Shanghai'),('MyScheduler','TASK_3','DEFAULT','0/1 * * * * ?','Asia/Shanghai');
/*!40000 ALTER TABLE `QRTZ_CRON_TRIGGERS` ENABLE KEYS */;
UNLOCK TABLES;

--
-- Table structure for table `QRTZ_FIRED_TRIGGERS`
--

DROP TABLE IF EXISTS `QRTZ_FIRED_TRIGGERS`;
/*!40101 SET @saved_cs_client     = @@character_set_client */;
/*!50503 SET character_set_client = utf8mb4 */;
CREATE TABLE `QRTZ_FIRED_TRIGGERS` (
  `SCHED_NAME` varchar(120) NOT NULL,
  `ENTRY_ID` varchar(95) NOT NULL,
  `TRIGGER_NAME` varchar(200) NOT NULL,
  `TRIGGER_GROUP` varchar(200) NOT NULL,
  `INSTANCE_NAME` varchar(200) NOT NULL,
  `FIRED_TIME` bigint NOT NULL,
  `SCHED_TIME` bigint NOT NULL,
  `PRIORITY` int NOT NULL,
  `STATE` varchar(16) NOT NULL,
  `JOB_NAME` varchar(200) DEFAULT NULL,
  `JOB_GROUP` varchar(200) DEFAULT NULL,
  `IS_NONCONCURRENT` varchar(1) DEFAULT NULL,
  `REQUESTS_RECOVERY` varchar(1) DEFAULT NULL,
  PRIMARY KEY (`SCHED_NAME`,`ENTRY_ID`)
) ENGINE=InnoDB DEFAULT CHARSET=utf8;
/*!40101 SET character_set_client = @saved_cs_client */;

--
-- Dumping data for table `QRTZ_FIRED_TRIGGERS`
--

LOCK TABLES `QRTZ_FIRED_TRIGGERS` WRITE;
/*!40000 ALTER TABLE `QRTZ_FIRED_TRIGGERS` DISABLE KEYS */;
/*!40000 ALTER TABLE `QRTZ_FIRED_TRIGGERS` ENABLE KEYS */;
UNLOCK TABLES;

--
-- Table structure for table `QRTZ_JOB_DETAILS`
--

DROP TABLE IF EXISTS `QRTZ_JOB_DETAILS`;
/*!40101 SET @saved_cs_client     = @@character_set_client */;
/*!50503 SET character_set_client = utf8mb4 */;
CREATE TABLE `QRTZ_JOB_DETAILS` (
  `SCHED_NAME` varchar(120) NOT NULL,
  `JOB_NAME` varchar(200) NOT NULL,
  `JOB_GROUP` varchar(200) NOT NULL,
  `DESCRIPTION` varchar(250) DEFAULT NULL,
  `JOB_CLASS_NAME` varchar(250) NOT NULL,
  `IS_DURABLE` varchar(1) NOT NULL,
  `IS_NONCONCURRENT` varchar(1) NOT NULL,
  `IS_UPDATE_DATA` varchar(1) NOT NULL,
  `REQUESTS_RECOVERY` varchar(1) NOT NULL,
  `JOB_DATA` blob,
  PRIMARY KEY (`SCHED_NAME`,`JOB_NAME`,`JOB_GROUP`)
) ENGINE=InnoDB DEFAULT CHARSET=utf8;
/*!40101 SET character_set_client = @saved_cs_client */;

--
-- Dumping data for table `QRTZ_JOB_DETAILS`
--

LOCK TABLES `QRTZ_JOB_DETAILS` WRITE;
/*!40000 ALTER TABLE `QRTZ_JOB_DETAILS` DISABLE KEYS */;
INSERT INTO `QRTZ_JOB_DETAILS` VALUES ('MyScheduler','TASK_1','DEFAULT',NULL,'com.febs.quartz.util.ScheduleJob','0','0','0','0',_binary '\\0sr\0org.quartz.JobDataMap迩\\0\0xr\0&org.quartz.utils.StringKeyDirtyFlagMap\\\](\0Z\0allowsTransientDataxr\0org.quartz.utils.DirtyFlagMap\.(v\n\\0Z\0dirtyL\0mapt\0Ljava/util/Map;xpsr\0java.util.HashMap\\`\\0F\0\nloadFactorI\0	thresholdxp?@\0\0\0\0\0w\0\0\0\0\0\0t\0\rJOB_PARAM_KEYsr\0\Zcom.febs.quartz.domain.Job\0\0\0\0\0\0\0\0L\0beanNamet\0Ljava/lang/String;L\0\ncreateTimet\0Ljava/util/Date;L\0cronExpressionq\0~\0	L\0jobIdt\0Ljava/lang/Long;L\0\nmethodNameq\0~\0	L\0paramsq\0~\0	L\0remarkq\0~\0	L\0statusq\0~\0	xpt\0testTasksr\0java.util.DatehjKYt\0\0xpw\0\0aȢ\pxt\0\r0/1 * * * * ?sr\0java.lang.Long;\̏#\\0J\0valuexr\0java.lang.Number\\0\0xp\0\0\0\0\0\0\0t\0testt\0febst\0有参任务调度测试t\01x\0'),('MyScheduler','TASK_11','DEFAULT',NULL,'com.febs.quartz.util.ScheduleJob','0','0','0','0',_binary '\\0sr\0org.quartz.JobDataMap迩\\0\0xr\0&org.quartz.utils.StringKeyDirtyFlagMap\\\](\0Z\0allowsTransientDataxr\0org.quartz.utils.DirtyFlagMap\.(v\n\\0Z\0dirtyL\0mapt\0Ljava/util/Map;xpsr\0java.util.HashMap\\`\\0F\0\nloadFactorI\0	thresholdxp?@\0\0\0\0\0w\0\0\0\0\0\0t\0\rJOB_PARAM_KEYsr\0\Zcom.febs.quartz.domain.Job\0\0\0\0\0\0\0\0L\0beanNamet\0Ljava/lang/String;L\0\ncreateTimet\0Ljava/util/Date;L\0cronExpressionq\0~\0	L\0jobIdt\0Ljava/lang/Long;L\0\nmethodNameq\0~\0	L\0paramsq\0~\0	L\0remarkq\0~\0	L\0statusq\0~\0	xpt\0testTasksr\0java.util.DatehjKYt\0\0xpw\0\0a\\ Pxt\0\r0/5 * * * * ?sr\0java.lang.Long;\̏#\\0J\0valuexr\0java.lang.Number\\0\0xp\0\0\0\0\0\0\0t\0test2pt\0测试异常t\01x\0'),('MyScheduler','TASK_2','DEFAULT',NULL,'com.febs.quartz.util.ScheduleJob','0','0','0','0',_binary '\\0sr\0org.quartz.JobDataMap迩\\0\0xr\0&org.quartz.utils.StringKeyDirtyFlagMap\\\](\0Z\0allowsTransientDataxr\0org.quartz.utils.DirtyFlagMap\.(v\n\\0Z\0dirtyL\0mapt\0Ljava/util/Map;xpsr\0java.util.HashMap\\`\\0F\0\nloadFactorI\0	thresholdxp?@\0\0\0\0\0w\0\0\0\0\0\0t\0\rJOB_PARAM_KEYsr\0\Zcom.febs.quartz.domain.Job\0\0\0\0\0\0\0\0L\0beanNamet\0Ljava/lang/String;L\0\ncreateTimet\0Ljava/util/Date;L\0cronExpressionq\0~\0	L\0jobIdt\0Ljava/lang/Long;L\0\nmethodNameq\0~\0	L\0paramsq\0~\0	L\0remarkq\0~\0	L\0statusq\0~\0	xpt\0testTasksr\0java.util.DatehjKYt\0\0xpw\0\0a\Ǧxt\00/10 * * * * ?sr\0java.lang.Long;\̏#\\0J\0valuexr\0java.lang.Number\\0\0xp\0\0\0\0\0\0\0t\0test1pt\0无参任务调度测试t\01x\0'),('MyScheduler','TASK_3','DEFAULT',NULL,'com.febs.quartz.util.ScheduleJob','0','0','0','0',_binary '\\0sr\0org.quartz.JobDataMap迩\\0\0xr\0&org.quartz.utils.StringKeyDirtyFlagMap\\\](\0Z\0allowsTransientDataxr\0org.quartz.utils.DirtyFlagMap\.(v\n\\0Z\0dirtyL\0mapt\0Ljava/util/Map;xpsr\0java.util.HashMap\\`\\0F\0\nloadFactorI\0	thresholdxp?@\0\0\0\0\0w\0\0\0\0\0\0t\0\rJOB_PARAM_KEYsr\0\Zcom.febs.quartz.domain.Job\0\0\0\0\0\0\0\0L\0beanNamet\0Ljava/lang/String;L\0\ncreateTimet\0Ljava/util/Date;L\0cronExpressionq\0~\0	L\0jobIdt\0Ljava/lang/Long;L\0\nmethodNameq\0~\0	L\0paramsq\0~\0	L\0remarkq\0~\0	L\0statusq\0~\0	xpt\0testTasksr\0java.util.DatehjKYt\0\0xpw\0\0a\q\Zxt\0\r0/1 * * * * ?sr\0java.lang.Long;\̏#\\0J\0valuexr\0java.lang.Number\\0\0xp\0\0\0\0\0\0\0t\0testt\0hello worldt\0+有参任务调度测试,每隔一秒触发t\01x\0');
/*!40000 ALTER TABLE `QRTZ_JOB_DETAILS` ENABLE KEYS */;
UNLOCK TABLES;

--
-- Table structure for table `QRTZ_LOCKS`
--

DROP TABLE IF EXISTS `QRTZ_LOCKS`;
/*!40101 SET @saved_cs_client     = @@character_set_client */;
/*!50503 SET character_set_client = utf8mb4 */;
CREATE TABLE `QRTZ_LOCKS` (
  `SCHED_NAME` varchar(120) NOT NULL,
  `LOCK_NAME` varchar(40) NOT NULL,
  PRIMARY KEY (`SCHED_NAME`,`LOCK_NAME`)
) ENGINE=InnoDB DEFAULT CHARSET=utf8;
/*!40101 SET character_set_client = @saved_cs_client */;

--
-- Dumping data for table `QRTZ_LOCKS`
--

LOCK TABLES `QRTZ_LOCKS` WRITE;
/*!40000 ALTER TABLE `QRTZ_LOCKS` DISABLE KEYS */;
INSERT INTO `QRTZ_LOCKS` VALUES ('MyScheduler','STATE_ACCESS'),('MyScheduler','TRIGGER_ACCESS');
/*!40000 ALTER TABLE `QRTZ_LOCKS` ENABLE KEYS */;
UNLOCK TABLES;

--
-- Table structure for table `QRTZ_PAUSED_TRIGGER_GRPS`
--

DROP TABLE IF EXISTS `QRTZ_PAUSED_TRIGGER_GRPS`;
/*!40101 SET @saved_cs_client     = @@character_set_client */;
/*!50503 SET character_set_client = utf8mb4 */;
CREATE TABLE `QRTZ_PAUSED_TRIGGER_GRPS` (
  `SCHED_NAME` varchar(120) NOT NULL,
  `TRIGGER_GROUP` varchar(200) NOT NULL,
  PRIMARY KEY (`SCHED_NAME`,`TRIGGER_GROUP`)
) ENGINE=InnoDB DEFAULT CHARSET=utf8;
/*!40101 SET character_set_client = @saved_cs_client */;

--
-- Dumping data for table `QRTZ_PAUSED_TRIGGER_GRPS`
--

LOCK TABLES `QRTZ_PAUSED_TRIGGER_GRPS` WRITE;
/*!40000 ALTER TABLE `QRTZ_PAUSED_TRIGGER_GRPS` DISABLE KEYS */;
/*!40000 ALTER TABLE `QRTZ_PAUSED_TRIGGER_GRPS` ENABLE KEYS */;
UNLOCK TABLES;

--
-- Table structure for table `QRTZ_SCHEDULER_STATE`
--

DROP TABLE IF EXISTS `QRTZ_SCHEDULER_STATE`;
/*!40101 SET @saved_cs_client     = @@character_set_client */;
/*!50503 SET character_set_client = utf8mb4 */;
CREATE TABLE `QRTZ_SCHEDULER_STATE` (
  `SCHED_NAME` varchar(120) NOT NULL,
  `INSTANCE_NAME` varchar(200) NOT NULL,
  `LAST_CHECKIN_TIME` bigint NOT NULL,
  `CHECKIN_INTERVAL` bigint NOT NULL,
  PRIMARY KEY (`SCHED_NAME`,`INSTANCE_NAME`)
) ENGINE=InnoDB DEFAULT CHARSET=utf8;
/*!40101 SET character_set_client = @saved_cs_client */;

--
-- Dumping data for table `QRTZ_SCHEDULER_STATE`
--

LOCK TABLES `QRTZ_SCHEDULER_STATE` WRITE;
/*!40000 ALTER TABLE `QRTZ_SCHEDULER_STATE` DISABLE KEYS */;
INSERT INTO `QRTZ_SCHEDULER_STATE` VALUES ('MyScheduler','localhost1605161708599',1605161743444,15000);
/*!40000 ALTER TABLE `QRTZ_SCHEDULER_STATE` ENABLE KEYS */;
UNLOCK TABLES;

--
-- Table structure for table `QRTZ_SIMPLE_TRIGGERS`
--

DROP TABLE IF EXISTS `QRTZ_SIMPLE_TRIGGERS`;
/*!40101 SET @saved_cs_client     = @@character_set_client */;
/*!50503 SET character_set_client = utf8mb4 */;
CREATE TABLE `QRTZ_SIMPLE_TRIGGERS` (
  `SCHED_NAME` varchar(120) NOT NULL,
  `TRIGGER_NAME` varchar(200) NOT NULL,
  `TRIGGER_GROUP` varchar(200) NOT NULL,
  `REPEAT_COUNT` bigint NOT NULL,
  `REPEAT_INTERVAL` bigint NOT NULL,
  `TIMES_TRIGGERED` bigint NOT NULL,
  PRIMARY KEY (`SCHED_NAME`,`TRIGGER_NAME`,`TRIGGER_GROUP`),
  CONSTRAINT `qrtz_simple_triggers_ibfk_1` FOREIGN KEY (`SCHED_NAME`, `TRIGGER_NAME`, `TRIGGER_GROUP`) REFERENCES `qrtz_triggers` (`SCHED_NAME`, `TRIGGER_NAME`, `TRIGGER_GROUP`)
) ENGINE=InnoDB DEFAULT CHARSET=utf8;
/*!40101 SET character_set_client = @saved_cs_client */;

--
-- Dumping data for table `QRTZ_SIMPLE_TRIGGERS`
--

LOCK TABLES `QRTZ_SIMPLE_TRIGGERS` WRITE;
/*!40000 ALTER TABLE `QRTZ_SIMPLE_TRIGGERS` DISABLE KEYS */;
/*!40000 ALTER TABLE `QRTZ_SIMPLE_TRIGGERS` ENABLE KEYS */;
UNLOCK TABLES;

--
-- Table structure for table `QRTZ_SIMPROP_TRIGGERS`
--

DROP TABLE IF EXISTS `QRTZ_SIMPROP_TRIGGERS`;
/*!40101 SET @saved_cs_client     = @@character_set_client */;
/*!50503 SET character_set_client = utf8mb4 */;
CREATE TABLE `QRTZ_SIMPROP_TRIGGERS` (
  `SCHED_NAME` varchar(120) NOT NULL,
  `TRIGGER_NAME` varchar(200) NOT NULL,
  `TRIGGER_GROUP` varchar(200) NOT NULL,
  `STR_PROP_1` varchar(512) DEFAULT NULL,
  `STR_PROP_2` varchar(512) DEFAULT NULL,
  `STR_PROP_3` varchar(512) DEFAULT NULL,
  `INT_PROP_1` int DEFAULT NULL,
  `INT_PROP_2` int DEFAULT NULL,
  `LONG_PROP_1` bigint DEFAULT NULL,
  `LONG_PROP_2` bigint DEFAULT NULL,
  `DEC_PROP_1` decimal(13,4) DEFAULT NULL,
  `DEC_PROP_2` decimal(13,4) DEFAULT NULL,
  `BOOL_PROP_1` varchar(1) DEFAULT NULL,
  `BOOL_PROP_2` varchar(1) DEFAULT NULL,
  PRIMARY KEY (`SCHED_NAME`,`TRIGGER_NAME`,`TRIGGER_GROUP`),
  CONSTRAINT `qrtz_simprop_triggers_ibfk_1` FOREIGN KEY (`SCHED_NAME`, `TRIGGER_NAME`, `TRIGGER_GROUP`) REFERENCES `qrtz_triggers` (`SCHED_NAME`, `TRIGGER_NAME`, `TRIGGER_GROUP`)
) ENGINE=InnoDB DEFAULT CHARSET=utf8;
/*!40101 SET character_set_client = @saved_cs_client */;

--
-- Dumping data for table `QRTZ_SIMPROP_TRIGGERS`
--

LOCK TABLES `QRTZ_SIMPROP_TRIGGERS` WRITE;
/*!40000 ALTER TABLE `QRTZ_SIMPROP_TRIGGERS` DISABLE KEYS */;
/*!40000 ALTER TABLE `QRTZ_SIMPROP_TRIGGERS` ENABLE KEYS */;
UNLOCK TABLES;

--
-- Table structure for table `QRTZ_TRIGGERS`
--

DROP TABLE IF EXISTS `QRTZ_TRIGGERS`;
/*!40101 SET @saved_cs_client     = @@character_set_client */;
/*!50503 SET character_set_client = utf8mb4 */;
CREATE TABLE `QRTZ_TRIGGERS` (
  `SCHED_NAME` varchar(120) NOT NULL,
  `TRIGGER_NAME` varchar(200) NOT NULL,
  `TRIGGER_GROUP` varchar(200) NOT NULL,
  `JOB_NAME` varchar(200) NOT NULL,
  `JOB_GROUP` varchar(200) NOT NULL,
  `DESCRIPTION` varchar(250) DEFAULT NULL,
  `NEXT_FIRE_TIME` bigint DEFAULT NULL,
  `PREV_FIRE_TIME` bigint DEFAULT NULL,
  `PRIORITY` int DEFAULT NULL,
  `TRIGGER_STATE` varchar(16) NOT NULL,
  `TRIGGER_TYPE` varchar(8) NOT NULL,
  `START_TIME` bigint NOT NULL,
  `END_TIME` bigint DEFAULT NULL,
  `CALENDAR_NAME` varchar(200) DEFAULT NULL,
  `MISFIRE_INSTR` smallint DEFAULT NULL,
  `JOB_DATA` blob,
  PRIMARY KEY (`SCHED_NAME`,`TRIGGER_NAME`,`TRIGGER_GROUP`)
) ENGINE=InnoDB DEFAULT CHARSET=utf8;
/*!40101 SET character_set_client = @saved_cs_client */;

--
-- Dumping data for table `QRTZ_TRIGGERS`
--

LOCK TABLES `QRTZ_TRIGGERS` WRITE;
/*!40000 ALTER TABLE `QRTZ_TRIGGERS` DISABLE KEYS */;
INSERT INTO `QRTZ_TRIGGERS` VALUES ('MyScheduler','TASK_1','DEFAULT','TASK_1','DEFAULT',NULL,1605161709000,-1,5,'PAUSED','CRON',1605161709000,0,NULL,2,''),('MyScheduler','TASK_11','DEFAULT','TASK_11','DEFAULT',NULL,1605161710000,-1,5,'PAUSED','CRON',1605161709000,0,NULL,2,''),('MyScheduler','TASK_2','DEFAULT','TASK_2','DEFAULT',NULL,1605161710000,-1,5,'PAUSED','CRON',1605161709000,0,NULL,2,''),('MyScheduler','TASK_3','DEFAULT','TASK_3','DEFAULT',NULL,1605161709000,-1,5,'PAUSED','CRON',1605161709000,0,NULL,2,'');
/*!40000 ALTER TABLE `QRTZ_TRIGGERS` ENABLE KEYS */;
UNLOCK TABLES;

--
-- Table structure for table `t_article`
--

DROP TABLE IF EXISTS `t_article`;
/*!40101 SET @saved_cs_client     = @@character_set_client */;
/*!50503 SET character_set_client = utf8mb4 */;
CREATE TABLE `t_article` (
  `id` int NOT NULL AUTO_INCREMENT,
  `category_ids` varchar(100) DEFAULT NULL COMMENT '分类',
  `title` varchar(100) DEFAULT NULL,
  `slug` varchar(120) DEFAULT NULL COMMENT 'slug',
  `meta_description` varchar(100) DEFAULT NULL COMMENT 'seo description',
  `meta_keywords` varchar(100) DEFAULT NULL COMMENT 'seo keywords',
  `author` varchar(45) DEFAULT NULL COMMENT '作者',
  `thumbnail` varchar(150) DEFAULT NULL COMMENT '缩略图',
  `seq_num` int DEFAULT NULL,
  `user_id` int DEFAULT NULL COMMENT '用户id',
  `template` varchar(100) DEFAULT NULL COMMENT '文章模板',
  `summary` text COMMENT '摘要',
  `content` text,
  `tags` varchar(100) DEFAULT NULL COMMENT '标签冗余字段',
  `view_count` int DEFAULT '0' COMMENT '阅读次数',
  `article_status` char(1) DEFAULT NULL COMMENT '状态 0锁定 1有效',
  `is_recommend` char(1) DEFAULT NULL COMMENT '是否推荐 0否 1是',
  `create_time` datetime DEFAULT NULL,
  PRIMARY KEY (`id`)
) ENGINE=InnoDB AUTO_INCREMENT=35 DEFAULT CHARSET=utf8;
/*!40101 SET character_set_client = @saved_cs_client */;

--
-- Dumping data for table `t_article`
--

LOCK TABLES `t_article` WRITE;
/*!40000 ALTER TABLE `t_article` DISABLE KEYS */;
INSERT INTO `t_article` VALUES (1,'22','wwer写经验交流材料的技巧全在这了！','myarticletest','wwer写经验珍珠是用黑糖熬制的，要熬整整四个小时才行，每熬一锅黑糖只能做出40杯奶茶，好味，是值得等待的。','sssee','admin','/layuiNetCompany/res/static/img/news_img1.jpg',2,1,'article.html','找老婆要找爱发脾气的女人。永远不会发脾气的女人就如同一杯白开水，解渴，却无味。而发脾气的女人正如烈酒般，刺激而令人无法忘怀。 我的内容测试输入。','<p>fdsafdsafdsa</p>','技术交流,工程心德',0,'1',NULL,'2018-01-04 15:42:29'),(2,'22','33脾气fdsfds好读读这篇文章','tes23','ffdsfds','fdfdsa','admin','/layuiNetCompany/res/static/img/news_img1.jpg',2,1,'article.html','看不到您的原稿，这样对空发议论，估计对您的指导性是不大的。建议您将原稿贴出来，好让老师们针对指导。这里简单给出意见：','<p>aaaa</p>','',11,'1',NULL,'2018-01-04 15:42:29'),(3,'21,22','22脾气不好的妈妈好好读读这篇文章','tes','cccc','aaa','admin','/layuiNetCompany/res/static/img/news_img1.jpg',3,1,'article.html','在日常的工作中，不知道大家有没有遇到以下这些问题：面对这样的问题，我养成了一个习惯就是每天写工作计划。想在此与大家分享，希望对你们有所帮助','<table style=\"border-collapse:collapse; width:100%\"> \n <tbody> \n  <tr> \n   <td style=\"width:33.3333%\">ttty</td> \n   <td style=\"width:33.3333%\">l0000</td> \n   <td style=\"width:33.3333%\">&nbsp;</td> \n  </tr> \n  <tr> \n   <td style=\"width:33.3333%\">ioio</td> \n   <td style=\"width:33.3333%\">&nbsp;</td> \n   <td style=\"width:33.3333%\">555</td> \n  </tr> \n </tbody> \n</table> \n<p>&nbsp; &nbsp; &nbsp; &nbsp; &nbsp; &nbsp;</p> \n<p>uiui lllll &nbsp; oo98</p> \n<p>piop &nbsp; &nbsp; jojlk</p> \n<p>&nbsp; &nbsp;gjlgljkhk</p> \n<p>aa &nbsp; &nbsp; &nbsp; fff &nbsp; dfdsa &nbsp; &nbsp; ddd ssss &nbsp; ddd ss &nbsp;</p> \n<p>eeeeeegggghhhffff</p> \n<p>aafdsafdsafdsafdsa556788¤</p>','',0,'1',NULL,'2020-02-05 10:40:17'),(4,'4','写经验交流材料的技巧全在这了！',NULL,'写经验交流材料的技巧全在这了！','写经验交流材料的技巧全在这了！','admin','/layuiNetCompany/res/static/img/news_img1.jpg',4,1,'article.html','有些人再好，如果他不属于你，就什么用也没有。别再为一个得不到的人辗转难眠，你熬夜到天亮，对他来说也无关痛痒。','<p><a style=\"color: #555555; text-decoration-line: none; outline: 0px; display: block; font-size: 20px; line-height: 30px; overflow: hidden; text-overflow: ellipsis; white-space: nowrap; font-family: \'Helvetica Neue\', Helvetica, \'PingFang SC\', Tahoma, Arial, sans-serif; font-weight: bold; background-color: #ffffff;\" rel=\"nofollow\">写经验交流材料的技巧全在这了！</a><a style=\"color: #555555; text-decoration-line: none; outline: 0px; line-height: 30px; overflow: hidden; text-overflow: ellipsis; font-weight: bold; background-color: #ffffff; display: inline !important;\" rel=\"nofollow\">写经验交流材料的技巧全在这了！&nbsp;</a><a style=\"color: #555555; text-decoration-line: none; outline: 0px; line-height: 30px; overflow: hidden; text-overflow: ellipsis; font-weight: bold; background-color: #ffffff; display: inline !important;\" rel=\"nofollow\">写经验交流材料的技巧全在这了！&nbsp;</a><a style=\"color: #555555; text-decoration-line: none; outline: 0px; line-height: 30px; overflow: hidden; text-overflow: ellipsis; font-weight: bold; background-color: #ffffff; display: inline !important;\" rel=\"nofollow\">写经验交流材料的技巧全在这了！&nbsp;</a><a style=\"color: #555555; text-decoration-line: none; outline: 0px; line-height: 30px; overflow: hidden; text-overflow: ellipsis; font-weight: bold; background-color: #ffffff; display: inline !important;\" rel=\"nofollow\">写经验交流材料的技巧全在这了！&nbsp;</a><a style=\"color: #555555; text-decoration-line: none; outline: 0px; line-height: 30px; overflow: hidden; text-overflow: ellipsis; font-weight: bold; background-color: #ffffff; display: inline !important;\" rel=\"nofollow\">写经验交流材料的技巧全在这了！&nbsp;</a><a style=\"color: #555555; text-decoration-line: none; outline: 0px; line-height: 30px; overflow: hidden; text-overflow: ellipsis; font-weight: bold; background-color: #ffffff; display: inline !important;\" rel=\"nofollow\">写经验交流材料的技巧全在这了！&nbsp;</a></p>',NULL,0,'1',NULL,'2020-02-13 00:43:11'),(5,'4','建议您将原稿贴出来，好让老师们针对指导',NULL,'建议您将原稿贴出来，好让老师们针对指导','建议您将原稿贴出来，好让老师们针对指导','admin','/layuiNetCompany/res/static/img/news_img1.jpg',5,1,'article.html','一个母亲要是控制不了自己的情绪，会发生多可怕的事情？去年一个9岁的男孩，因为弄丢了手机，遭受了亲妈捆绑殴打一整晚，第二天再也没能睁开眼睛。','<p>&nbsp;</p>\r\n<p><span style=\"color: #777777; font-family: \'Helvetica Neue\', Helvetica, \'PingFang SC\', Tahoma, Arial, sans-serif; background-color: #ffffff;\">建议您将原稿贴出来，好让老师们针对指导</span></p>',NULL,0,'1',NULL,'2020-02-13 00:44:20'),(6,'4','经验分享：我是如何做好每日计划的',NULL,'经验分享：我是如何做好每日计划的','经验分享：我是如何做好每日计划的','admin','/layuiNetCompany/res/static/img/news_img1.jpg',6,1,'article.html','孩子正处于长身体的重要阶段，对于营养的需求自然不小。很多家长怕孩子半夜饿，喜欢在睡前补充一些食物。','<p><strong style=\"color: #000000; font-family: \'Helvetica Neue\', Helvetica, \'PingFang SC\', Tahoma, Arial, sans-serif; background-color: #ffffff;\"><a style=\"color: #555555; text-decoration-line: none; outline: 0px; display: block; font-size: 20px; line-height: 30px; overflow: hidden; text-overflow: ellipsis; white-space: nowrap;\" rel=\"nofollow\"><br>经验分享：我是如何做好每日计划的</a></strong><strong style=\"color: #000000; font-family: \'Helvetica Neue\', Helvetica, \'PingFang SC\', Tahoma, Arial, sans-serif; background-color: #ffffff;\"><a style=\"color: #555555; text-decoration-line: none; outline: 0px; display: block; font-size: 20px; line-height: 30px; overflow: hidden; text-overflow: ellipsis; white-space: nowrap;\" rel=\"nofollow\"><br></a></strong><strong style=\"color: #000000; font-family: \'Helvetica Neue\', Helvetica, \'PingFang SC\', Tahoma, Arial, sans-serif; background-color: #ffffff;\"><a style=\"color: #555555; text-decoration-line: none; outline: 0px; line-height: 30px; overflow: hidden; text-overflow: ellipsis; display: inline !important;\" rel=\"nofollow\">经验分享：我是如何做好每日计划的</a></strong><strong style=\"color: #000000; font-family: \'Helvetica Neue\', Helvetica, \'PingFang SC\', Tahoma, Arial, sans-serif; background-color: #ffffff;\"><a style=\"color: #555555; text-decoration-line: none; outline: 0px; display: block; font-size: 20px; line-height: 30px; overflow: hidden; text-overflow: ellipsis; white-space: nowrap;\" rel=\"nofollow\"><br></a></strong><strong style=\"color: #000000; font-family: \'Helvetica Neue\', Helvetica, \'PingFang SC\', Tahoma, Arial, sans-serif; background-color: #ffffff;\"><a style=\"color: #555555; text-decoration-line: none; outline: 0px; line-height: 30px; overflow: hidden; text-overflow: ellipsis; display: inline !important;\" rel=\"nofollow\">经验分享：我是如何做好每日计划的</a></strong><strong style=\"color: #000000; font-family: \'Helvetica Neue\', Helvetica, \'PingFang SC\', Tahoma, Arial, sans-serif; background-color: #ffffff;\"><a style=\"color: #555555; text-decoration-line: none; outline: 0px; display: block; font-size: 20px; line-height: 30px; overflow: hidden; text-overflow: ellipsis; white-space: nowrap;\" rel=\"nofollow\"><br></a></strong><strong style=\"color: #000000; font-family: \'Helvetica Neue\', Helvetica, \'PingFang SC\', Tahoma, Arial, sans-serif; background-color: #ffffff;\"><a style=\"color: #555555; text-decoration-line: none; outline: 0px; line-height: 30px; overflow: hidden; text-overflow: ellipsis; display: inline !important;\" rel=\"nofollow\">经验分享：我是如何做好每日计划的</a></strong><strong style=\"color: #000000; font-family: \'Helvetica Neue\', Helvetica, \'PingFang SC\', Tahoma, Arial, sans-serif; background-color: #ffffff;\"><a style=\"color: #555555; text-decoration-line: none; outline: 0px; display: block; font-size: 20px; line-height: 30px; overflow: hidden; text-overflow: ellipsis; white-space: nowrap;\" rel=\"nofollow\"><br></a></strong><strong style=\"color: #000000; font-family: \'Helvetica Neue\', Helvetica, \'PingFang SC\', Tahoma, Arial, sans-serif; background-color: #ffffff;\"><a style=\"color: #555555; text-decoration-line: none; outline: 0px; line-height: 30px; overflow: hidden; text-overflow: ellipsis; display: inline !important;\" rel=\"nofollow\">经验分享：我是如何做好每日计划的</a></strong><strong style=\"color: #000000; font-family: \'Helvetica Neue\', Helvetica, \'PingFang SC\', Tahoma, Arial, sans-serif; background-color: #ffffff;\"><a style=\"color: #555555; text-decoration-line: none; outline: 0px; display: block; font-size: 20px; line-height: 30px; overflow: hidden; text-overflow: ellipsis; white-space: nowrap;\" rel=\"nofollow\"><br></a></strong><strong style=\"color: #000000; font-family: \'Helvetica Neue\', Helvetica, \'PingFang SC\', Tahoma, Arial, sans-serif; background-color: #ffffff;\"><a style=\"color: #555555; text-decoration-line: none; outline: 0px; line-height: 30px; overflow: hidden; text-overflow: ellipsis; display: inline !important;\" rel=\"nofollow\">经验分享：我是如何做好每日计划的</a></strong></p>',NULL,12,'1',NULL,'2020-02-13 00:45:30'),(7,'4','养女儿，一定要让她漂亮！',NULL,'养女儿，一定要让她漂亮！','养女儿，一定要让她漂亮！','admin','/layuiNetCompany/res/static/img/news_img1.jpg',7,1,'article.html','闹市街头，一位爸爸领着一对双胞胎女儿吸引住了我的目光。','<p><strong style=\"color: #000000; font-family: \'Helvetica Neue\', Helvetica, \'PingFang SC\', Tahoma, Arial, sans-serif; background-color: #ffffff;\"><a style=\"color: #555555; text-decoration-line: none; outline: 0px; display: block; font-size: 20px; line-height: 30px; overflow: hidden; text-overflow: ellipsis; white-space: nowrap;\" rel=\"nofollow\"><br>养女儿，一定要让她漂亮！</a></strong><strong style=\"color: #000000; font-family: \'Helvetica Neue\', Helvetica, \'PingFang SC\', Tahoma, Arial, sans-serif; background-color: #ffffff;\"><a style=\"color: #555555; text-decoration-line: none; outline: 0px; display: block; font-size: 20px; line-height: 30px; overflow: hidden; text-overflow: ellipsis; white-space: nowrap;\" rel=\"nofollow\"><br></a></strong><strong style=\"color: #000000; font-family: \'Helvetica Neue\', Helvetica, \'PingFang SC\', Tahoma, Arial, sans-serif; background-color: #ffffff;\"><a style=\"color: #555555; text-decoration-line: none; outline: 0px; line-height: 30px; overflow: hidden; text-overflow: ellipsis; display: inline !important;\" rel=\"nofollow\">养女儿，一定要让她漂亮！</a></strong><strong style=\"color: #000000; font-family: \'Helvetica Neue\', Helvetica, \'PingFang SC\', Tahoma, Arial, sans-serif; background-color: #ffffff;\"><a style=\"color: #555555; text-decoration-line: none; outline: 0px; display: block; font-size: 20px; line-height: 30px; overflow: hidden; text-overflow: ellipsis; white-space: nowrap;\" rel=\"nofollow\"><br></a></strong><strong style=\"color: #000000; font-family: \'Helvetica Neue\', Helvetica, \'PingFang SC\', Tahoma, Arial, sans-serif; background-color: #ffffff;\"><a style=\"color: #555555; text-decoration-line: none; outline: 0px; line-height: 30px; overflow: hidden; text-overflow: ellipsis; display: inline !important;\" rel=\"nofollow\">养女儿，一定要让她漂亮！</a></strong><strong style=\"color: #000000; font-family: \'Helvetica Neue\', Helvetica, \'PingFang SC\', Tahoma, Arial, sans-serif; background-color: #ffffff;\"><a style=\"color: #555555; text-decoration-line: none; outline: 0px; display: block; font-size: 20px; line-height: 30px; overflow: hidden; text-overflow: ellipsis; white-space: nowrap;\" rel=\"nofollow\"><br></a></strong><strong style=\"color: #000000; font-family: \'Helvetica Neue\', Helvetica, \'PingFang SC\', Tahoma, Arial, sans-serif; background-color: #ffffff;\"><a style=\"color: #555555; text-decoration-line: none; outline: 0px; line-height: 30px; overflow: hidden; text-overflow: ellipsis; display: inline !important;\" rel=\"nofollow\">养女儿，一定要让她漂亮！</a></strong><strong style=\"color: #000000; font-family: \'Helvetica Neue\', Helvetica, \'PingFang SC\', Tahoma, Arial, sans-serif; background-color: #ffffff;\"><a style=\"color: #555555; text-decoration-line: none; outline: 0px; display: block; font-size: 20px; line-height: 30px; overflow: hidden; text-overflow: ellipsis; white-space: nowrap;\" rel=\"nofollow\"><br></a></strong><strong style=\"color: #000000; font-family: \'Helvetica Neue\', Helvetica, \'PingFang SC\', Tahoma, Arial, sans-serif; background-color: #ffffff;\"><a style=\"color: #555555; text-decoration-line: none; outline: 0px; line-height: 30px; overflow: hidden; text-overflow: ellipsis; display: inline !important;\" rel=\"nofollow\">养女儿，一定要让她漂亮！</a></strong></p>',NULL,0,'1',NULL,'2020-02-13 00:47:32'),(8,'4','见好友在同一趟高铁 粗心男子“串门”聊天',NULL,'见好友在同一趟高铁 粗心男子“串门”聊天','见好友在同一趟高铁 粗心男子“串门”聊天','admin','/layuiNetCompany/res/static/img/news_img1.jpg',8,1,'article.html','两个女儿五六岁，长得像天使一般动人。让人遗憾的是，家长给他们穿的衣服---大妈们买菜或做饭时穿的长袍式的家居服','<p><a style=\"color: #555555; text-decoration-line: none; outline: 0px; display: block; font-size: 20px; line-height: 30px; overflow: hidden; text-overflow: ellipsis; white-space: nowrap; font-family: \'Helvetica Neue\', Helvetica, \'PingFang SC\', Tahoma, Arial, sans-serif; font-weight: bold; background-color: #ffffff;\" rel=\"nofollow\">见好友在同一趟高铁 粗心男子“串门”聊天</a><a style=\"color: #555555; text-decoration-line: none; outline: 0px; line-height: 30px; overflow: hidden; text-overflow: ellipsis; font-weight: bold; background-color: #ffffff; display: inline !important;\" rel=\"nofollow\">见好友在同一趟高铁 粗心男子“串门”聊天</a><a style=\"color: #555555; text-decoration-line: none; outline: 0px; line-height: 30px; overflow: hidden; text-overflow: ellipsis; font-weight: bold; background-color: #ffffff; display: inline !important;\" rel=\"nofollow\">见好友在同一趟高铁 粗心男子“串门”聊天</a><a style=\"color: #555555; text-decoration-line: none; outline: 0px; line-height: 30px; overflow: hidden; text-overflow: ellipsis; font-weight: bold; background-color: #ffffff; display: inline !important;\" rel=\"nofollow\">见好友在同一趟高铁 粗心男子“串门”聊天</a><a style=\"color: #555555; text-decoration-line: none; outline: 0px; line-height: 30px; overflow: hidden; text-overflow: ellipsis; font-weight: bold; background-color: #ffffff; display: inline !important;\" rel=\"nofollow\">见好友在同一趟高铁 粗心男子“串门”聊天</a></p>\r\n<p><a style=\"color: #555555; text-decoration-line: none; outline: 0px; display: block; font-size: 20px; line-height: 30px; overflow: hidden; text-overflow: ellipsis; white-space: nowrap; font-family: \'Helvetica Neue\', Helvetica, \'PingFang SC\', Tahoma, Arial, sans-serif; font-weight: bold; background-color: #ffffff;\" rel=\"nofollow\">见好友在同一趟高铁 粗心男子“串门”聊天</a></p>\r\n<p><a style=\"color: #555555; text-decoration-line: none; outline: 0px; display: block; font-size: 20px; line-height: 30px; overflow: hidden; text-overflow: ellipsis; white-space: nowrap; font-family: \'Helvetica Neue\', Helvetica, \'PingFang SC\', Tahoma, Arial, sans-serif; font-weight: bold; background-color: #ffffff;\" rel=\"nofollow\">见好友在同一趟高铁 粗心男子“串门”聊天</a></p>',NULL,0,'1',NULL,'2020-02-13 00:48:35'),(9,'4','写经验交流材料的技巧全在这了！',NULL,'写经验交流材料的技巧全在这了！','写经验交流材料的技巧全在这了！','admin','/layuiNetCompany/res/static/img/news_img1.jpg',9,1,'article.html','出门在外若发现好友在同一趟高铁邂逅，你会如何做？近日，一男子上高铁后，打电话给一位久未联系好友，竟然得知出行乘坐同一趟车。于是，该男子兴奋地“串门”。','<p><strong style=\"color: #000000; font-family: \'Helvetica Neue\', Helvetica, \'PingFang SC\', Tahoma, Arial, sans-serif; background-color: #ffffff;\"><a style=\"color: #555555; text-decoration-line: none; outline: 0px; display: block; font-size: 20px; line-height: 30px; overflow: hidden; text-overflow: ellipsis; white-space: nowrap;\" rel=\"nofollow\"><br>写经验交流材料的技巧全在这了！</a></strong></p>\r\n<p><strong style=\"color: #000000; font-family: \'Helvetica Neue\', Helvetica, \'PingFang SC\', Tahoma, Arial, sans-serif; background-color: #ffffff;\"><a style=\"color: #555555; text-decoration-line: none; outline: 0px; display: block; font-size: 20px; line-height: 30px; overflow: hidden; text-overflow: ellipsis; white-space: nowrap;\" rel=\"nofollow\"><br>写经验交流材料的技巧全在这了！</a></strong></p>\r\n<p><strong style=\"color: #000000; font-family: \'Helvetica Neue\', Helvetica, \'PingFang SC\', Tahoma, Arial, sans-serif; background-color: #ffffff;\"><a style=\"color: #555555; text-decoration-line: none; outline: 0px; display: block; font-size: 20px; line-height: 30px; overflow: hidden; text-overflow: ellipsis; white-space: nowrap;\" rel=\"nofollow\"><br>写经验交流材料的技巧全在这了！</a></strong></p>\r\n<p><strong style=\"color: #000000; font-family: \'Helvetica Neue\', Helvetica, \'PingFang SC\', Tahoma, Arial, sans-serif; background-color: #ffffff;\"><a style=\"color: #555555; text-decoration-line: none; outline: 0px; display: block; font-size: 20px; line-height: 30px; overflow: hidden; text-overflow: ellipsis; white-space: nowrap;\" rel=\"nofollow\"><br>写经验交流材料的技巧全在这了！</a></strong></p>\r\n<p><strong style=\"color: #000000; font-family: \'Helvetica Neue\', Helvetica, \'PingFang SC\', Tahoma, Arial, sans-serif; background-color: #ffffff;\"><a style=\"color: #555555; text-decoration-line: none; outline: 0px; display: block; font-size: 20px; line-height: 30px; overflow: hidden; text-overflow: ellipsis; white-space: nowrap;\" rel=\"nofollow\"><br>写经验交流材料的技巧全在这了！</a></strong></p>',NULL,0,'1',NULL,'2020-02-13 00:49:34'),(10,'21','脾气不好的妈妈好好读读这篇文章','piqbhdmmhhddzpwz','脾气不好的妈妈好好读读这篇文章','脾气不好的妈妈好好读读这篇文章','admin','/layuiNetCompany/res/static/img/news_img1.jpg',1,1,'article.html','找老婆要找爱发脾气的女人。永远不会发脾气的女人就如同一杯白开水，解渴，却无味。而发脾气的女人正如烈酒般，刺激而令人无法忘怀。','<p>&nbsp;</p>\r\n\r\n<p><span style=\"font-size:10px\">北极光的制作，需要300g葡萄来完成，要选用最新鲜的葡萄，才能做出最灿烂的北极光。满满一瓶葡萄，看着就让人倍感满足。喝之前，要先摇9下，才能喝出最好的果味。晨曦的寓意是，清晨的阳光。要用到一整颗百香果的晨曦，喝起来酸酸甜甜，果味浓郁。晨曦喝起来果味极浓，不仅仅有百香果，还有芒果、橙汁...的味道，十分清新，彷佛夏日的一抹凉风！</span></p>\r\n','脾气,性格,育儿',15,'1',NULL,'2020-02-13 00:50:32'),(11,'4','一直在你身边对你好，你却没有发现。',NULL,'一直在你身边对你好，你却没有发现。','一直在你身边对你好，你却没有发现。','admin','/layuiNetCompany/res/static/img/news_img1.jpg',2,1,'article.html','看不到您的原稿，这样对空发议论，估计对您的指导性是不大的。建议您将原稿贴出来，好让老师们针对指导。这里简单给出意见：','<p><a style=\"color: #555555; text-decoration-line: none; outline: 0px; display: block; font-size: 20px; line-height: 30px; overflow: hidden; text-overflow: ellipsis; white-space: nowrap; font-family: \'Helvetica Neue\', Helvetica, \'PingFang SC\', Tahoma, Arial, sans-serif; font-weight: bold; background-color: #ffffff;\" rel=\"nofollow\">一直在你身边对你好，你却没有发现。</a></p>\r\n<p><a style=\"color: #555555; text-decoration-line: none; outline: 0px; display: block; font-size: 20px; line-height: 30px; overflow: hidden; text-overflow: ellipsis; white-space: nowrap; font-family: \'Helvetica Neue\', Helvetica, \'PingFang SC\', Tahoma, Arial, sans-serif; font-weight: bold; background-color: #ffffff;\" rel=\"nofollow\">一直在你身边对你好，你却没有发现。</a></p>\r\n<p><a style=\"color: #555555; text-decoration-line: none; outline: 0px; display: block; font-size: 20px; line-height: 30px; overflow: hidden; text-overflow: ellipsis; white-space: nowrap; font-family: \'Helvetica Neue\', Helvetica, \'PingFang SC\', Tahoma, Arial, sans-serif; font-weight: bold; background-color: #ffffff;\" rel=\"nofollow\">一直在你身边对你好，你却没有发现。</a></p>\r\n<p><a style=\"color: #555555; text-decoration-line: none; outline: 0px; display: block; font-size: 20px; line-height: 30px; overflow: hidden; text-overflow: ellipsis; white-space: nowrap; font-family: \'Helvetica Neue\', Helvetica, \'PingFang SC\', Tahoma, Arial, sans-serif; font-weight: bold; background-color: #ffffff;\" rel=\"nofollow\">一直在你身边对你好，你却没有发现。</a></p>\r\n<p><a style=\"color: #555555; text-decoration-line: none; outline: 0px; display: block; font-size: 20px; line-height: 30px; overflow: hidden; text-overflow: ellipsis; white-space: nowrap; font-family: \'Helvetica Neue\', Helvetica, \'PingFang SC\', Tahoma, Arial, sans-serif; font-weight: bold; background-color: #ffffff;\" rel=\"nofollow\">一直在你身边对你好，你却没有发现。</a></p>',NULL,0,'1',NULL,'2020-02-13 00:51:23'),(12,'20','名牌工厂店1','mingpghd','一家工厂企业的商品展示网站，主要以卖高端服饰为主。主要以卖高端服饰为主。主要以卖高端服饰为主。','ff','admin','/layuiNetCompany/res/static/img/case1.jpg',3,1,'article.html','一家工厂企业的商品展示网站，主要以卖高端服饰为主。主要以卖高端服饰为主。主要以卖高端服饰为主。','<p><span style=\"font-size:14px\"><span style=\"color:#e74c3c\">一家工厂企业的商品展示网站，主要以卖高端服饰为主。主要以卖高端服饰为主。主要以卖高端服饰为主。一家工厂企业的商品展示网站，主要以卖高端服饰为主。主要以卖高端服饰为主。主要以卖高端服饰为主。一家工厂企业的商品展示网站，主要以卖高端服饰为主。主要以卖高端服饰为主。主要以卖高端服饰为主。一家工厂企业的商品展示网站，主</span><span style=\"color:#2c3e50\">要以卖高端服饰为主。主要以卖高端服饰为主。主要以卖高端服饰为主。一家工厂企业的商品展示网站，主要以卖高端服饰为主。主要以卖高端服饰为主。主要以卖高端服饰为主。一家工厂企业的商品展示网站，主要以卖高端服饰为主。主要以卖高端服饰为主。主要以卖高端服饰为主。</span></span></p>\r\n','',121,'1',NULL,'2020-02-13 08:17:13'),(13,'5','名牌工厂店2',NULL,'一家工厂企业的商品展示网站，主要以卖高端服饰为主。主要以卖高端服饰为主。主要以卖高端服饰为主。','dd','admin','/layuiNetCompany/res/static/img/case2.jpg',4,1,'article.html','一家工厂企业的商品展示网站，主要以卖高端服饰为主。主要以卖高端服饰为主。主要以卖高端服饰为主。','<p style=\"margin-top: 0px; margin-bottom: 0px; font-variant-numeric: normal; font-variant-east-asian: normal; font-stretch: normal; font-size: 12px; line-height: normal; font-family: Helvetica; color: #000000;\">一家工厂企业的商品展示网站，主要以卖高端服饰为主。主要以卖高端服饰为主。主要以卖高端服饰为主。<span style=\"color: #000000;\">一家工厂企业的商品展示网站，主要以卖高端服饰为主。主要以卖高端服饰为主。主要以卖高端服饰为主。</span><span style=\"color: #000000;\">一家工厂企业的商品展示网站，主要以卖高端服饰为主。主要以卖高端服饰为主。主要以卖高端服饰为主。</span><span style=\"color: #000000;\">一家工厂企业的商品展示网站，主要以卖高端服饰为主。主要以卖高端服饰为主。主要以卖高端服饰为主。</span><span style=\"color: #000000;\">一家工厂企业的商品展示网站，主要以卖高端服饰为主。主要以卖高端服饰为主。主要以卖高端服饰为主。</span><span style=\"color: #000000;\">一家工厂企业的商品展示网站，主要以卖高端服饰为主。主要以卖高端服饰为主。主要以卖高端服饰为主。</span></p>',NULL,0,'1',NULL,'2020-02-13 08:17:13'),(14,'5','名牌工厂店3',NULL,'一家工厂企业的商品展示网站，主要以卖高端服饰为主。主要以卖高端服饰为主。主要以卖高端服饰为主。','ee','admin','/layuiNetCompany/res/static/img/case3.jpg',5,1,'article.html','一家工厂企业的商品展示网站，主要以卖高端服饰为主。主要以卖高端服饰为主。主要以卖高端服饰为主。','<p style=\"margin-top: 0px; margin-bottom: 0px; font-variant-numeric: normal; font-variant-east-asian: normal; font-stretch: normal; font-size: 12px; line-height: normal; font-family: Helvetica; color: #000000;\">一家工厂企业的商品展示网站，主要以卖高端服饰为主。主要以卖高端服饰为主。主要以卖高端服饰为主。<span style=\"color: #000000;\">一家工厂企业的商品展示网站，主要以卖高端服饰为主。主要以卖高端服饰为主。主要以卖高端服饰为主。</span><span style=\"color: #000000;\">一家工厂企业的商品展示网站，主要以卖高端服饰为主。主要以卖高端服饰为主。主要以卖高端服饰为主。</span><span style=\"color: #000000;\">一家工厂企业的商品展示网站，主要以卖高端服饰为主。主要以卖高端服饰为主。主要以卖高端服饰为主。</span><span style=\"color: #000000;\">一家工厂企业的商品展示网站，主要以卖高端服饰为主。主要以卖高端服饰为主。主要以卖高端服饰为主。</span><span style=\"color: #000000;\">一家工厂企业的商品展示网站，主要以卖高端服饰为主。主要以卖高端服饰为主。主要以卖高端服饰为主。</span></p>',NULL,0,'1',NULL,'2020-02-13 08:17:13'),(15,'5','名牌工厂店4',NULL,'一家工厂企业的商品展示网站，主要以卖高端服饰为主。主要以卖高端服饰为主。主要以卖高端服饰为主。','aa','admin','/layuiNetCompany/res/static/img/case4.jpg',6,1,'article.html','一家工厂企业的商品展示网站，主要以卖高端服饰为主。主要以卖高端服饰为主。主要以卖高端服饰为主。','<p style=\"margin-top: 0px; margin-bottom: 0px; font-variant-numeric: normal; font-variant-east-asian: normal; font-stretch: normal; font-size: 12px; line-height: normal; font-family: Helvetica; color: #000000;\">一家工厂企业的商品展示网站，主要以卖高端服饰为主。主要以卖高端服饰为主。主要以卖高端服饰为主。<span style=\"color: #000000;\">一家工厂企业的商品展示网站，主要以卖高端服饰为主。主要以卖高端服饰为主。主要以卖高端服饰为主。</span><span style=\"color: #000000;\">一家工厂企业的商品展示网站，主要以卖高端服饰为主。主要以卖高端服饰为主。主要以卖高端服饰为主。</span><span style=\"color: #000000;\">一家工厂企业的商品展示网站，主要以卖高端服饰为主。主要以卖高端服饰为主。主要以卖高端服饰为主。</span><span style=\"color: #000000;\">一家工厂企业的商品展示网站，主要以卖高端服饰为主。主要以卖高端服饰为主。主要以卖高端服饰为主。</span><span style=\"color: #000000;\">一家工厂企业的商品展示网站，主要以卖高端服饰为主。主要以卖高端服饰为主。主要以卖高端服饰为主。</span></p>',NULL,0,'1',NULL,'2020-02-13 08:17:13'),(16,'21','名牌工厂店5','','一家工厂企业的商品展示网站，主要以卖高端服饰为主。主要以卖高端服饰为主。主要以卖高端服饰为主。','ff','admin','/layuiNetCompany/res/static/img/case5.jpg',7,1,'article.html','一家工厂企业的商品展示网站，主要以卖高端服饰为主。主要以卖高端服饰为主。主要以卖高端服饰为主。','<p>一家工厂企业的商品展示网站，主要以卖高端服饰为主。主要以卖高端服饰为主。主要以卖高端服饰为主。<span style=\"color:#000000\">一家工厂企业的商品展示网站，主要以卖高端服饰为主。主要以卖高端服饰为主。主要以卖高端服饰为主。</span><span style=\"color:#000000\">一家工厂企业的商品展示网站，主要以卖高端服饰为主。主要以卖高端服饰为主。主要以卖高端服饰为主。</span><span style=\"color:#000000\">一家工厂企业的商品展示网站，主要以卖高端服饰为主。主要以卖高端服饰为主。主要以卖高端服饰为主。</span><span style=\"color:#000000\">一家工厂企业的商品展示网站，主要以卖高端服饰为主。主要以卖高端服饰为主。主要以卖高端服饰为主。</span><span style=\"color:#000000\">一家工厂企业的商品展示网站，主要以卖高端服饰为主。主要以卖高端服饰为主。主要以卖高端服饰为主。</span></p>','',0,'0',NULL,'2020-02-13 08:17:13'),(17,'21','名牌工厂店6','','一家工厂企业的商品展示网站，主要以卖高端服饰为主。主要以卖高端服饰为主。主要以卖高端服饰为主。','aa','admin','/layuiNetCompany/res/static/img/case6.jpg',8,1,'article.html','一家工厂企业的商品展示网站，主要以卖高端服饰为主。主要以卖高端服饰为主。主要以卖高端服饰为主。','<p>一家工厂企业的商品展示网站，主要以卖高端服饰为主。主要以卖高端服饰为主。主要以卖高端服饰为主。<span style=\"color:#000000\">一家工厂企业的商品展示网站，主要以卖高端服饰为主。主要以卖高端服饰为主。主要以卖高端服饰为主。</span><span style=\"color:#000000\">一家工厂企业的商品展示网站，主要以卖高端服饰为主。主要以卖高端服饰为主。主要以卖高端服饰为主。</span><span style=\"color:#000000\">一家工厂企业的商品展示网站，主要以卖高端服饰为主。主要以卖高端服饰为主。主要以卖高端服饰为主。</span><span style=\"color:#000000\">一家工厂企业的商品展示网站，主要以卖高端服饰为主。主要以卖高端服饰为主。主要以卖高端服饰为主。</span><span style=\"color:#000000\">一家工厂企业的商品展示网站，主要以卖高端服饰为主。主要以卖高端服饰为主。主要以卖高端服饰为主。</span></p>\r\n','',4,'0',NULL,'2020-02-13 08:17:13'),(18,'5','名牌工厂店7',NULL,'一家工厂企业的商品展示网站，主要以卖高端服饰为主。主要以卖高端服饰为主。主要以卖高端服饰为主。','sd','admin','/layuiNetCompany/res/static/img/case7.jpg',8,1,'article.html','一家工厂企业的商品展示网站，主要以卖高端服饰为主。主要以卖高端服饰为主。主要以卖高端服饰为主。','<p style=\"margin-top: 0px; margin-bottom: 0px; font-variant-numeric: normal; font-variant-east-asian: normal; font-stretch: normal; font-size: 12px; line-height: normal; font-family: Helvetica; color: #000000;\">一家工厂企业的商品展示网站，主要以卖高端服饰为主。主要以卖高端服饰为主。主要以卖高端服饰为主。<span style=\"color: #000000;\">一家工厂企业的商品展示网站，主要以卖高端服饰为主。主要以卖高端服饰为主。主要以卖高端服饰为主。</span><span style=\"color: #000000;\">一家工厂企业的商品展示网站，主要以卖高端服饰为主。主要以卖高端服饰为主。主要以卖高端服饰为主。</span><span style=\"color: #000000;\">一家工厂企业的商品展示网站，主要以卖高端服饰为主。主要以卖高端服饰为主。主要以卖高端服饰为主。</span><span style=\"color: #000000;\">一家工厂企业的商品展示网站，主要以卖高端服饰为主。主要以卖高端服饰为主。主要以卖高端服饰为主。</span><span style=\"color: #000000;\">一家工厂企业的商品展示网站，主要以卖高端服饰为主。主要以卖高端服饰为主。主要以卖高端服饰为主。</span></p>',NULL,0,'1',NULL,'2020-02-13 08:17:13'),(19,'5','名牌工厂店8',NULL,'一家工厂企业的商品展示网站，主要以卖高端服饰为主。主要以卖高端服饰为主。主要以卖高端服饰为主。','ffd','admin','/layuiNetCompany/res/static/img/case8.jpg',9,1,'article.html','一家工厂企业的商品展示网站，主要以卖高端服饰为主。主要以卖高端服饰为主。主要以卖高端服饰为主。','<p style=\"margin-top: 0px; margin-bottom: 0px; font-variant-numeric: normal; font-variant-east-asian: normal; font-stretch: normal; font-size: 12px; line-height: normal; font-family: Helvetica; color: #000000;\">一家工厂企业的商品展示网站，主要以卖高端服饰为主。主要以卖高端服饰为主。主要以卖高端服饰为主。<span style=\"color: #000000;\">一家工厂企业的商品展示网站，主要以卖高端服饰为主。主要以卖高端服饰为主。主要以卖高端服饰为主。</span><span style=\"color: #000000;\">一家工厂企业的商品展示网站，主要以卖高端服饰为主。主要以卖高端服饰为主。主要以卖高端服饰为主。</span><span style=\"color: #000000;\">一家工厂企业的商品展示网站，主要以卖高端服饰为主。主要以卖高端服饰为主。主要以卖高端服饰为主。</span><span style=\"color: #000000;\">一家工厂企业的商品展示网站，主要以卖高端服饰为主。主要以卖高端服饰为主。主要以卖高端服饰为主。</span><span style=\"color: #000000;\">一家工厂企业的商品展示网站，主要以卖高端服饰为主。主要以卖高端服饰为主。主要以卖高端服饰为主。</span></p>',NULL,0,'1',NULL,'2020-02-13 08:17:13'),(20,'5','名牌工厂店9',NULL,'一家工厂企业的商品展示网站，主要以卖高端服饰为主。主要以卖高端服饰为主。主要以卖高端服饰为主。','dfd','admin','/layuiNetCompany/res/static/img/case9.jpg',11,1,'article.html','一家工厂企业的商品展示网站，主要以卖高端服饰为主。主要以卖高端服饰为主。主要以卖高端服饰为主。','<p style=\"margin-top: 0px; margin-bottom: 0px; font-variant-numeric: normal; font-variant-east-asian: normal; font-stretch: normal; font-size: 12px; line-height: normal; font-family: Helvetica; color: #000000;\">一家工厂企业的商品展示网站，主要以卖高端服饰为主。主要以卖高端服饰为主。主要以卖高端服饰为主。<span style=\"color: #000000;\">一家工厂企业的商品展示网站，主要以卖高端服饰为主。主要以卖高端服饰为主。主要以卖高端服饰为主。</span><span style=\"color: #000000;\">一家工厂企业的商品展示网站，主要以卖高端服饰为主。主要以卖高端服饰为主。主要以卖高端服饰为主。</span><span style=\"color: #000000;\">一家工厂企业的商品展示网站，主要以卖高端服饰为主。主要以卖高端服饰为主。主要以卖高端服饰为主。</span><span style=\"color: #000000;\">一家工厂企业的商品展示网站，主要以卖高端服饰为主。主要以卖高端服饰为主。主要以卖高端服饰为主。</span><span style=\"color: #000000;\">一家工厂企业的商品展示网站，主要以卖高端服饰为主。主要以卖高端服饰为主。主要以卖高端服饰为主。</span></p>',NULL,0,'1',NULL,'2020-02-13 08:17:13'),(22,'22','同步数据','jingcaizhuanti','精彩专题','afdsafd','admin','/essence/img/bg-img/blog2.jpg',1,1,'article.html','一家工厂企业的商品展示网站，主要以卖高端服饰为主。主要以卖高端服饰为主。主要以卖高端服饰为主。','<p>精彩专题精彩专题精彩专题精彩专题f我的CKEDITOR 的同步数据dsafdsafdsafdsa</p>\r\n','',1,'0',NULL,'2020-02-14 05:03:47'),(25,'1','测试tag标签文章',NULL,'开始测试 的弱电音响','tag,音响工程','admin','/essence/img/bg-img/blog1.jpg',2,1,'article.html','开始测试 的弱电音响开始测试 的弱电音响','<p>开始测试 的弱电音响开始测试 的弱电音响开始测试 的弱电音响</p>\r\n','音响,弱电工程',NULL,'1',NULL,'2020-03-13 10:42:15'),(31,'20','我的前台','wodqt','我的前台','我的前台','admin','/essence/img/bg-img/blog3.jpg',NULL,1,'article.html','','<p>我的前台我的前台我的前台我的前台我的前台我的前台我的前台我的前台发</p>\r\n','前台,客户',NULL,'1',NULL,'2020-05-12 21:48:24'),(33,'21','五涛个性','wtgzj','wangtaozzmiaoshu','wangtaozzguanjianzi','admin','',NULL,1,'article.html','wangtaozhaiyao','<p>wangtaozhaiyaowangtaozhaiyaowangtaozhaiyaowangtaozhaiyaowangtaozhaiyao</p> \n<p>wangtaozhaiyaowangtaozhaiyaowangtaozhaiyaowangtaozhaiyao</p> \n<p>wangtaozhaiyaowangtaozhaiyaowangtaozhaiyao</p>','wang',NULL,'1',NULL,'2020-10-11 07:06:01');
/*!40000 ALTER TABLE `t_article` ENABLE KEYS */;
UNLOCK TABLES;

--
-- Table structure for table `t_article_category_mapping`
--

DROP TABLE IF EXISTS `t_article_category_mapping`;
/*!40101 SET @saved_cs_client     = @@character_set_client */;
/*!50503 SET character_set_client = utf8mb4 */;
CREATE TABLE `t_article_category_mapping` (
  `article_id` int unsigned NOT NULL COMMENT '文章ID',
  `category_id` int unsigned NOT NULL COMMENT '分类ID',
  PRIMARY KEY (`article_id`,`category_id`)
) ENGINE=InnoDB DEFAULT CHARSET=utf8mb4 COLLATE=utf8mb4_0900_ai_ci COMMENT='文章和分类的多对多关系表';
/*!40101 SET character_set_client = @saved_cs_client */;

--
-- Dumping data for table `t_article_category_mapping`
--

LOCK TABLES `t_article_category_mapping` WRITE;
/*!40000 ALTER TABLE `t_article_category_mapping` DISABLE KEYS */;
INSERT INTO `t_article_category_mapping` VALUES (1,22),(2,22),(3,21),(3,22),(4,4),(5,4),(6,4),(7,4),(8,4),(9,4),(10,21),(11,4),(12,20),(13,5),(14,5),(15,5),(16,21),(17,21),(18,5),(19,5),(20,5),(22,22),(25,1),(31,20),(33,21);
/*!40000 ALTER TABLE `t_article_category_mapping` ENABLE KEYS */;
UNLOCK TABLES;

--
-- Table structure for table `t_article_comment`
--

DROP TABLE IF EXISTS `t_article_comment`;
/*!40101 SET @saved_cs_client     = @@character_set_client */;
/*!50503 SET character_set_client = utf8mb4 */;
CREATE TABLE `t_article_comment` (
  `id` int unsigned NOT NULL AUTO_INCREMENT COMMENT '主键ID',
  `parent_id` int unsigned DEFAULT NULL COMMENT '回复的评论ID',
  `article_id` int unsigned DEFAULT NULL COMMENT '评论的内容ID',
  `title` varchar(100) DEFAULT NULL COMMENT '文章标题',
  `user_id` int unsigned DEFAULT NULL COMMENT '评论的用户ID',
  `author` varchar(128) DEFAULT NULL COMMENT '评论的作者',
  `content` text COMMENT '评论的内容',
  `reply_count` int unsigned DEFAULT '0' COMMENT '评论的回复数量',
  `seq_num` int DEFAULT '0' COMMENT '排序编号，常用语置顶等',
  `vote_up` int unsigned DEFAULT '0' COMMENT '“顶”的数量',
  `vote_down` int unsigned DEFAULT '0' COMMENT '“踩”的数量',
  `comment_status` char(1) DEFAULT NULL COMMENT '评论的状态',
  `modify_uid` int DEFAULT NULL,
  `modify_username` varchar(100) DEFAULT NULL,
  `create_time` datetime DEFAULT NULL COMMENT '评论的时间',
  `modify_time` datetime DEFAULT NULL,
  PRIMARY KEY (`id`),
  KEY `content_id` (`article_id`),
  KEY `user_id` (`user_id`)
) ENGINE=InnoDB AUTO_INCREMENT=7 DEFAULT CHARSET=utf8mb4 COLLATE=utf8mb4_0900_ai_ci COMMENT='文章评论表';
/*!40101 SET character_set_client = @saved_cs_client */;

--
-- Dumping data for table `t_article_comment`
--

LOCK TABLES `t_article_comment` WRITE;
/*!40000 ALTER TABLE `t_article_comment` DISABLE KEYS */;
INSERT INTO `t_article_comment` VALUES (6,NULL,NULL,NULL,1,'admin','fdsafdsafdas',NULL,3,NULL,NULL,'1',NULL,NULL,'2020-10-14 08:29:58',NULL);
/*!40000 ALTER TABLE `t_article_comment` ENABLE KEYS */;
UNLOCK TABLES;

--
-- Table structure for table `t_article_tag`
--

DROP TABLE IF EXISTS `t_article_tag`;
/*!40101 SET @saved_cs_client     = @@character_set_client */;
/*!50503 SET character_set_client = utf8mb4 */;
CREATE TABLE `t_article_tag` (
  `id` int NOT NULL AUTO_INCREMENT,
  `tag_name` varchar(45) DEFAULT NULL COMMENT '标签名称',
  `template` varchar(100) DEFAULT NULL COMMENT '标签列表页模板',
  `counts` int DEFAULT '0' COMMENT '文章数量',
  `create_time` datetime DEFAULT NULL,
  PRIMARY KEY (`id`)
) ENGINE=InnoDB AUTO_INCREMENT=19 DEFAULT CHARSET=utf8;
/*!40101 SET character_set_client = @saved_cs_client */;

--
-- Dumping data for table `t_article_tag`
--

LOCK TABLES `t_article_tag` WRITE;
/*!40000 ALTER TABLE `t_article_tag` DISABLE KEYS */;
INSERT INTO `t_article_tag` VALUES (1,'java','tagArticleList.html',3,'2020-03-13 02:50:40'),(2,'音响','tagArticleList.html',-3,'2020-03-13 09:58:53'),(3,'弱电','tagArticleList.html',0,'2020-03-13 09:58:53'),(5,'技术交流','tagArticleList.html',-8,'2020-03-13 10:51:07'),(6,'工程心德','tagArticleList.html',-8,'2020-03-13 10:51:07'),(10,'脾气','tagArticleList.html',-1,'2020-04-20 19:37:55'),(11,'性格','tagArticleList.html',-1,'2020-04-20 19:37:55'),(12,'育儿','tagArticleList.html',-1,'2020-04-20 19:37:55'),(14,'前台','tagArticleList.html',-1,'2020-05-12 21:48:24'),(15,'客户','tagArticleList.html',-1,'2020-05-12 21:48:24'),(17,'体育','tagArticleList.html',2,'2020-10-12 06:12:46');
/*!40000 ALTER TABLE `t_article_tag` ENABLE KEYS */;
UNLOCK TABLES;

--
-- Table structure for table `t_article_tag_mapping`
--

DROP TABLE IF EXISTS `t_article_tag_mapping`;
/*!40101 SET @saved_cs_client     = @@character_set_client */;
/*!50503 SET character_set_client = utf8mb4 */;
CREATE TABLE `t_article_tag_mapping` (
  `id` int NOT NULL AUTO_INCREMENT,
  `article_id` int DEFAULT NULL,
  `tag_id` int DEFAULT NULL,
  PRIMARY KEY (`id`)
) ENGINE=InnoDB AUTO_INCREMENT=103 DEFAULT CHARSET=utf8;
/*!40101 SET character_set_client = @saved_cs_client */;

--
-- Dumping data for table `t_article_tag_mapping`
--

LOCK TABLES `t_article_tag_mapping` WRITE;
/*!40000 ALTER TABLE `t_article_tag_mapping` DISABLE KEYS */;
INSERT INTO `t_article_tag_mapping` VALUES (21,25,2),(22,25,4),(62,10,10),(63,10,11),(64,10,12),(70,31,14),(71,31,15),(73,12,13),(74,17,13),(76,22,13),(86,3,13),(91,1,5),(92,1,6),(93,2,13),(94,16,13),(102,33,16);
/*!40000 ALTER TABLE `t_article_tag_mapping` ENABLE KEYS */;
UNLOCK TABLES;

--
-- Table structure for table `t_banner`
--

DROP TABLE IF EXISTS `t_banner`;
/*!40101 SET @saved_cs_client     = @@character_set_client */;
/*!50503 SET character_set_client = utf8mb4 */;
CREATE TABLE `t_banner` (
  `id` int NOT NULL AUTO_INCREMENT,
  `title` varchar(45) DEFAULT NULL COMMENT 'banner名称',
  `img_path` varchar(100) DEFAULT NULL COMMENT '图片路径',
  `open_url` varchar(100) DEFAULT NULL COMMENT '打开链接',
  `open_target` varchar(45) DEFAULT NULL COMMENT '打开方式',
  `description` text,
  `seq_num` int DEFAULT NULL COMMENT '序号',
  `article_status` char(1) DEFAULT NULL COMMENT '状态 0锁定 1有效',
  `create_time` datetime DEFAULT NULL,
  PRIMARY KEY (`id`)
) ENGINE=InnoDB AUTO_INCREMENT=5 DEFAULT CHARSET=utf8;
/*!40101 SET character_set_client = @saved_cs_client */;

--
-- Dumping data for table `t_banner`
--

LOCK TABLES `t_banner` WRITE;
/*!40000 ALTER TABLE `t_banner` DISABLE KEYS */;
INSERT INTO `t_banner` VALUES (1,'网络公司1','/demoimgs/img_fjords_wide.jpg','https://www.baidu.com','_blank','完美前端体验',1,'1','2020-02-13 00:45:30'),(2,'网络公司2','/demoimgs/img_mountains_wide.jpg','https://www.163.com','_blank','完美前端体验',2,'1','2020-02-13 00:45:30'),(4,'专题链接','/demoimgs/img_nature_wide.jpg','http://www.baidu.com','_blank','专题链接专题链接专题链接',3,'1','2020-06-13 11:06:27');
/*!40000 ALTER TABLE `t_banner` ENABLE KEYS */;
UNLOCK TABLES;

--
-- Table structure for table `t_category`
--

DROP TABLE IF EXISTS `t_category`;
/*!40101 SET @saved_cs_client     = @@character_set_client */;
/*!50503 SET character_set_client = utf8mb4 */;
CREATE TABLE `t_category` (
  `id` int NOT NULL AUTO_INCREMENT,
  `parent_id` int DEFAULT NULL,
  `name` varchar(45) DEFAULT NULL,
  `slug` varchar(120) DEFAULT NULL COMMENT 'slug',
  `seq_num` int DEFAULT '0' COMMENT '排序',
  `user_id` int DEFAULT NULL COMMENT '创建用户ID',
  `meta_keywords` varchar(100) DEFAULT NULL COMMENT '分类描述关键字',
  `meta_description` varchar(100) DEFAULT NULL COMMENT '分类描述',
  `category_status` char(1) DEFAULT NULL COMMENT '状态 0锁定 1有效',
  `nav_show` char(1) DEFAULT NULL COMMENT '是否显示在导航上 状态 0否 1是',
  `template` varchar(100) DEFAULT NULL COMMENT '分类所对应模板',
  `counts` int DEFAULT NULL COMMENT '文章数量',
  `create_time` datetime NOT NULL,
  PRIMARY KEY (`id`,`create_time`),
  UNIQUE KEY `slug_UNIQUE` (`slug`)
) ENGINE=InnoDB AUTO_INCREMENT=29 DEFAULT CHARSET=utf8;
/*!40101 SET character_set_client = @saved_cs_client */;

--
-- Dumping data for table `t_category`
--

LOCK TABLES `t_category` WRITE;
/*!40000 ALTER TABLE `t_category` DISABLE KEYS */;
INSERT INTO `t_category` VALUES (14,0,'新闻','xinwenzhongxin',4,1,'博客','博客内容列表','1','1','articleList.html',NULL,'2020-03-03 06:58:31'),(20,14,'公司动态','gongsidongtai',1,1,'公司动态keywords','公司动态descriptions','1','1','articleList.html',NULL,'2020-03-03 07:04:49'),(21,14,'行业动态','hengyedongtai',2,1,'行业动态keywords','行业动态descriptions','1','1','articleList.html',NULL,'2020-03-03 07:05:30'),(22,14,'精彩专题','jingcaizhuanti',3,1,'精彩专题keywords','精彩专题descriptions','1','1','articleList.html',NULL,'2020-03-03 07:06:29');
/*!40000 ALTER TABLE `t_category` ENABLE KEYS */;
UNLOCK TABLES;

--
-- Table structure for table `t_coupon`
--

DROP TABLE IF EXISTS `t_coupon`;
/*!40101 SET @saved_cs_client     = @@character_set_client */;
/*!50503 SET character_set_client = utf8mb4 */;
CREATE TABLE `t_coupon` (
  `id` int unsigned NOT NULL AUTO_INCREMENT,
  `title` varchar(256) CHARACTER SET utf8mb4 COLLATE utf8mb4_unicode_ci DEFAULT NULL COMMENT '例如：无门槛50元优惠券 | 单品最高减2000元''',
  `icon` varchar(256) CHARACTER SET utf8mb4 COLLATE utf8mb4_unicode_ci DEFAULT NULL,
  `type` tinyint DEFAULT NULL COMMENT '1满减券  2叠加满减券  3无门槛券  ',
  `with_amount` decimal(10,2) DEFAULT NULL COMMENT '满多少金额',
  `with_award` tinyint(1) DEFAULT NULL COMMENT '是否是推广奖励券',
  `with_owner` tinyint(1) DEFAULT NULL COMMENT '是不是只有领取人可用，如果不是，领取人可以随便给其他人用',
  `amount` decimal(10,2) unsigned NOT NULL DEFAULT '0.00' COMMENT '优惠券金额',
  `quota` int unsigned NOT NULL COMMENT '配额：发券数量',
  `take_count` int unsigned DEFAULT '0' COMMENT '已领取的优惠券数量',
  `used_count` int unsigned DEFAULT '0' COMMENT '已使用的优惠券数量',
  `start_time` datetime DEFAULT NULL COMMENT '发放开始时间',
  `end_time` datetime DEFAULT NULL COMMENT '发放结束时间',
  `valid_type` tinyint DEFAULT NULL COMMENT '时效:1绝对时效（XXX-XXX时间段有效）  2相对时效（领取后N天有效）',
  `valid_start_time` datetime DEFAULT NULL COMMENT '使用开始时间',
  `valid_end_time` datetime DEFAULT NULL COMMENT '使用结束时间',
  `valid_days` int DEFAULT NULL COMMENT '自领取之日起有效天数',
  `create_user_id` int unsigned DEFAULT NULL COMMENT '创建用户',
  `cou_status` char(1) CHARACTER SET utf8mb4 COLLATE utf8mb4_unicode_ci DEFAULT NULL COMMENT '状态 0锁定 1有效',
  `code` varchar(100) CHARACTER SET utf8mb4 COLLATE utf8mb4_unicode_ci DEFAULT NULL COMMENT '兑换码(可选，如果有值说明支持兑换码领取此类型优惠券)',
  `products_type` smallint DEFAULT NULL COMMENT '商品限制类型，如果0则全商品，如果是1则是类目限制，如果是2则是商品限制。',
  `products_value` varchar(1023) CHARACTER SET utf8mb4 COLLATE utf8mb4_unicode_ci DEFAULT '[]' COMMENT '商品限制值，products_type如果是0则空集合，如果是1则是类目集合，如果是2则是商品集合。',
  `options` text CHARACTER SET utf8mb4 COLLATE utf8mb4_unicode_ci,
  `create_time` datetime DEFAULT NULL,
  `modified_time` datetime DEFAULT NULL,
  PRIMARY KEY (`id`),
  UNIQUE KEY `code_UNIQUE` (`code`)
) ENGINE=InnoDB AUTO_INCREMENT=2 DEFAULT CHARSET=utf8mb4 COLLATE=utf8mb4_unicode_ci COMMENT='优惠券类型';
/*!40101 SET character_set_client = @saved_cs_client */;

--
-- Dumping data for table `t_coupon`
--

LOCK TABLES `t_coupon` WRITE;
/*!40000 ALTER TABLE `t_coupon` DISABLE KEYS */;
INSERT INTO `t_coupon` VALUES (1,'50元通用券','',3,0.00,NULL,NULL,50.00,15,0,0,NULL,NULL,NULL,'2020-05-26 04:55:00','2020-05-28 08:50:00',NULL,1,'1','',0,NULL,NULL,'2020-05-26 16:03:14','2020-05-26 16:03:14');
/*!40000 ALTER TABLE `t_coupon` ENABLE KEYS */;
UNLOCK TABLES;

--
-- Table structure for table `t_coupon_user`
--

DROP TABLE IF EXISTS `t_coupon_user`;
/*!40101 SET @saved_cs_client     = @@character_set_client */;
/*!50503 SET character_set_client = utf8mb4 */;
CREATE TABLE `t_coupon_user` (
  `id` int unsigned NOT NULL AUTO_INCREMENT,
  `coupon_id` int unsigned DEFAULT NULL COMMENT '类型ID',
  `title` varchar(256) CHARACTER SET utf8mb4 COLLATE utf8mb4_unicode_ci DEFAULT NULL COMMENT '优惠券标题',
  `user_id` int unsigned DEFAULT NULL COMMENT '领取用户ID',
  `user_name` varchar(100) CHARACTER SET utf8mb4 COLLATE utf8mb4_unicode_ci DEFAULT NULL COMMENT '用户名',
  `cou_status` tinyint DEFAULT NULL COMMENT '状态 1 有人领取、正常使用  2 未有人领取不能使用  3 已经使用，不能被再次使用  9 已经被认为标识不可用',
  `used_order_id` int DEFAULT NULL COMMENT '订单ID',
  `order_ns` varchar(100) CHARACTER SET utf8mb4 COLLATE utf8mb4_unicode_ci DEFAULT NULL COMMENT '订单号',
  `user_payment_id` int DEFAULT NULL COMMENT '支付的ID',
  `use_time` datetime DEFAULT NULL COMMENT '使用时间',
  `get_time` datetime DEFAULT NULL COMMENT '领取时间',
  `send_uid` int DEFAULT NULL COMMENT '如果是由后台管理员发放，则记录下由哪位管理员发放的。前台用户自己领取的，此字段将为空。',
  `create_time` datetime DEFAULT NULL COMMENT '创建时间，创建时可能不会有人领取',
  PRIMARY KEY (`id`)
) ENGINE=InnoDB AUTO_INCREMENT=9 DEFAULT CHARSET=utf8mb4 COLLATE=utf8mb4_unicode_ci COMMENT='优惠券领取记录';
/*!40101 SET character_set_client = @saved_cs_client */;

--
-- Dumping data for table `t_coupon_user`
--

LOCK TABLES `t_coupon_user` WRITE;
/*!40000 ALTER TABLE `t_coupon_user` DISABLE KEYS */;
INSERT INTO `t_coupon_user` VALUES (5,1,'50元通用券',1,'admin',2,24,'OC464594334789152768',NULL,'2020-05-31 14:13:07',NULL,1,'2020-05-27 07:32:12'),(6,1,'50元通用券',2,'scott',1,NULL,NULL,NULL,NULL,NULL,1,'2020-05-27 07:32:12'),(7,1,'50元通用券',173,'wtsoftware',2,NULL,NULL,NULL,NULL,NULL,1,'2020-05-27 07:32:12'),(8,1,'50元通用券',1,'admin',2,23,NULL,NULL,'2020-05-30 15:47:17','2020-05-30 15:45:53',1,'2020-05-30 15:45:53');
/*!40000 ALTER TABLE `t_coupon_user` ENABLE KEYS */;
UNLOCK TABLES;

--
-- Table structure for table `t_delivery_company`
--

DROP TABLE IF EXISTS `t_delivery_company`;
/*!40101 SET @saved_cs_client     = @@character_set_client */;
/*!50503 SET character_set_client = utf8mb4 */;
CREATE TABLE `t_delivery_company` (
  `id` int NOT NULL AUTO_INCREMENT,
  `name` varchar(45) DEFAULT NULL COMMENT '快递公司名称',
  `telphone` varchar(45) DEFAULT NULL COMMENT '联系电话',
  `create_time` datetime DEFAULT NULL,
  PRIMARY KEY (`id`)
) ENGINE=InnoDB AUTO_INCREMENT=4 DEFAULT CHARSET=utf8 COMMENT='快递公司维护';
/*!40101 SET character_set_client = @saved_cs_client */;

--
-- Dumping data for table `t_delivery_company`
--

LOCK TABLES `t_delivery_company` WRITE;
/*!40000 ALTER TABLE `t_delivery_company` DISABLE KEYS */;
INSERT INTO `t_delivery_company` VALUES (1,'顺丰快递','90044','2020-02-04 07:08:58'),(2,'圆通快递','89434','2020-02-04 07:08:58'),(3,'A物流公司','2345','2020-02-04 07:08:58');
/*!40000 ALTER TABLE `t_delivery_company` ENABLE KEYS */;
UNLOCK TABLES;

--
-- Table structure for table `t_dept`
--

DROP TABLE IF EXISTS `t_dept`;
/*!40101 SET @saved_cs_client     = @@character_set_client */;
/*!50503 SET character_set_client = utf8mb4 */;
CREATE TABLE `t_dept` (
  `DEPT_ID` bigint NOT NULL AUTO_INCREMENT COMMENT '部门ID',
  `PARENT_ID` bigint NOT NULL COMMENT '上级部门ID',
  `DEPT_NAME` varchar(100) NOT NULL COMMENT '部门名称',
  `ORDER_NUM` bigint DEFAULT NULL COMMENT '排序',
  `CREATE_TIME` datetime DEFAULT NULL COMMENT '创建时间',
  PRIMARY KEY (`DEPT_ID`)
) ENGINE=InnoDB AUTO_INCREMENT=12 DEFAULT CHARSET=utf8;
/*!40101 SET character_set_client = @saved_cs_client */;

--
-- Dumping data for table `t_dept`
--

LOCK TABLES `t_dept` WRITE;
/*!40000 ALTER TABLE `t_dept` DISABLE KEYS */;
INSERT INTO `t_dept` VALUES (1,0,'开发部',NULL,'2018-01-04 15:42:26'),(2,1,'开发一部',NULL,'2018-01-04 15:42:34'),(3,1,'开发二部',NULL,'2018-01-04 15:42:29'),(4,0,'市场部',NULL,'2018-01-04 15:42:36'),(5,0,'人事部',NULL,'2018-01-04 15:42:32'),(6,0,'测试部',NULL,'2018-01-04 15:42:38'),(11,0,'外部注册',NULL,'2020-04-27 00:43:58');
/*!40000 ALTER TABLE `t_dept` ENABLE KEYS */;
UNLOCK TABLES;

--
-- Table structure for table `t_dict`
--

DROP TABLE IF EXISTS `t_dict`;
/*!40101 SET @saved_cs_client     = @@character_set_client */;
/*!50503 SET character_set_client = utf8mb4 */;
CREATE TABLE `t_dict` (
  `DICT_ID` bigint NOT NULL AUTO_INCREMENT COMMENT '字典ID',
  `KEYY` bigint NOT NULL COMMENT '键',
  `VALUEE` varchar(100) NOT NULL COMMENT '值',
  `FIELD_NAME` varchar(100) NOT NULL COMMENT '字段名称',
  `TABLE_NAME` varchar(100) NOT NULL COMMENT '表名',
  PRIMARY KEY (`DICT_ID`)
) ENGINE=InnoDB AUTO_INCREMENT=35 DEFAULT CHARSET=utf8;
/*!40101 SET character_set_client = @saved_cs_client */;

--
-- Dumping data for table `t_dict`
--

LOCK TABLES `t_dict` WRITE;
/*!40000 ALTER TABLE `t_dict` DISABLE KEYS */;
INSERT INTO `t_dict` VALUES (1,0,'男','ssex','t_user'),(2,1,'女','ssex','t_user'),(3,2,'保密','ssex','t_user'),(4,1,'有效','status','t_user'),(5,0,'锁定','status','t_user'),(6,0,'菜单','type','t_menu'),(7,1,'按钮','type','t_menu'),(30,0,'正常','status','t_job'),(31,1,'暂停','status','t_job'),(32,0,'成功','status','t_job_log'),(33,1,'失败','status','t_job_log');
/*!40000 ALTER TABLE `t_dict` ENABLE KEYS */;
UNLOCK TABLES;

--
-- Table structure for table `t_friend_links`
--

DROP TABLE IF EXISTS `t_friend_links`;
/*!40101 SET @saved_cs_client     = @@character_set_client */;
/*!50503 SET character_set_client = utf8mb4 */;
CREATE TABLE `t_friend_links` (
  `id` int NOT NULL AUTO_INCREMENT,
  `name` varchar(100) DEFAULT NULL,
  `url_address` varchar(100) DEFAULT NULL COMMENT '链接地址',
  `thumbnail` varchar(100) DEFAULT NULL COMMENT '链接图片',
  `seq_num` int DEFAULT NULL,
  `target` varchar(45) DEFAULT NULL COMMENT '链接打开方式 _blank和 _self',
  `link_states` char(1) DEFAULT NULL COMMENT '状态 0锁定 1有效',
  `user_id` varchar(45) DEFAULT NULL,
  `create_time` datetime DEFAULT NULL,
  PRIMARY KEY (`id`)
) ENGINE=InnoDB AUTO_INCREMENT=5 DEFAULT CHARSET=utf8;
/*!40101 SET character_set_client = @saved_cs_client */;

--
-- Dumping data for table `t_friend_links`
--

LOCK TABLES `t_friend_links` WRITE;
/*!40000 ALTER TABLE `t_friend_links` DISABLE KEYS */;
INSERT INTO `t_friend_links` VALUES (1,'百度','http://www.baidu.com','',1,'_self','1','1','2017-12-27 16:47:13'),(2,'网易','http://www.163.com','/upload/b2-1587571537697.jpg',2,'_self','1','1','2020-02-23 03:58:08'),(3,'新浪','http://www.sina.com','/upload/case1-1583036497837.jpg',3,'_self','1','1','2020-02-23 05:48:39');
/*!40000 ALTER TABLE `t_friend_links` ENABLE KEYS */;
UNLOCK TABLES;

--
-- Table structure for table `t_job`
--

DROP TABLE IF EXISTS `t_job`;
/*!40101 SET @saved_cs_client     = @@character_set_client */;
/*!50503 SET character_set_client = utf8mb4 */;
CREATE TABLE `t_job` (
  `JOB_ID` bigint NOT NULL AUTO_INCREMENT COMMENT '任务id',
  `BEAN_NAME` varchar(100) NOT NULL COMMENT 'spring bean名称',
  `METHOD_NAME` varchar(100) NOT NULL COMMENT '方法名',
  `PARAMS` varchar(200) DEFAULT NULL COMMENT '参数',
  `CRON_EXPRESSION` varchar(100) NOT NULL COMMENT 'cron表达式',
  `STATUS` char(2) NOT NULL COMMENT '任务状态  0：正常  1：暂停',
  `REMARK` varchar(200) DEFAULT NULL COMMENT '备注',
  `CREATE_TIME` datetime DEFAULT NULL COMMENT '创建时间',
  PRIMARY KEY (`JOB_ID`)
) ENGINE=InnoDB AUTO_INCREMENT=17 DEFAULT CHARSET=utf8;
/*!40101 SET character_set_client = @saved_cs_client */;

--
-- Dumping data for table `t_job`
--

LOCK TABLES `t_job` WRITE;
/*!40000 ALTER TABLE `t_job` DISABLE KEYS */;
INSERT INTO `t_job` VALUES (1,'testTask','test','febs','0/1 * * * * ?','1','有参任务调度测试','2018-02-24 16:26:14'),(2,'testTask','test1',NULL,'0/10 * * * * ?','1','无参任务调度测试','2018-02-24 17:06:23'),(3,'testTask','test','hello world','0/1 * * * * ?','1','有参任务调度测试,每隔一秒触发','2018-02-26 09:28:26'),(11,'testTask','test2',NULL,'0/5 * * * * ?','1','测试异常','2018-02-26 11:15:30');
/*!40000 ALTER TABLE `t_job` ENABLE KEYS */;
UNLOCK TABLES;

--
-- Table structure for table `t_job_log`
--

DROP TABLE IF EXISTS `t_job_log`;
/*!40101 SET @saved_cs_client     = @@character_set_client */;
/*!50503 SET character_set_client = utf8mb4 */;
CREATE TABLE `t_job_log` (
  `LOG_ID` bigint NOT NULL AUTO_INCREMENT COMMENT '任务日志id',
  `JOB_ID` bigint NOT NULL COMMENT '任务id',
  `BEAN_NAME` varchar(100) NOT NULL COMMENT 'spring bean名称',
  `METHOD_NAME` varchar(100) NOT NULL COMMENT '方法名',
  `PARAMS` varchar(200) DEFAULT NULL COMMENT '参数',
  `STATUS` char(2) NOT NULL COMMENT '任务状态    0：成功    1：失败',
  `ERROR` text COMMENT '失败信息',
  `TIMES` decimal(11,0) DEFAULT NULL COMMENT '耗时(单位：毫秒)',
  `CREATE_TIME` datetime DEFAULT NULL COMMENT '创建时间',
  PRIMARY KEY (`LOG_ID`)
) ENGINE=InnoDB AUTO_INCREMENT=2496 DEFAULT CHARSET=utf8;
/*!40101 SET character_set_client = @saved_cs_client */;

--
-- Dumping data for table `t_job_log`
--

LOCK TABLES `t_job_log` WRITE;
/*!40000 ALTER TABLE `t_job_log` DISABLE KEYS */;
INSERT INTO `t_job_log` VALUES (2448,3,'testTask','test','hello world','0',NULL,0,'2018-03-20 15:31:50'),(2449,3,'testTask','test','hello world','0',NULL,1,'2018-03-20 15:31:51'),(2450,3,'testTask','test','hello world','0',NULL,2,'2018-03-20 15:31:52');
/*!40000 ALTER TABLE `t_job_log` ENABLE KEYS */;
UNLOCK TABLES;

--
-- Table structure for table `t_log`
--

DROP TABLE IF EXISTS `t_log`;
/*!40101 SET @saved_cs_client     = @@character_set_client */;
/*!50503 SET character_set_client = utf8mb4 */;
CREATE TABLE `t_log` (
  `ID` bigint NOT NULL AUTO_INCREMENT COMMENT '日志ID',
  `USERNAME` varchar(50) DEFAULT NULL COMMENT '操作用户',
  `OPERATION` text COMMENT '操作内容',
  `TIME` decimal(11,0) DEFAULT NULL COMMENT '耗时',
  `METHOD` text COMMENT '操作方法',
  `PARAMS` text COMMENT '方法参数',
  `IP` varchar(64) DEFAULT NULL COMMENT '操作者IP',
  `CREATE_TIME` datetime DEFAULT NULL COMMENT '创建时间',
  `location` varchar(50) DEFAULT NULL COMMENT '操作地点',
  PRIMARY KEY (`ID`)
) ENGINE=InnoDB AUTO_INCREMENT=12094 DEFAULT CHARSET=utf8;
/*!40101 SET character_set_client = @saved_cs_client */;

--
-- Dumping data for table `t_log`
--

LOCK TABLES `t_log` WRITE;
/*!40000 ALTER TABLE `t_log` DISABLE KEYS */;
INSERT INTO `t_log` VALUES (10671,'admin','获取在线用户信息',0,'com.febs.web.controller.security.SessionController.online()','','127.0.0.1','2020-06-12 12:54:33','内网IP|0|0|内网IP|内网IP'),(10672,'admin','获取用户信息',4,'com.febs.web.controller.admin.system.UserController.userList()','request: \"QueryRequest{pageSize=10, pageNum=1}\"  user: \"MyUser{userId=null, username=\'\', password=\'null\', deptId=null, deptName=\'null\', email=\'null\', mobile=\'null\', status=\'null\', createTime=null, modifyTime=null, lastLoginTime=null, ssex=\'null\', theme=\'null\', avatar=\'null\', description=\'null\', roleName=\'null\'}\"','127.0.0.1','2020-06-12 12:54:35','内网IP|0|0|内网IP|内网IP'),(10673,'admin','获取字典信息',3,'com.febs.web.controller.admin.system.DictController.index()','','127.0.0.1','2020-06-12 12:54:41','内网IP|0|0|内网IP|内网IP'),(10674,'admin','获取定时任务信息',3,'com.febs.web.controller.quartz.JobController.index()','','127.0.0.1','2020-06-13 00:37:52','内网IP|0|0|内网IP|内网IP'),(10675,'admin','获取调度日志信息',3,'com.febs.web.controller.quartz.JobLogController.index()','','127.0.0.1','2020-06-13 00:37:54','内网IP|0|0|内网IP|内网IP'),(10776,'admin','获取用户信息',19,'com.febs.web.controller.admin.system.UserController.userList()','request: \"QueryRequest{pageSize=10, pageNum=1}\"  user: \"MyUser{userId=null, username=\'\', password=\'null\', deptId=null, deptName=\'null\', email=\'null\', mobile=\'null\', status=\'null\', createTime=null, modifyTime=null, lastLoginTime=null, ssex=\'null\', theme=\'null\', avatar=\'null\', description=\'null\', roleName=\'null\'}\"','127.0.0.1','2020-06-15 06:14:43','内网IP|0|0|内网IP|内网IP'),(10777,'admin','获取角色信息',0,'com.febs.web.controller.admin.system.RoleController.index()','','127.0.0.1','2020-06-15 06:14:45','内网IP|0|0|内网IP|内网IP'),(10778,'admin','获取系统所有URL',21,'com.febs.web.controller.admin.system.MenuController.getAllUrl()','','127.0.0.1','2020-06-15 06:14:47','内网IP|0|0|内网IP|内网IP'),(10779,'admin','获取部门信息',0,'com.febs.web.controller.admin.system.DeptController.index()','','127.0.0.1','2020-06-15 06:14:47','内网IP|0|0|内网IP|内网IP'),(10780,'admin','获取用户信息',5,'com.febs.web.controller.admin.system.UserController.userList()','request: \"QueryRequest{pageSize=10, pageNum=1}\"  user: \"MyUser{userId=null, username=\'\', password=\'null\', deptId=null, deptName=\'null\', email=\'null\', mobile=\'null\', status=\'null\', createTime=null, modifyTime=null, lastLoginTime=null, ssex=\'null\', theme=\'null\', avatar=\'null\', description=\'null\', roleName=\'null\'}\"','127.0.0.1','2020-06-15 06:14:55','内网IP|0|0|内网IP|内网IP'),(10781,'admin','获取角色信息',1,'com.febs.web.controller.admin.system.RoleController.index()','','127.0.0.1','2020-06-15 06:15:15','内网IP|0|0|内网IP|内网IP'),(10782,'admin','获取部门信息',0,'com.febs.web.controller.admin.system.DeptController.index()','','127.0.0.1','2020-06-15 06:15:17','内网IP|0|0|内网IP|内网IP'),(10783,'admin','获取字典信息',3,'com.febs.web.controller.admin.system.DictController.index()','','127.0.0.1','2020-06-15 06:15:19','内网IP|0|0|内网IP|内网IP'),(10784,'admin','获取在线用户信息',3,'com.febs.web.controller.security.SessionController.online()','','127.0.0.1','2020-06-15 06:15:23','内网IP|0|0|内网IP|内网IP'),(10785,'admin','获取定时任务信息',4,'com.febs.web.controller.quartz.JobController.index()','','127.0.0.1','2020-06-15 06:15:27','内网IP|0|0|内网IP|内网IP'),(10786,'admin','获取调度日志信息',3,'com.febs.web.controller.quartz.JobLogController.index()','','127.0.0.1','2020-06-15 06:15:28','内网IP|0|0|内网IP|内网IP'),(10787,'admin','文章列表',3,'com.febs.web.controller.admin.cms.ArticleController.index()','','127.0.0.1','2020-06-15 06:15:30','内网IP|0|0|内网IP|内网IP'),(10788,'admin','获取文章列表信息',17,'com.febs.web.controller.admin.cms.ArticleController.articleList()','request: com.febs.security.xss.XssHttpServletRequestWrapper@479d7fff  queryRequest: \"QueryRequest{pageSize=10, pageNum=1}\"  article: \"com.febs.cms.domain.Article@cc16801\"','127.0.0.1','2020-06-15 06:15:30','内网IP|0|0|内网IP|内网IP'),(10789,'admin','获取文章列表信息',17,'com.febs.web.controller.admin.cms.ArticleController.articleList()','request: com.febs.security.xss.XssHttpServletRequestWrapper@60e6f66b  queryRequest: \"QueryRequest{pageSize=10, pageNum=1}\"  article: \"com.febs.cms.domain.Article@4ceb8b8f\"','127.0.0.1','2020-06-15 06:15:35','内网IP|0|0|内网IP|内网IP'),(10790,'admin','获取文章列表信息',6,'com.febs.web.controller.admin.cms.ArticleController.articleList()','request: com.febs.security.xss.XssHttpServletRequestWrapper@5ae2f0b4  queryRequest: \"QueryRequest{pageSize=10, pageNum=1}\"  article: \"com.febs.cms.domain.Article@79d918a3\"','127.0.0.1','2020-06-15 06:15:35','内网IP|0|0|内网IP|内网IP'),(10791,'admin','获取文章列表信息',7,'com.febs.web.controller.admin.cms.ArticleController.articleList()','request: com.febs.security.xss.XssHttpServletRequestWrapper@7f6e1dce  queryRequest: \"QueryRequest{pageSize=10, pageNum=1}\"  article: \"com.febs.cms.domain.Article@531a5769\"','127.0.0.1','2020-06-15 06:15:36','内网IP|0|0|内网IP|内网IP'),(10792,'admin','标签列表',3,'com.febs.web.controller.admin.cms.ArticleTagController.index()','','127.0.0.1','2020-06-15 06:15:40','内网IP|0|0|内网IP|内网IP'),(10793,'admin','获取标签列表信息',10,'com.febs.web.controller.admin.cms.ArticleTagController.articleList()','request: \"QueryRequest{pageSize=10, pageNum=1}\"  articleTag: \"com.febs.cms.domain.ArticleTag@2d77c605\"','127.0.0.1','2020-06-15 06:15:40','内网IP|0|0|内网IP|内网IP'),(10794,'admin','评论列表',2,'com.febs.web.controller.admin.cms.ArticleCommentController.index()','','127.0.0.1','2020-06-15 06:15:42','内网IP|0|0|内网IP|内网IP'),(10795,'admin','获取文章评论列表信息',12,'com.febs.web.controller.admin.cms.ArticleCommentController.articleCommentList()','request: \"QueryRequest{pageSize=10, pageNum=1}\"  articleComment: \"com.febs.cms.domain.ArticleComment@679b0985\"','127.0.0.1','2020-06-15 06:15:42','内网IP|0|0|内网IP|内网IP'),(10796,'admin','获取友情链接信息',3,'com.febs.web.controller.admin.cms.FriendLinkController.index()','','127.0.0.1','2020-06-15 06:15:43','内网IP|0|0|内网IP|内网IP'),(10797,'admin','获取分类信息',3,'com.febs.web.controller.admin.shop.ProductCategoryController.index()','','127.0.0.1','2020-06-15 06:15:45','内网IP|0|0|内网IP|内网IP'),(10798,'admin','订单列表',4,'com.febs.web.controller.admin.shop.OrderController.index()','','127.0.0.1','2020-06-15 06:15:50','内网IP|0|0|内网IP|内网IP'),(10799,'admin','获取订单列表信息',6,'com.febs.web.controller.admin.shop.OrderController.orderList()','request: com.febs.security.xss.XssHttpServletRequestWrapper@71f1baaf  queryRequest: \"QueryRequest{pageSize=10, pageNum=1}\"  order: \"com.febs.shop.domain.Order@6872e937\"','127.0.0.1','2020-06-15 06:15:50','内网IP|0|0|内网IP|内网IP'),(10800,'admin','设置列表',3,'com.febs.web.controller.admin.cms.SettingController.index()','templates: \"[Ljava.lang.String;@10b99f41\"','127.0.0.1','2020-06-15 06:15:57','内网IP|0|0|内网IP|内网IP'),(10801,'admin','获取设置列表信息',6,'com.febs.web.controller.admin.cms.SettingController.settingList()','request: \"QueryRequest{pageSize=0, pageNum=0}\"  setting: \"com.febs.cms.domain.Setting@29fe0678\"','127.0.0.1','2020-06-15 06:15:57','内网IP|0|0|内网IP|内网IP'),(10802,'admin','获取导航信息',3,'com.febs.web.controller.admin.cms.NavMenuController.index()','','127.0.0.1','2020-06-15 06:16:17','内网IP|0|0|内网IP|内网IP'),(10803,'admin','设置列表',7,'com.febs.web.controller.admin.cms.ThemeController.index()','templates: \"[{id=layuiNetCompany, authorWebsite=http://www.febs.com, versionCode=1, updateUrl=, author=undead, version=1.0, screenshot=screenshot.png, title=layuiNetCompany 模板, description=这是一个学习模板}, {id=essence, authorWebsite=http://www.febs.com, versionCode=1, updateUrl=, author=wtsoftware, version=1.0, screenshot=screenshot.png, title=essence 模板, description=这是一个学习模板}]\"  theme: \"essence\"','127.0.0.1','2020-06-15 06:17:12','内网IP|0|0|内网IP|内网IP'),(10804,'admin','获取导航信息',0,'com.febs.web.controller.admin.cms.NavMenuController.index()','','127.0.0.1','2020-06-15 06:17:20','内网IP|0|0|内网IP|内网IP'),(10805,'admin','设置列表',0,'com.febs.web.controller.admin.cms.SettingController.index()','templates: \"[Ljava.lang.String;@fcb62e7\"','127.0.0.1','2020-06-15 06:17:22','内网IP|0|0|内网IP|内网IP'),(10806,'admin','获取设置列表信息',4,'com.febs.web.controller.admin.cms.SettingController.settingList()','request: \"QueryRequest{pageSize=0, pageNum=0}\"  setting: \"com.febs.cms.domain.Setting@56acf5a1\"','127.0.0.1','2020-06-15 06:17:22','内网IP|0|0|内网IP|内网IP'),(10807,'admin','设置列表',0,'com.febs.web.controller.admin.cms.SettingController.index()','templates: \"[Ljava.lang.String;@42941f92\"','127.0.0.1','2020-06-15 06:18:37','内网IP|0|0|内网IP|内网IP'),(10808,'admin','获取设置列表信息',5,'com.febs.web.controller.admin.cms.SettingController.settingList()','request: \"QueryRequest{pageSize=0, pageNum=0}\"  setting: \"com.febs.cms.domain.Setting@5385f4ff\"','127.0.0.1','2020-06-15 06:18:37','内网IP|0|0|内网IP|内网IP'),(10809,'admin','获取在线用户信息',0,'com.febs.web.controller.security.SessionController.online()','','127.0.0.1','2020-06-15 06:18:43','内网IP|0|0|内网IP|内网IP'),(10810,'admin','获取用户信息',5,'com.febs.web.controller.admin.system.UserController.userList()','request: \"QueryRequest{pageSize=10, pageNum=1}\"  user: \"MyUser{userId=null, username=\'\', password=\'null\', deptId=null, deptName=\'null\', email=\'null\', mobile=\'null\', status=\'null\', createTime=null, modifyTime=null, lastLoginTime=null, ssex=\'null\', theme=\'null\', avatar=\'null\', description=\'null\', roleName=\'null\'}\"','127.0.0.1','2020-06-15 06:18:48','内网IP|0|0|内网IP|内网IP'),(10811,'admin','获取角色信息',1,'com.febs.web.controller.admin.system.RoleController.index()','','127.0.0.1','2020-06-15 06:18:50','内网IP|0|0|内网IP|内网IP'),(10812,'admin','获取系统所有URL',2,'com.febs.web.controller.admin.system.MenuController.getAllUrl()','','127.0.0.1','2020-06-15 06:18:51','内网IP|0|0|内网IP|内网IP'),(10813,'admin','获取部门信息',1,'com.febs.web.controller.admin.system.DeptController.index()','','127.0.0.1','2020-06-15 06:18:52','内网IP|0|0|内网IP|内网IP'),(10814,'admin','获取用户信息',4,'com.febs.web.controller.admin.system.UserController.userList()','request: \"QueryRequest{pageSize=10, pageNum=1}\"  user: \"MyUser{userId=null, username=\'\', password=\'null\', deptId=null, deptName=\'null\', email=\'null\', mobile=\'null\', status=\'null\', createTime=null, modifyTime=null, lastLoginTime=null, ssex=\'null\', theme=\'null\', avatar=\'null\', description=\'null\', roleName=\'null\'}\"','127.0.0.1','2020-06-15 06:18:57','内网IP|0|0|内网IP|内网IP'),(10815,'admin','获取定时任务信息',0,'com.febs.web.controller.quartz.JobController.index()','','127.0.0.1','2020-06-15 06:19:03','内网IP|0|0|内网IP|内网IP'),(10816,'admin','获取友情链接信息',0,'com.febs.web.controller.admin.cms.FriendLinkController.index()','','127.0.0.1','2020-06-15 06:19:06','内网IP|0|0|内网IP|内网IP'),(10817,'admin','标签列表',0,'com.febs.web.controller.admin.cms.ArticleTagController.index()','','127.0.0.1','2020-06-15 06:19:06','内网IP|0|0|内网IP|内网IP'),(10818,'admin','获取标签列表信息',7,'com.febs.web.controller.admin.cms.ArticleTagController.articleList()','request: \"QueryRequest{pageSize=10, pageNum=1}\"  articleTag: \"com.febs.cms.domain.ArticleTag@26ccfaa6\"','127.0.0.1','2020-06-15 06:19:06','内网IP|0|0|内网IP|内网IP'),(10819,'admin','评论列表',0,'com.febs.web.controller.admin.cms.ArticleCommentController.index()','','127.0.0.1','2020-06-15 06:19:07','内网IP|0|0|内网IP|内网IP'),(10820,'admin','获取文章评论列表信息',3,'com.febs.web.controller.admin.cms.ArticleCommentController.articleCommentList()','request: \"QueryRequest{pageSize=10, pageNum=1}\"  articleComment: \"com.febs.cms.domain.ArticleComment@505d2728\"','127.0.0.1','2020-06-15 06:19:07','内网IP|0|0|内网IP|内网IP'),(10821,'admin','获取用户信息',6,'com.febs.web.controller.admin.system.UserController.userList()','request: \"QueryRequest{pageSize=10, pageNum=1}\"  user: \"MyUser{userId=null, username=\'\', password=\'null\', deptId=null, deptName=\'null\', email=\'null\', mobile=\'null\', status=\'null\', createTime=null, modifyTime=null, lastLoginTime=null, ssex=\'null\', theme=\'null\', avatar=\'null\', description=\'null\', roleName=\'null\'}\"','127.0.0.1','2020-06-15 06:22:21','内网IP|0|0|内网IP|内网IP'),(10822,'admin','获取角色信息',0,'com.febs.web.controller.admin.system.RoleController.index()','','127.0.0.1','2020-06-15 06:22:22','内网IP|0|0|内网IP|内网IP'),(10823,'admin','获取部门信息',0,'com.febs.web.controller.admin.system.DeptController.index()','','127.0.0.1','2020-06-15 06:22:24','内网IP|0|0|内网IP|内网IP'),(10824,'admin','获取在线用户信息',0,'com.febs.web.controller.security.SessionController.online()','','127.0.0.1','2020-06-15 06:22:34','内网IP|0|0|内网IP|内网IP'),(10825,'admin','获取系统所有URL',0,'com.febs.web.controller.admin.system.MenuController.getAllUrl()','','127.0.0.1','2020-06-15 06:22:38','内网IP|0|0|内网IP|内网IP'),(10826,'admin','获取部门信息',0,'com.febs.web.controller.admin.system.DeptController.index()','','127.0.0.1','2020-06-15 06:22:39','内网IP|0|0|内网IP|内网IP'),(10827,'admin','获取字典信息',0,'com.febs.web.controller.admin.system.DictController.index()','','127.0.0.1','2020-06-15 06:22:42','内网IP|0|0|内网IP|内网IP'),(10828,'admin','获取在线用户信息',0,'com.febs.web.controller.security.SessionController.online()','','127.0.0.1','2020-06-15 06:22:45','内网IP|0|0|内网IP|内网IP'),(10829,'admin','获取在线用户信息',0,'com.febs.web.controller.security.SessionController.online()','','127.0.0.1','2020-06-15 06:25:20','内网IP|0|0|内网IP|内网IP'),(10830,'admin','获取在线用户信息',0,'com.febs.web.controller.security.SessionController.online()','','127.0.0.1','2020-06-15 06:25:20','内网IP|0|0|内网IP|内网IP'),(10831,'admin','获取在线用户信息',0,'com.febs.web.controller.security.SessionController.online()','','127.0.0.1','2020-06-15 06:25:21','内网IP|0|0|内网IP|内网IP'),(10832,'admin','获取在线用户信息',1,'com.febs.web.controller.security.SessionController.online()','','127.0.0.1','2020-06-15 06:25:21','内网IP|0|0|内网IP|内网IP'),(10833,'admin','获取在线用户信息',0,'com.febs.web.controller.security.SessionController.online()','','127.0.0.1','2020-06-15 06:25:21','内网IP|0|0|内网IP|内网IP'),(10834,'admin','获取在线用户信息',0,'com.febs.web.controller.security.SessionController.online()','','127.0.0.1','2020-06-15 06:27:18','内网IP|0|0|内网IP|内网IP'),(10835,'admin','获取定时任务信息',0,'com.febs.web.controller.quartz.JobController.index()','','127.0.0.1','2020-06-15 06:27:40','内网IP|0|0|内网IP|内网IP'),(10836,'admin','获取调度日志信息',0,'com.febs.web.controller.quartz.JobLogController.index()','','127.0.0.1','2020-06-15 06:27:41','内网IP|0|0|内网IP|内网IP'),(10837,'admin','文章列表',0,'com.febs.web.controller.admin.cms.ArticleController.index()','','127.0.0.1','2020-06-15 06:27:43','内网IP|0|0|内网IP|内网IP'),(10838,'admin','获取文章列表信息',5,'com.febs.web.controller.admin.cms.ArticleController.articleList()','request: com.febs.security.xss.XssHttpServletRequestWrapper@3509bb66  queryRequest: \"QueryRequest{pageSize=10, pageNum=1}\"  article: \"com.febs.cms.domain.Article@224e60d8\"','127.0.0.1','2020-06-15 06:27:43','内网IP|0|0|内网IP|内网IP'),(10839,'admin','获取分类信息',0,'com.febs.web.controller.admin.cms.ArticleCategoryController.index()','','127.0.0.1','2020-06-15 06:27:44','内网IP|0|0|内网IP|内网IP'),(10840,'admin','单页列表',3,'com.febs.web.controller.admin.cms.SinglePageController.index()','','127.0.0.1','2020-06-15 06:27:44','内网IP|0|0|内网IP|内网IP'),(10841,'admin','获取单页列表信息',13,'com.febs.web.controller.admin.cms.SinglePageController.singlePageList()','request: \"QueryRequest{pageSize=10, pageNum=1}\"  singlePage: \"com.febs.cms.domain.SinglePage@28a35ca0\"','127.0.0.1','2020-06-15 06:27:44','内网IP|0|0|内网IP|内网IP'),(10842,'admin','标签列表',0,'com.febs.web.controller.admin.cms.ArticleTagController.index()','','127.0.0.1','2020-06-15 06:27:46','内网IP|0|0|内网IP|内网IP'),(10843,'admin','获取标签列表信息',6,'com.febs.web.controller.admin.cms.ArticleTagController.articleList()','request: \"QueryRequest{pageSize=10, pageNum=1}\"  articleTag: \"com.febs.cms.domain.ArticleTag@580ae5c\"','127.0.0.1','2020-06-15 06:27:46','内网IP|0|0|内网IP|内网IP'),(10844,'admin','标签列表',0,'com.febs.web.controller.admin.cms.ArticleTagController.index()','','127.0.0.1','2020-06-15 06:27:46','内网IP|0|0|内网IP|内网IP'),(10845,'admin','获取标签列表信息',4,'com.febs.web.controller.admin.cms.ArticleTagController.articleList()','request: \"QueryRequest{pageSize=10, pageNum=1}\"  articleTag: \"com.febs.cms.domain.ArticleTag@2e3dc73e\"','127.0.0.1','2020-06-15 06:27:46','内网IP|0|0|内网IP|内网IP'),(10846,'admin','订单列表',0,'com.febs.web.controller.admin.shop.OrderController.index()','','127.0.0.1','2020-06-15 06:27:50','内网IP|0|0|内网IP|内网IP'),(10847,'admin','获取订单列表信息',6,'com.febs.web.controller.admin.shop.OrderController.orderList()','request: com.febs.security.xss.XssHttpServletRequestWrapper@71dada4a  queryRequest: \"QueryRequest{pageSize=10, pageNum=1}\"  order: \"com.febs.shop.domain.Order@5f8eb7bb\"','127.0.0.1','2020-06-15 06:27:50','内网IP|0|0|内网IP|内网IP'),(10848,'admin','设置列表',0,'com.febs.web.controller.admin.cms.SettingController.index()','templates: \"[Ljava.lang.String;@2ae26b63\"','127.0.0.1','2020-06-15 06:27:53','内网IP|0|0|内网IP|内网IP'),(10849,'admin','获取设置列表信息',3,'com.febs.web.controller.admin.cms.SettingController.settingList()','request: \"QueryRequest{pageSize=0, pageNum=0}\"  setting: \"com.febs.cms.domain.Setting@5432ea8e\"','127.0.0.1','2020-06-15 06:27:53','内网IP|0|0|内网IP|内网IP'),(10850,'admin','获取导航信息',0,'com.febs.web.controller.admin.cms.NavMenuController.index()','','127.0.0.1','2020-06-15 06:27:54','内网IP|0|0|内网IP|内网IP'),(10851,'admin','设置列表',2,'com.febs.web.controller.admin.cms.ThemeController.index()','templates: \"[{id=layuiNetCompany, authorWebsite=http://www.febs.com, versionCode=1, updateUrl=, author=undead, version=1.0, screenshot=screenshot.png, title=layuiNetCompany 模板, description=这是一个学习模板}, {id=essence, authorWebsite=http://www.febs.com, versionCode=1, updateUrl=, author=wtsoftware, version=1.0, screenshot=screenshot.png, title=essence 模板, description=这是一个学习模板}]\"  theme: \"essence\"','127.0.0.1','2020-06-15 06:27:55','内网IP|0|0|内网IP|内网IP'),(10852,'admin','获取用户信息',5,'com.febs.web.controller.admin.system.UserController.userList()','request: \"QueryRequest{pageSize=10, pageNum=1}\"  user: \"MyUser{userId=null, username=\'\', password=\'null\', deptId=null, deptName=\'null\', email=\'null\', mobile=\'null\', status=\'null\', createTime=null, modifyTime=null, lastLoginTime=null, ssex=\'null\', theme=\'null\', avatar=\'null\', description=\'null\', roleName=\'null\'}\"','127.0.0.1','2020-06-15 06:27:59','内网IP|0|0|内网IP|内网IP'),(10853,'admin','获取角色信息',1,'com.febs.web.controller.admin.system.RoleController.index()','','127.0.0.1','2020-06-15 06:28:00','内网IP|0|0|内网IP|内网IP'),(10854,'admin','获取系统所有URL',1,'com.febs.web.controller.admin.system.MenuController.getAllUrl()','','127.0.0.1','2020-06-15 06:28:01','内网IP|0|0|内网IP|内网IP'),(10855,'admin','获取部门信息',0,'com.febs.web.controller.admin.system.DeptController.index()','','127.0.0.1','2020-06-15 06:28:02','内网IP|0|0|内网IP|内网IP'),(10856,'admin','获取字典信息',0,'com.febs.web.controller.admin.system.DictController.index()','','127.0.0.1','2020-06-15 06:28:03','内网IP|0|0|内网IP|内网IP'),(10857,'admin','获取在线用户信息',0,'com.febs.web.controller.security.SessionController.online()','','127.0.0.1','2020-06-15 06:28:05','内网IP|0|0|内网IP|内网IP'),(10858,'admin','获取定时任务信息',0,'com.febs.web.controller.quartz.JobController.index()','','127.0.0.1','2020-06-15 06:28:09','内网IP|0|0|内网IP|内网IP'),(10859,'admin','获取调度日志信息',0,'com.febs.web.controller.quartz.JobLogController.index()','','127.0.0.1','2020-06-15 06:28:09','内网IP|0|0|内网IP|内网IP'),(10860,'admin','文章列表',0,'com.febs.web.controller.admin.cms.ArticleController.index()','','127.0.0.1','2020-06-15 06:28:11','内网IP|0|0|内网IP|内网IP'),(10861,'admin','获取文章列表信息',5,'com.febs.web.controller.admin.cms.ArticleController.articleList()','request: com.febs.security.xss.XssHttpServletRequestWrapper@7c11a2eb  queryRequest: \"QueryRequest{pageSize=10, pageNum=1}\"  article: \"com.febs.cms.domain.Article@566f848f\"','127.0.0.1','2020-06-15 06:28:11','内网IP|0|0|内网IP|内网IP'),(10862,'admin','获取分类信息',0,'com.febs.web.controller.admin.cms.ArticleCategoryController.index()','','127.0.0.1','2020-06-15 06:28:12','内网IP|0|0|内网IP|内网IP'),(10863,'admin','单页列表',0,'com.febs.web.controller.admin.cms.SinglePageController.index()','','127.0.0.1','2020-06-15 06:28:12','内网IP|0|0|内网IP|内网IP'),(10864,'admin','获取单页列表信息',4,'com.febs.web.controller.admin.cms.SinglePageController.singlePageList()','request: \"QueryRequest{pageSize=10, pageNum=1}\"  singlePage: \"com.febs.cms.domain.SinglePage@4ab7ccb7\"','127.0.0.1','2020-06-15 06:28:13','内网IP|0|0|内网IP|内网IP'),(10865,'admin','获取友情链接信息',0,'com.febs.web.controller.admin.cms.FriendLinkController.index()','','127.0.0.1','2020-06-15 06:28:15','内网IP|0|0|内网IP|内网IP'),(10866,'admin','标签列表',0,'com.febs.web.controller.admin.cms.ArticleTagController.index()','','127.0.0.1','2020-06-15 06:28:16','内网IP|0|0|内网IP|内网IP'),(10867,'admin','获取标签列表信息',3,'com.febs.web.controller.admin.cms.ArticleTagController.articleList()','request: \"QueryRequest{pageSize=10, pageNum=1}\"  articleTag: \"com.febs.cms.domain.ArticleTag@551cc102\"','127.0.0.1','2020-06-15 06:28:16','内网IP|0|0|内网IP|内网IP'),(10868,'admin','评论列表',0,'com.febs.web.controller.admin.cms.ArticleCommentController.index()','','127.0.0.1','2020-06-15 06:28:17','内网IP|0|0|内网IP|内网IP'),(10869,'admin','获取文章评论列表信息',4,'com.febs.web.controller.admin.cms.ArticleCommentController.articleCommentList()','request: \"QueryRequest{pageSize=10, pageNum=1}\"  articleComment: \"com.febs.cms.domain.ArticleComment@6708c8e\"','127.0.0.1','2020-06-15 06:28:17','内网IP|0|0|内网IP|内网IP'),(10870,'admin','评论列表',0,'com.febs.web.controller.admin.cms.ArticleCommentController.index()','','127.0.0.1','2020-06-15 06:33:05','内网IP|0|0|内网IP|内网IP'),(10871,'admin','获取文章评论列表信息',2,'com.febs.web.controller.admin.cms.ArticleCommentController.articleCommentList()','request: \"QueryRequest{pageSize=10, pageNum=1}\"  articleComment: \"com.febs.cms.domain.ArticleComment@6f656357\"','127.0.0.1','2020-06-15 06:33:06','内网IP|0|0|内网IP|内网IP'),(10872,'admin','文章列表',0,'com.febs.web.controller.admin.cms.ArticleController.index()','','127.0.0.1','2020-06-15 06:33:08','内网IP|0|0|内网IP|内网IP'),(10873,'admin','获取文章列表信息',4,'com.febs.web.controller.admin.cms.ArticleController.articleList()','request: com.febs.security.xss.XssHttpServletRequestWrapper@6f9e0ac6  queryRequest: \"QueryRequest{pageSize=10, pageNum=1}\"  article: \"com.febs.cms.domain.Article@6df441ad\"','127.0.0.1','2020-06-15 06:33:08','内网IP|0|0|内网IP|内网IP'),(10874,'admin','获取分类信息',0,'com.febs.web.controller.admin.cms.ArticleCategoryController.index()','','127.0.0.1','2020-06-15 06:33:09','内网IP|0|0|内网IP|内网IP'),(10875,'admin','单页列表',0,'com.febs.web.controller.admin.cms.SinglePageController.index()','','127.0.0.1','2020-06-15 06:46:57','内网IP|0|0|内网IP|内网IP'),(10876,'admin','获取单页列表信息',4,'com.febs.web.controller.admin.cms.SinglePageController.singlePageList()','request: \"QueryRequest{pageSize=10, pageNum=1}\"  singlePage: \"com.febs.cms.domain.SinglePage@15ebb1e6\"','127.0.0.1','2020-06-15 06:46:58','内网IP|0|0|内网IP|内网IP'),(10877,'admin','评论列表',4,'com.febs.web.controller.admin.cms.ArticleCommentController.index()','','127.0.0.1','2020-06-15 10:36:12','内网IP|0|0|内网IP|内网IP'),(10878,'admin','获取文章评论列表信息',12,'com.febs.web.controller.admin.cms.ArticleCommentController.articleCommentList()','request: \"QueryRequest{pageSize=10, pageNum=1}\"  articleComment: \"com.febs.cms.domain.ArticleComment@217400eb\"','127.0.0.1','2020-06-15 10:36:12','内网IP|0|0|内网IP|内网IP'),(10879,'admin','评论列表',0,'com.febs.web.controller.admin.cms.ArticleCommentController.index()','','127.0.0.1','2020-06-15 10:36:31','内网IP|0|0|内网IP|内网IP'),(10880,'admin','获取文章评论列表信息',6,'com.febs.web.controller.admin.cms.ArticleCommentController.articleCommentList()','request: \"QueryRequest{pageSize=10, pageNum=1}\"  articleComment: \"com.febs.cms.domain.ArticleComment@30c10950\"','127.0.0.1','2020-06-15 10:36:31','内网IP|0|0|内网IP|内网IP'),(10881,'admin','评论列表',0,'com.febs.web.controller.admin.cms.ArticleCommentController.index()','','127.0.0.1','2020-06-15 10:36:48','内网IP|0|0|内网IP|内网IP'),(10882,'admin','获取文章评论列表信息',5,'com.febs.web.controller.admin.cms.ArticleCommentController.articleCommentList()','request: \"QueryRequest{pageSize=10, pageNum=1}\"  articleComment: \"com.febs.cms.domain.ArticleComment@7cbf7f7d\"','127.0.0.1','2020-06-15 10:36:48','内网IP|0|0|内网IP|内网IP'),(10883,'admin','获取系统所有URL',12,'com.febs.web.controller.admin.system.MenuController.getAllUrl()','','127.0.0.1','2020-06-15 10:58:41','内网IP|0|0|内网IP|内网IP'),(10884,'admin','获取角色信息',3,'com.febs.web.controller.admin.system.RoleController.index()','','127.0.0.1','2020-06-15 11:04:35','内网IP|0|0|内网IP|内网IP'),(10885,'admin','修改角色',98,'com.febs.web.controller.admin.system.RoleController.updateRole()','role: \"com.febs.system.domain.Role@148d4f9b\"  menuId: \"[Ljava.lang.Long;@76921848\"','127.0.0.1','2020-06-15 11:04:44','内网IP|0|0|内网IP|内网IP'),(10886,'admin','获取角色信息',0,'com.febs.web.controller.admin.system.RoleController.index()','','127.0.0.1','2020-06-15 11:04:47','内网IP|0|0|内网IP|内网IP'),(10887,'admin','获取角色信息',1,'com.febs.web.controller.admin.system.RoleController.index()','','127.0.0.1','2020-06-15 11:05:03','内网IP|0|0|内网IP|内网IP'),(10888,'admin','评论列表',4,'com.febs.web.controller.admin.shop.ProductCommentController.index()','','127.0.0.1','2020-06-15 11:05:30','内网IP|0|0|内网IP|内网IP'),(10889,'admin','获取商品评论列表信息',7,'com.febs.web.controller.admin.shop.ProductCommentController.productCommentList()','request: \"QueryRequest{pageSize=10, pageNum=1}\"  productComment: \"com.febs.shop.domain.ProductComment@4dce25c7\"','127.0.0.1','2020-06-15 11:05:30','内网IP|0|0|内网IP|内网IP'),(10890,'admin','评论列表',0,'com.febs.web.controller.admin.shop.ProductCommentController.index()','','127.0.0.1','2020-06-15 11:09:14','内网IP|0|0|内网IP|内网IP'),(10891,'admin','获取商品评论列表信息',6,'com.febs.web.controller.admin.shop.ProductCommentController.productCommentList()','request: \"QueryRequest{pageSize=10, pageNum=1}\"  productComment: \"com.febs.shop.domain.ProductComment@47614226\"','127.0.0.1','2020-06-15 11:09:14','内网IP|0|0|内网IP|内网IP'),(10892,'admin','评论列表',0,'com.febs.web.controller.admin.shop.ProductCommentController.index()','','127.0.0.1','2020-06-15 11:09:49','内网IP|0|0|内网IP|内网IP'),(10893,'admin','获取商品评论列表信息',6,'com.febs.web.controller.admin.shop.ProductCommentController.productCommentList()','request: \"QueryRequest{pageSize=10, pageNum=1}\"  productComment: \"com.febs.shop.domain.ProductComment@754092ab\"','127.0.0.1','2020-06-15 11:09:49','内网IP|0|0|内网IP|内网IP'),(10894,'admin','评论列表',0,'com.febs.web.controller.admin.shop.ProductCommentController.index()','','127.0.0.1','2020-06-15 11:10:38','内网IP|0|0|内网IP|内网IP'),(10895,'admin','获取商品评论列表信息',7,'com.febs.web.controller.admin.shop.ProductCommentController.productCommentList()','request: \"QueryRequest{pageSize=10, pageNum=1}\"  productComment: \"com.febs.shop.domain.ProductComment@718e63c8\"','127.0.0.1','2020-06-15 11:10:38','内网IP|0|0|内网IP|内网IP'),(10896,'admin','评论列表',0,'com.febs.web.controller.admin.shop.ProductCommentController.index()','','127.0.0.1','2020-06-15 11:12:54','内网IP|0|0|内网IP|内网IP'),(10897,'admin','获取商品评论列表信息',4,'com.febs.web.controller.admin.shop.ProductCommentController.productCommentList()','request: \"QueryRequest{pageSize=10, pageNum=1}\"  productComment: \"com.febs.shop.domain.ProductComment@14f176ec\"','127.0.0.1','2020-06-15 11:12:55','内网IP|0|0|内网IP|内网IP'),(10898,'admin','更新商品评论',5,'com.febs.web.controller.admin.shop.ProductCommentController.updateProductComment()','productComment: \"com.febs.shop.domain.ProductComment@4d932b74\"  request: com.febs.security.xss.XssHttpServletRequestWrapper@3ea907f7','127.0.0.1','2020-06-15 11:15:10','内网IP|0|0|内网IP|内网IP'),(10899,'admin','获取商品评论列表信息',3,'com.febs.web.controller.admin.shop.ProductCommentController.productCommentList()','request: \"QueryRequest{pageSize=10, pageNum=1}\"  productComment: \"com.febs.shop.domain.ProductComment@38f37309\"','127.0.0.1','2020-06-15 11:15:10','内网IP|0|0|内网IP|内网IP'),(10900,'admin','评论列表',3,'com.febs.web.controller.admin.shop.ProductCommentController.index()','','127.0.0.1','2020-06-15 15:19:35','内网IP|0|0|内网IP|内网IP'),(10901,'admin','获取商品评论列表信息',6,'com.febs.web.controller.admin.shop.ProductCommentController.productCommentList()','request: \"QueryRequest{pageSize=10, pageNum=1}\"  productComment: \"com.febs.shop.domain.ProductComment@3635836c\"','127.0.0.1','2020-06-15 15:19:35','内网IP|0|0|内网IP|内网IP'),(10902,'admin','更新商品评论',5,'com.febs.web.controller.admin.shop.ProductCommentController.updateProductComment()','productComment: \"com.febs.shop.domain.ProductComment@38ca76db\"  request: com.febs.security.xss.XssHttpServletRequestWrapper@bae5fd','127.0.0.1','2020-06-15 15:19:43','内网IP|0|0|内网IP|内网IP'),(10903,'admin','获取商品评论列表信息',4,'com.febs.web.controller.admin.shop.ProductCommentController.productCommentList()','request: \"QueryRequest{pageSize=10, pageNum=1}\"  productComment: \"com.febs.shop.domain.ProductComment@680735ff\"','127.0.0.1','2020-06-15 15:19:43','内网IP|0|0|内网IP|内网IP'),(10904,'admin','更新商品评论',5,'com.febs.web.controller.admin.shop.ProductCommentController.updateProductComment()','productComment: \"com.febs.shop.domain.ProductComment@310d23af\"  request: com.febs.security.xss.XssHttpServletRequestWrapper@235ef179','127.0.0.1','2020-06-15 15:19:49','内网IP|0|0|内网IP|内网IP'),(10905,'admin','获取商品评论列表信息',3,'com.febs.web.controller.admin.shop.ProductCommentController.productCommentList()','request: \"QueryRequest{pageSize=10, pageNum=1}\"  productComment: \"com.febs.shop.domain.ProductComment@6308bc57\"','127.0.0.1','2020-06-15 15:19:49','内网IP|0|0|内网IP|内网IP'),(10906,'admin','文章列表',3,'com.febs.web.controller.admin.cms.ArticleController.index()','','127.0.0.1','2020-06-16 01:23:07','内网IP|0|0|内网IP|内网IP'),(10907,'admin','获取文章列表信息',9,'com.febs.web.controller.admin.cms.ArticleController.articleList()','request: com.febs.security.xss.XssHttpServletRequestWrapper@1fa7077b  queryRequest: \"QueryRequest{pageSize=10, pageNum=1}\"  article: \"com.febs.cms.domain.Article@71e62f5c\"','127.0.0.1','2020-06-16 01:23:08','内网IP|0|0|内网IP|内网IP'),(10908,'admin','获取分类信息',1,'com.febs.web.controller.admin.cms.ArticleCategoryController.index()','','127.0.0.1','2020-06-16 01:23:09','内网IP|0|0|内网IP|内网IP'),(10909,'admin','单页列表',3,'com.febs.web.controller.admin.cms.SinglePageController.index()','','127.0.0.1','2020-06-16 01:23:11','内网IP|0|0|内网IP|内网IP'),(10910,'admin','获取单页列表信息',7,'com.febs.web.controller.admin.cms.SinglePageController.singlePageList()','request: \"QueryRequest{pageSize=10, pageNum=1}\"  singlePage: \"com.febs.cms.domain.SinglePage@3b528536\"','127.0.0.1','2020-06-16 01:23:11','内网IP|0|0|内网IP|内网IP'),(10911,'admin','获取友情链接信息',3,'com.febs.web.controller.admin.cms.FriendLinkController.index()','','127.0.0.1','2020-06-16 01:23:16','内网IP|0|0|内网IP|内网IP'),(10912,'admin','标签列表',3,'com.febs.web.controller.admin.cms.ArticleTagController.index()','','127.0.0.1','2020-06-16 01:23:18','内网IP|0|0|内网IP|内网IP'),(10913,'admin','获取标签列表信息',11,'com.febs.web.controller.admin.cms.ArticleTagController.articleList()','request: \"QueryRequest{pageSize=10, pageNum=1}\"  articleTag: \"com.febs.cms.domain.ArticleTag@2bea3a6f\"','127.0.0.1','2020-06-16 01:23:18','内网IP|0|0|内网IP|内网IP'),(10914,'admin','评论列表',2,'com.febs.web.controller.admin.cms.ArticleCommentController.index()','','127.0.0.1','2020-06-16 01:23:21','内网IP|0|0|内网IP|内网IP'),(10915,'admin','获取文章评论列表信息',14,'com.febs.web.controller.admin.cms.ArticleCommentController.articleCommentList()','request: \"QueryRequest{pageSize=10, pageNum=1}\"  articleComment: \"com.febs.cms.domain.ArticleComment@518cd383\"','127.0.0.1','2020-06-16 01:23:21','内网IP|0|0|内网IP|内网IP'),(10916,'admin','评论列表',3,'com.febs.web.controller.admin.shop.ProductCommentController.index()','','127.0.0.1','2020-06-16 01:23:24','内网IP|0|0|内网IP|内网IP'),(10917,'admin','获取商品评论列表信息',11,'com.febs.web.controller.admin.shop.ProductCommentController.productCommentList()','request: \"QueryRequest{pageSize=10, pageNum=1}\"  productComment: \"com.febs.shop.domain.ProductComment@70f6932c\"','127.0.0.1','2020-06-16 01:23:24','内网IP|0|0|内网IP|内网IP'),(10918,'admin','评论列表',0,'com.febs.web.controller.admin.shop.ProductCommentController.index()','','127.0.0.1','2020-06-16 01:33:57','内网IP|0|0|内网IP|内网IP'),(10919,'admin','获取商品评论列表信息',5,'com.febs.web.controller.admin.shop.ProductCommentController.productCommentList()','request: \"QueryRequest{pageSize=10, pageNum=1}\"  productComment: \"com.febs.shop.domain.ProductComment@1b039fc9\"','127.0.0.1','2020-06-16 01:33:57','内网IP|0|0|内网IP|内网IP'),(10920,'admin','更新商品评论',5,'com.febs.web.controller.admin.shop.ProductCommentController.updateProductComment()','productComment: \"com.febs.shop.domain.ProductComment@6493beba\"  request: com.febs.security.xss.XssHttpServletRequestWrapper@31d32469','127.0.0.1','2020-06-16 01:34:04','内网IP|0|0|内网IP|内网IP'),(10921,'admin','获取商品评论列表信息',3,'com.febs.web.controller.admin.shop.ProductCommentController.productCommentList()','request: \"QueryRequest{pageSize=10, pageNum=1}\"  productComment: \"com.febs.shop.domain.ProductComment@261ddb26\"','127.0.0.1','2020-06-16 01:34:04','内网IP|0|0|内网IP|内网IP'),(10922,'admin','订单列表',5,'com.febs.web.controller.admin.shop.OrderController.index()','','127.0.0.1','2020-06-16 01:56:04','内网IP|0|0|内网IP|内网IP'),(10923,'admin','获取订单列表信息',10,'com.febs.web.controller.admin.shop.OrderController.orderList()','request: com.febs.security.xss.XssHttpServletRequestWrapper@2dfed2a1  queryRequest: \"QueryRequest{pageSize=10, pageNum=1}\"  order: \"com.febs.shop.domain.Order@18df120c\"','127.0.0.1','2020-06-16 01:56:04','内网IP|0|0|内网IP|内网IP'),(10924,'admin','评论列表',3,'com.febs.web.controller.admin.shop.ProductCommentController.index()','','127.0.0.1','2020-06-16 01:56:05','内网IP|0|0|内网IP|内网IP'),(10925,'admin','获取商品评论列表信息',12,'com.febs.web.controller.admin.shop.ProductCommentController.productCommentList()','request: \"QueryRequest{pageSize=10, pageNum=1}\"  productComment: \"com.febs.shop.domain.ProductComment@19003394\"','127.0.0.1','2020-06-16 01:56:05','内网IP|0|0|内网IP|内网IP'),(10926,'admin','评论列表',0,'com.febs.web.controller.admin.shop.ProductCommentController.index()','','127.0.0.1','2020-06-16 01:57:04','内网IP|0|0|内网IP|内网IP'),(10927,'admin','获取商品评论列表信息',8,'com.febs.web.controller.admin.shop.ProductCommentController.productCommentList()','request: \"QueryRequest{pageSize=10, pageNum=1}\"  productComment: \"com.febs.shop.domain.ProductComment@7c4a0b75\"','127.0.0.1','2020-06-16 01:57:04','内网IP|0|0|内网IP|内网IP'),(10928,'admin','更新商品评论',5,'com.febs.web.controller.admin.shop.ProductCommentController.updateProductComment()','productComment: \"com.febs.shop.domain.ProductComment@1939c9e\"  request: com.febs.security.xss.XssHttpServletRequestWrapper@549a9409','127.0.0.1','2020-06-16 01:57:15','内网IP|0|0|内网IP|内网IP'),(10929,'admin','获取商品评论列表信息',4,'com.febs.web.controller.admin.shop.ProductCommentController.productCommentList()','request: \"QueryRequest{pageSize=10, pageNum=1}\"  productComment: \"com.febs.shop.domain.ProductComment@1609aed9\"','127.0.0.1','2020-06-16 01:57:15','内网IP|0|0|内网IP|内网IP'),(10930,'admin','订单列表',4,'com.febs.web.controller.admin.shop.OrderController.index()','','127.0.0.1','2020-06-16 07:21:12','内网IP|0|0|内网IP|内网IP'),(10931,'admin','获取订单列表信息',4,'com.febs.web.controller.admin.shop.OrderController.orderList()','request: com.febs.security.xss.XssHttpServletRequestWrapper@321e61c7  queryRequest: \"QueryRequest{pageSize=10, pageNum=1}\"  order: \"com.febs.shop.domain.Order@4a9aa4e7\"','127.0.0.1','2020-06-16 07:21:12','内网IP|0|0|内网IP|内网IP'),(10932,'admin','获取用户信息',11,'com.febs.web.controller.admin.system.UserController.userList()','request: \"QueryRequest{pageSize=10, pageNum=1}\"  user: \"MyUser{userId=null, username=\'\', password=\'null\', deptId=null, deptName=\'null\', email=\'null\', mobile=\'null\', status=\'null\', createTime=null, modifyTime=null, lastLoginTime=null, ssex=\'null\', theme=\'null\', avatar=\'null\', description=\'null\', roleName=\'null\'}\"','127.0.0.1','2020-06-16 07:21:43','内网IP|0|0|内网IP|内网IP'),(10933,'admin','获取定时任务信息',3,'com.febs.web.controller.quartz.JobController.index()','','127.0.0.1','2020-06-16 07:26:00','内网IP|0|0|内网IP|内网IP'),(10934,'admin','获取在线用户信息',2,'com.febs.web.controller.security.SessionController.online()','','127.0.0.1','2020-06-16 07:26:02','内网IP|0|0|内网IP|内网IP'),(10935,'admin','获取用户信息',4,'com.febs.web.controller.admin.system.UserController.userList()','request: \"QueryRequest{pageSize=10, pageNum=1}\"  user: \"MyUser{userId=null, username=\'\', password=\'null\', deptId=null, deptName=\'null\', email=\'null\', mobile=\'null\', status=\'null\', createTime=null, modifyTime=null, lastLoginTime=null, ssex=\'null\', theme=\'null\', avatar=\'null\', description=\'null\', roleName=\'null\'}\"','127.0.0.1','2020-06-16 07:26:06','内网IP|0|0|内网IP|内网IP'),(10936,'admin','获取角色信息',0,'com.febs.web.controller.admin.system.RoleController.index()','','127.0.0.1','2020-06-16 07:26:06','内网IP|0|0|内网IP|内网IP'),(10937,'admin','获取系统所有URL',11,'com.febs.web.controller.admin.system.MenuController.getAllUrl()','','127.0.0.1','2020-06-16 07:26:07','内网IP|0|0|内网IP|内网IP'),(10938,'admin','获取字典信息',3,'com.febs.web.controller.admin.system.DictController.index()','','127.0.0.1','2020-06-16 07:26:08','内网IP|0|0|内网IP|内网IP'),(10939,'admin','设置列表',6,'com.febs.web.controller.admin.cms.ThemeController.index()','templates: \"[{id=layuiNetCompany, authorWebsite=http://www.febs.com, versionCode=1, updateUrl=, author=undead, version=1.0, screenshot=screenshot.png, title=layuiNetCompany 模板, description=这是一个学习模板}, {id=essence, authorWebsite=http://www.febs.com, versionCode=1, updateUrl=, author=wtsoftware, version=1.0, screenshot=screenshot.png, title=essence 模板, description=这是一个学习模板}]\"  theme: \"essence\"','127.0.0.1','2020-06-16 07:26:14','内网IP|0|0|内网IP|内网IP'),(10940,'admin','获取导航信息',2,'com.febs.web.controller.admin.cms.NavMenuController.index()','','127.0.0.1','2020-06-16 07:26:15','内网IP|0|0|内网IP|内网IP'),(10941,'admin','设置列表',3,'com.febs.web.controller.admin.cms.SettingController.index()','templates: \"[Ljava.lang.String;@13d5d760\"','127.0.0.1','2020-06-16 07:26:15','内网IP|0|0|内网IP|内网IP'),(10942,'admin','获取设置列表信息',5,'com.febs.web.controller.admin.cms.SettingController.settingList()','request: \"QueryRequest{pageSize=0, pageNum=0}\"  setting: \"com.febs.cms.domain.Setting@14ab5637\"','127.0.0.1','2020-06-16 07:26:15','内网IP|0|0|内网IP|内网IP'),(10943,'admin','文章列表',5,'com.febs.web.controller.admin.cms.ArticleController.index()','','127.0.0.1','2020-06-18 09:22:29','内网IP|0|0|内网IP|内网IP'),(10944,'admin','获取文章列表信息',19,'com.febs.web.controller.admin.cms.ArticleController.articleList()','request: com.febs.security.xss.XssHttpServletRequestWrapper@53c7b25b  queryRequest: \"QueryRequest{pageSize=10, pageNum=1}\"  article: \"com.febs.cms.domain.Article@39e5c3d1\"','127.0.0.1','2020-06-18 09:22:29','内网IP|0|0|内网IP|内网IP'),(10945,'admin','获取分类信息',1,'com.febs.web.controller.admin.cms.ArticleCategoryController.index()','','127.0.0.1','2020-06-18 09:22:30','内网IP|0|0|内网IP|内网IP'),(10946,'admin','单页列表',4,'com.febs.web.controller.admin.cms.SinglePageController.index()','','127.0.0.1','2020-06-18 09:22:31','内网IP|0|0|内网IP|内网IP'),(10947,'admin','获取单页列表信息',9,'com.febs.web.controller.admin.cms.SinglePageController.singlePageList()','request: \"QueryRequest{pageSize=10, pageNum=1}\"  singlePage: \"com.febs.cms.domain.SinglePage@735bf56b\"','127.0.0.1','2020-06-18 09:22:32','内网IP|0|0|内网IP|内网IP'),(10948,'admin','获取友情链接信息',4,'com.febs.web.controller.admin.cms.FriendLinkController.index()','','127.0.0.1','2020-06-18 09:22:33','内网IP|0|0|内网IP|内网IP'),(10949,'admin','获取用户信息',11,'com.febs.web.controller.admin.system.UserController.userList()','request: \"QueryRequest{pageSize=10, pageNum=1}\"  user: \"MyUser{userId=null, username=\'\', password=\'null\', deptId=null, deptName=\'null\', email=\'null\', mobile=\'null\', status=\'null\', createTime=null, modifyTime=null, lastLoginTime=null, ssex=\'null\', theme=\'null\', avatar=\'null\', description=\'null\', roleName=\'null\'}\"','127.0.0.1','2020-06-18 09:25:01','内网IP|0|0|内网IP|内网IP'),(10950,'admin','获取角色信息',0,'com.febs.web.controller.admin.system.RoleController.index()','','127.0.0.1','2020-06-18 09:25:02','内网IP|0|0|内网IP|内网IP'),(10951,'admin','获取角色信息',0,'com.febs.web.controller.admin.system.RoleController.index()','','127.0.0.1','2020-06-18 09:25:13','内网IP|0|0|内网IP|内网IP'),(10952,'admin','文章列表',7,'com.febs.web.controller.admin.cms.ArticleController.index()','','127.0.0.1','2020-06-19 00:35:51','内网IP|0|0|内网IP|内网IP'),(10953,'admin','获取文章列表信息',35,'com.febs.web.controller.admin.cms.ArticleController.articleList()','request: com.febs.security.xss.XssHttpServletRequestWrapper@6efdeb5c  queryRequest: \"QueryRequest{pageSize=10, pageNum=1}\"  article: \"com.febs.cms.domain.Article@15d2a38b\"','127.0.0.1','2020-06-19 00:35:51','内网IP|0|0|内网IP|内网IP'),(10954,'admin','文章列表',0,'com.febs.web.controller.admin.cms.ArticleController.index()','','127.0.0.1','2020-06-19 00:36:28','内网IP|0|0|内网IP|内网IP'),(10955,'admin','获取文章列表信息',14,'com.febs.web.controller.admin.cms.ArticleController.articleList()','request: com.febs.security.xss.XssHttpServletRequestWrapper@cae4cfe  queryRequest: \"QueryRequest{pageSize=10, pageNum=1}\"  article: \"com.febs.cms.domain.Article@5a25c0ac\"','127.0.0.1','2020-06-19 00:36:28','内网IP|0|0|内网IP|内网IP'),(10956,'admin','文章列表',0,'com.febs.web.controller.admin.cms.ArticleController.index()','','127.0.0.1','2020-06-19 00:37:13','内网IP|0|0|内网IP|内网IP'),(10957,'admin','获取文章列表信息',9,'com.febs.web.controller.admin.cms.ArticleController.articleList()','request: com.febs.security.xss.XssHttpServletRequestWrapper@4af2a95  queryRequest: \"QueryRequest{pageSize=10, pageNum=1}\"  article: \"com.febs.cms.domain.Article@50131edd\"','127.0.0.1','2020-06-19 00:37:14','内网IP|0|0|内网IP|内网IP'),(10958,'admin','文章列表',0,'com.febs.web.controller.admin.cms.ArticleController.index()','','127.0.0.1','2020-06-19 00:37:34','内网IP|0|0|内网IP|内网IP'),(10959,'admin','获取文章列表信息',9,'com.febs.web.controller.admin.cms.ArticleController.articleList()','request: com.febs.security.xss.XssHttpServletRequestWrapper@5e81b25d  queryRequest: \"QueryRequest{pageSize=10, pageNum=1}\"  article: \"com.febs.cms.domain.Article@3e816fb\"','127.0.0.1','2020-06-19 00:37:35','内网IP|0|0|内网IP|内网IP'),(10960,'admin','文章列表',0,'com.febs.web.controller.admin.cms.ArticleController.index()','','127.0.0.1','2020-06-19 00:38:27','内网IP|0|0|内网IP|内网IP'),(10961,'admin','获取文章列表信息',8,'com.febs.web.controller.admin.cms.ArticleController.articleList()','request: com.febs.security.xss.XssHttpServletRequestWrapper@65bd817e  queryRequest: \"QueryRequest{pageSize=10, pageNum=1}\"  article: \"com.febs.cms.domain.Article@5878bde3\"','127.0.0.1','2020-06-19 00:38:27','内网IP|0|0|内网IP|内网IP'),(10962,'admin','修改文章',55,'com.febs.web.controller.admin.cms.ArticleController.updateArticle()','article: \"com.febs.cms.domain.Article@2678bce\"  request: com.febs.security.xss.XssHttpServletRequestWrapper@6d741304','127.0.0.1','2020-06-19 00:39:03','内网IP|0|0|内网IP|内网IP'),(10963,'admin','获取文章列表信息',7,'com.febs.web.controller.admin.cms.ArticleController.articleList()','request: com.febs.security.xss.XssHttpServletRequestWrapper@77a7b387  queryRequest: \"QueryRequest{pageSize=10, pageNum=1}\"  article: \"com.febs.cms.domain.Article@3db54348\"','127.0.0.1','2020-06-19 00:39:03','内网IP|0|0|内网IP|内网IP'),(10964,'admin','修改文章',76,'com.febs.web.controller.admin.cms.ArticleController.updateArticle()','article: \"com.febs.cms.domain.Article@57d7a8a4\"  request: com.febs.security.xss.XssHttpServletRequestWrapper@3c84d973','127.0.0.1','2020-06-19 00:39:21','内网IP|0|0|内网IP|内网IP'),(10965,'admin','修改文章',20,'com.febs.web.controller.admin.cms.ArticleController.updateArticle()','article: \"com.febs.cms.domain.Article@36910e8\"  request: com.febs.security.xss.XssHttpServletRequestWrapper@173aa446','127.0.0.1','2020-06-19 00:39:51','内网IP|0|0|内网IP|内网IP'),(10966,'admin','获取文章列表信息',16,'com.febs.web.controller.admin.cms.ArticleController.articleList()','request: com.febs.security.xss.XssHttpServletRequestWrapper@60dd1b88  queryRequest: \"QueryRequest{pageSize=10, pageNum=1}\"  article: \"com.febs.cms.domain.Article@6dccdd03\"','127.0.0.1','2020-06-19 00:39:51','内网IP|0|0|内网IP|内网IP'),(10967,'admin','文章列表',5,'com.febs.web.controller.admin.cms.ArticleController.index()','','127.0.0.1','2020-06-19 00:54:23','内网IP|0|0|内网IP|内网IP'),(10968,'admin','获取文章列表信息',17,'com.febs.web.controller.admin.cms.ArticleController.articleList()','request: com.febs.security.xss.XssHttpServletRequestWrapper@17225110  queryRequest: \"QueryRequest{pageSize=10, pageNum=1}\"  article: \"com.febs.cms.domain.Article@4d58eb92\"','127.0.0.1','2020-06-19 00:54:24','内网IP|0|0|内网IP|内网IP'),(10969,'admin','修改文章',52,'com.febs.web.controller.admin.cms.ArticleController.updateArticle()','article: \"com.febs.cms.domain.Article@1a8c4ecd\"  request: com.febs.security.xss.XssHttpServletRequestWrapper@4f357200','127.0.0.1','2020-06-19 00:54:36','内网IP|0|0|内网IP|内网IP'),(10970,'admin','获取文章列表信息',42,'com.febs.web.controller.admin.cms.ArticleController.articleList()','request: com.febs.security.xss.XssHttpServletRequestWrapper@6bd92dc4  queryRequest: \"QueryRequest{pageSize=10, pageNum=1}\"  article: \"com.febs.cms.domain.Article@5013e80e\"','127.0.0.1','2020-06-19 00:54:36','内网IP|0|0|内网IP|内网IP'),(10971,'admin','文章列表',5,'com.febs.web.controller.admin.cms.ArticleController.index()','','127.0.0.1','2020-06-19 01:08:27','内网IP|0|0|内网IP|内网IP'),(10972,'admin','获取文章列表信息',18,'com.febs.web.controller.admin.cms.ArticleController.articleList()','request: com.febs.security.xss.XssHttpServletRequestWrapper@7f03bb3b  queryRequest: \"QueryRequest{pageSize=10, pageNum=1}\"  article: \"com.febs.cms.domain.Article@3393d6c8\"','127.0.0.1','2020-06-19 01:08:27','内网IP|0|0|内网IP|内网IP'),(10973,'admin','修改文章',44,'com.febs.web.controller.admin.cms.ArticleController.updateArticle()','article: \"com.febs.cms.domain.Article@7aa14017\"  request: com.febs.security.xss.XssHttpServletRequestWrapper@4b5feb3b','127.0.0.1','2020-06-19 01:08:34','内网IP|0|0|内网IP|内网IP'),(10974,'admin','获取文章列表信息',28,'com.febs.web.controller.admin.cms.ArticleController.articleList()','request: com.febs.security.xss.XssHttpServletRequestWrapper@a84a95d  queryRequest: \"QueryRequest{pageSize=10, pageNum=1}\"  article: \"com.febs.cms.domain.Article@5c157977\"','127.0.0.1','2020-06-19 01:08:34','内网IP|0|0|内网IP|内网IP'),(10975,'admin','文章列表',7,'com.febs.web.controller.admin.cms.ArticleController.index()','','127.0.0.1','2020-06-19 01:13:01','内网IP|0|0|内网IP|内网IP'),(10976,'admin','获取文章列表信息',21,'com.febs.web.controller.admin.cms.ArticleController.articleList()','request: com.febs.security.xss.XssHttpServletRequestWrapper@17bbec6  queryRequest: \"QueryRequest{pageSize=10, pageNum=1}\"  article: \"com.febs.cms.domain.Article@772a6d8f\"','127.0.0.1','2020-06-19 01:13:01','内网IP|0|0|内网IP|内网IP'),(10977,'admin','修改文章',47,'com.febs.web.controller.admin.cms.ArticleController.updateArticle()','article: \"com.febs.cms.domain.Article@696569ca\"  request: com.febs.security.xss.XssHttpServletRequestWrapper@7416d542','127.0.0.1','2020-06-19 01:13:08','内网IP|0|0|内网IP|内网IP'),(10978,'admin','获取文章列表信息',15,'com.febs.web.controller.admin.cms.ArticleController.articleList()','request: com.febs.security.xss.XssHttpServletRequestWrapper@1a381e2a  queryRequest: \"QueryRequest{pageSize=10, pageNum=1}\"  article: \"com.febs.cms.domain.Article@3cef16f3\"','127.0.0.1','2020-06-19 01:13:08','内网IP|0|0|内网IP|内网IP'),(10979,'admin','修改文章',30,'com.febs.web.controller.admin.cms.ArticleController.updateArticle()','article: \"com.febs.cms.domain.Article@2a5c236c\"  request: com.febs.security.xss.XssHttpServletRequestWrapper@4a9f82cf','127.0.0.1','2020-06-19 01:13:16','内网IP|0|0|内网IP|内网IP'),(10980,'admin','获取文章列表信息',32,'com.febs.web.controller.admin.cms.ArticleController.articleList()','request: com.febs.security.xss.XssHttpServletRequestWrapper@2caf2cf0  queryRequest: \"QueryRequest{pageSize=10, pageNum=1}\"  article: \"com.febs.cms.domain.Article@1497ae41\"','127.0.0.1','2020-06-19 01:13:16','内网IP|0|0|内网IP|内网IP'),(10981,'admin','修改文章',5,'com.febs.web.controller.admin.cms.ArticleController.updateArticle()','article: \"com.febs.cms.domain.Article@5a3cb0b8\"  request: com.febs.security.xss.XssHttpServletRequestWrapper@60364932','127.0.0.1','2020-06-19 01:13:22','内网IP|0|0|内网IP|内网IP'),(10982,'admin','修改文章',9,'com.febs.web.controller.admin.cms.ArticleController.updateArticle()','article: \"com.febs.cms.domain.Article@6b0986ef\"  request: com.febs.security.xss.XssHttpServletRequestWrapper@754c16d3','127.0.0.1','2020-06-19 01:14:37','内网IP|0|0|内网IP|内网IP'),(10983,'admin','修改文章',4,'com.febs.web.controller.admin.cms.ArticleController.updateArticle()','article: \"com.febs.cms.domain.Article@65b1460f\"  request: com.febs.security.xss.XssHttpServletRequestWrapper@1ffbcd46','127.0.0.1','2020-06-19 01:15:19','内网IP|0|0|内网IP|内网IP'),(10984,'admin','修改文章',2,'com.febs.web.controller.admin.cms.ArticleController.updateArticle()','article: \"com.febs.cms.domain.Article@1a39281a\"  request: com.febs.security.xss.XssHttpServletRequestWrapper@49366bd4','127.0.0.1','2020-06-19 01:16:03','内网IP|0|0|内网IP|内网IP'),(10985,'admin','修改文章',6946,'com.febs.web.controller.admin.cms.ArticleController.updateArticle()','article: \"com.febs.cms.domain.Article@1f8cde83\"  request: com.febs.security.xss.XssHttpServletRequestWrapper@7851ec4','127.0.0.1','2020-06-19 01:16:36','内网IP|0|0|内网IP|内网IP'),(10986,'admin','获取文章列表信息',26,'com.febs.web.controller.admin.cms.ArticleController.articleList()','request: com.febs.security.xss.XssHttpServletRequestWrapper@3570ee42  queryRequest: \"QueryRequest{pageSize=10, pageNum=1}\"  article: \"com.febs.cms.domain.Article@4383d8c3\"','127.0.0.1','2020-06-19 01:16:36','内网IP|0|0|内网IP|内网IP'),(10987,'admin','修改文章',20,'com.febs.web.controller.admin.cms.ArticleController.updateArticle()','article: \"com.febs.cms.domain.Article@36618eae\"  request: com.febs.security.xss.XssHttpServletRequestWrapper@71960602','127.0.0.1','2020-06-19 01:16:47','内网IP|0|0|内网IP|内网IP'),(10988,'admin','获取文章列表信息',12,'com.febs.web.controller.admin.cms.ArticleController.articleList()','request: com.febs.security.xss.XssHttpServletRequestWrapper@736138d8  queryRequest: \"QueryRequest{pageSize=10, pageNum=1}\"  article: \"com.febs.cms.domain.Article@68f036e2\"','127.0.0.1','2020-06-19 01:16:47','内网IP|0|0|内网IP|内网IP'),(10989,'admin','修改文章',5,'com.febs.web.controller.admin.cms.ArticleController.updateArticle()','article: \"com.febs.cms.domain.Article@57d599f9\"  request: com.febs.security.xss.XssHttpServletRequestWrapper@4829f1f5','127.0.0.1','2020-06-19 01:16:54','内网IP|0|0|内网IP|内网IP'),(10990,'admin','修改文章',19,'com.febs.web.controller.admin.cms.ArticleController.updateArticle()','article: \"com.febs.cms.domain.Article@a8ffe2f\"  request: com.febs.security.xss.XssHttpServletRequestWrapper@37f6729d','127.0.0.1','2020-06-19 01:16:59','内网IP|0|0|内网IP|内网IP'),(10991,'admin','获取文章列表信息',8,'com.febs.web.controller.admin.cms.ArticleController.articleList()','request: com.febs.security.xss.XssHttpServletRequestWrapper@4369984  queryRequest: \"QueryRequest{pageSize=10, pageNum=1}\"  article: \"com.febs.cms.domain.Article@6c081809\"','127.0.0.1','2020-06-19 01:16:59','内网IP|0|0|内网IP|内网IP'),(10992,'admin','修改文章',21,'com.febs.web.controller.admin.cms.ArticleController.updateArticle()','article: \"com.febs.cms.domain.Article@39b2a2fa\"  request: com.febs.security.xss.XssHttpServletRequestWrapper@6e57e18a','127.0.0.1','2020-06-19 01:17:05','内网IP|0|0|内网IP|内网IP'),(10993,'admin','获取文章列表信息',16,'com.febs.web.controller.admin.cms.ArticleController.articleList()','request: com.febs.security.xss.XssHttpServletRequestWrapper@1acb2459  queryRequest: \"QueryRequest{pageSize=10, pageNum=1}\"  article: \"com.febs.cms.domain.Article@213b2cb7\"','127.0.0.1','2020-06-19 01:17:05','内网IP|0|0|内网IP|内网IP'),(10994,'admin','获取角色信息',9,'com.febs.web.controller.admin.system.RoleController.index()','','127.0.0.1','2020-07-23 01:47:37','内网IP|0|0|内网IP|内网IP'),(10995,'admin','获取角色信息',1,'com.febs.web.controller.admin.system.RoleController.index()','','127.0.0.1','2020-07-23 01:47:38','内网IP|0|0|内网IP|内网IP'),(10996,'admin','获取字典信息',6,'com.febs.web.controller.admin.system.DictController.index()','','127.0.0.1','2020-07-23 01:47:39','内网IP|0|0|内网IP|内网IP'),(10997,'admin','文章列表',5,'com.febs.web.controller.admin.cms.ArticleController.index()','','127.0.0.1','2020-07-23 01:47:42','内网IP|0|0|内网IP|内网IP'),(10998,'admin','获取文章列表信息',8,'com.febs.web.controller.admin.cms.ArticleController.articleList()','request: com.febs.security.xss.XssHttpServletRequestWrapper@7f3d20f5  queryRequest: \"QueryRequest{pageSize=10, pageNum=1}\"  article: \"com.febs.cms.domain.Article@2efa29fe\"','127.0.0.1','2020-07-23 01:47:43','内网IP|0|0|内网IP|内网IP'),(10999,'admin','修改文章',51,'com.febs.web.controller.admin.cms.ArticleController.updateArticle()','article: \"com.febs.cms.domain.Article@6b107dcd\"  request: com.febs.security.xss.XssHttpServletRequestWrapper@53f64b8f','127.0.0.1','2020-07-23 01:47:46','内网IP|0|0|内网IP|内网IP'),(11000,'admin','获取文章列表信息',9,'com.febs.web.controller.admin.cms.ArticleController.articleList()','request: com.febs.security.xss.XssHttpServletRequestWrapper@51af7cda  queryRequest: \"QueryRequest{pageSize=10, pageNum=1}\"  article: \"com.febs.cms.domain.Article@6d794d44\"','127.0.0.1','2020-07-23 01:47:46','内网IP|0|0|内网IP|内网IP'),(11001,'admin','文章列表',10,'com.febs.web.controller.admin.cms.ArticleController.index()','','127.0.0.1','2020-07-23 03:09:44','内网IP|0|0|内网IP|内网IP'),(11002,'admin','获取文章列表信息',5,'com.febs.web.controller.admin.cms.ArticleController.articleList()','request: com.febs.security.xss.XssHttpServletRequestWrapper@37fd7b0e  queryRequest: \"QueryRequest{pageSize=10, pageNum=1}\"  article: \"com.febs.cms.domain.Article@52ad94e9\"','127.0.0.1','2020-07-23 03:09:44','内网IP|0|0|内网IP|内网IP'),(11003,'admin','修改文章',48,'com.febs.web.controller.admin.cms.ArticleController.updateArticle()','article: \"com.febs.cms.domain.Article@43fe151e\"  request: com.febs.security.xss.XssHttpServletRequestWrapper@7cbeef5b','127.0.0.1','2020-07-23 03:09:48','内网IP|0|0|内网IP|内网IP'),(11004,'admin','获取文章列表信息',5,'com.febs.web.controller.admin.cms.ArticleController.articleList()','request: com.febs.security.xss.XssHttpServletRequestWrapper@472ab2f9  queryRequest: \"QueryRequest{pageSize=10, pageNum=1}\"  article: \"com.febs.cms.domain.Article@2d2ac197\"','127.0.0.1','2020-07-23 03:09:48','内网IP|0|0|内网IP|内网IP'),(11005,'admin','文章列表',9,'com.febs.web.controller.admin.cms.ArticleController.index()','','127.0.0.1','2020-07-23 03:15:44','内网IP|0|0|内网IP|内网IP'),(11006,'admin','获取文章列表信息',148,'com.febs.web.controller.admin.cms.ArticleController.articleList()','request: com.febs.security.xss.XssHttpServletRequestWrapper@350e2fb3  queryRequest: \"QueryRequest{pageSize=10, pageNum=1}\"  article: \"com.febs.cms.domain.Article@6e257532\"','127.0.0.1','2020-07-23 03:15:45','内网IP|0|0|内网IP|内网IP'),(11007,'admin','修改文章',67,'com.febs.web.controller.admin.cms.ArticleController.updateArticle()','article: \"com.febs.cms.domain.Article@673b0fe3\"  request: com.febs.security.xss.XssHttpServletRequestWrapper@18ec2756','127.0.0.1','2020-07-23 03:15:49','内网IP|0|0|内网IP|内网IP'),(11008,'admin','获取文章列表信息',44,'com.febs.web.controller.admin.cms.ArticleController.articleList()','request: com.febs.security.xss.XssHttpServletRequestWrapper@6f0f3a9  queryRequest: \"QueryRequest{pageSize=10, pageNum=1}\"  article: \"com.febs.cms.domain.Article@211d5251\"','127.0.0.1','2020-07-23 03:15:49','内网IP|0|0|内网IP|内网IP'),(11009,'admin','获取用户信息',33,'com.febs.web.controller.admin.system.UserController.userList()','request: \"QueryRequest{pageSize=10, pageNum=1}\"  user: \"MyUser{userId=null, username=\'\', password=\'null\', deptId=null, deptName=\'null\', email=\'null\', mobile=\'null\', status=\'null\', createTime=null, modifyTime=null, lastLoginTime=null, ssex=\'null\', theme=\'null\', avatar=\'null\', description=\'null\', roleName=\'null\'}\"','127.0.0.1','2020-07-23 03:15:53','内网IP|0|0|内网IP|内网IP'),(11010,'admin','获取调度日志信息',5,'com.febs.web.controller.quartz.JobLogController.index()','','127.0.0.1','2020-07-23 03:15:56','内网IP|0|0|内网IP|内网IP'),(11011,'admin','获取分类信息',5,'com.febs.web.controller.admin.shop.ProductCategoryController.index()','','127.0.0.1','2020-07-23 03:15:57','内网IP|0|0|内网IP|内网IP'),(11012,'admin','修改分类',23,'com.febs.web.controller.admin.shop.ProductCategoryController.updateProductCategory()','productCategory: \"com.febs.shop.domain.ProductCategory@78bda931\"','127.0.0.1','2020-07-23 03:16:40','内网IP|0|0|内网IP|内网IP'),(11013,'admin','文章列表',0,'com.febs.web.controller.admin.cms.ArticleController.index()','','127.0.0.1','2020-07-23 04:00:27','内网IP|0|0|内网IP|内网IP'),(11014,'admin','获取文章列表信息',4,'com.febs.web.controller.admin.cms.ArticleController.articleList()','request: com.febs.security.xss.XssHttpServletRequestWrapper@79d516ba  queryRequest: \"QueryRequest{pageSize=10, pageNum=1}\"  article: \"com.febs.cms.domain.Article@70e8f234\"','127.0.0.1','2020-07-23 04:00:27','内网IP|0|0|内网IP|内网IP'),(11015,'admin','获取分类信息',1,'com.febs.web.controller.admin.cms.ArticleCategoryController.index()','','127.0.0.1','2020-07-23 04:00:28','内网IP|0|0|内网IP|内网IP'),(11016,'admin','修改分类',10,'com.febs.web.controller.admin.cms.ArticleCategoryController.updateCategory()','category: \"com.febs.cms.domain.ArticleCategory@251bbaea\"','127.0.0.1','2020-07-23 04:00:31','内网IP|0|0|内网IP|内网IP'),(11017,'admin','获取分类信息',0,'com.febs.web.controller.admin.cms.ArticleCategoryController.index()','','127.0.0.1','2020-07-23 04:05:33','内网IP|0|0|内网IP|内网IP'),(11018,'admin','获取分类信息',1,'com.febs.web.controller.admin.cms.ArticleCategoryController.index()','','127.0.0.1','2020-07-23 04:05:34','内网IP|0|0|内网IP|内网IP'),(11019,'admin','文章列表',0,'com.febs.web.controller.admin.cms.ArticleController.index()','','127.0.0.1','2020-07-23 04:11:02','内网IP|0|0|内网IP|内网IP'),(11020,'admin','获取文章列表信息',5,'com.febs.web.controller.admin.cms.ArticleController.articleList()','request: com.febs.security.xss.XssHttpServletRequestWrapper@5d8a26ff  queryRequest: \"QueryRequest{pageSize=10, pageNum=1}\"  article: \"com.febs.cms.domain.Article@369e2d74\"','127.0.0.1','2020-07-23 04:11:02','内网IP|0|0|内网IP|内网IP'),(11021,'admin','获取友情链接信息',5,'com.febs.web.controller.admin.cms.FriendLinkController.index()','','127.0.0.1','2020-07-23 04:11:03','内网IP|0|0|内网IP|内网IP'),(11022,'admin','获取用户信息',10,'com.febs.web.controller.admin.system.UserController.userList()','request: \"QueryRequest{pageSize=10, pageNum=1}\"  user: \"MyUser{userId=null, username=\'\', password=\'null\', deptId=null, deptName=\'null\', email=\'null\', mobile=\'null\', status=\'null\', createTime=null, modifyTime=null, lastLoginTime=null, ssex=\'null\', theme=\'null\', avatar=\'null\', description=\'null\', roleName=\'null\'}\"','127.0.0.1','2020-07-26 06:20:59','内网IP|0|0|内网IP|内网IP'),(11023,'admin','获取角色信息',0,'com.febs.web.controller.admin.system.RoleController.index()','','127.0.0.1','2020-07-26 06:21:00','内网IP|0|0|内网IP|内网IP'),(11024,'admin','获取定时任务信息',5,'com.febs.web.controller.quartz.JobController.index()','','127.0.0.1','2020-07-26 06:23:50','内网IP|0|0|内网IP|内网IP'),(11025,'admin','获取调度日志信息',3,'com.febs.web.controller.quartz.JobLogController.index()','','127.0.0.1','2020-07-26 06:23:51','内网IP|0|0|内网IP|内网IP'),(11026,'admin','获取用户信息',16,'com.febs.web.controller.admin.system.UserController.userList()','request: \"QueryRequest{pageSize=10, pageNum=1}\"  user: \"MyUser{userId=null, username=\'\', password=\'null\', deptId=null, deptName=\'null\', email=\'null\', mobile=\'null\', status=\'null\', createTime=null, modifyTime=null, lastLoginTime=null, ssex=\'null\', theme=\'null\', avatar=\'null\', description=\'null\', roleName=\'null\'}\"','127.0.0.1','2020-08-19 07:21:22','内网IP|0|0|内网IP|内网IP'),(11027,'admin','文章列表',4,'com.febs.web.controller.admin.cms.ArticleController.index()','','127.0.0.1','2020-08-19 07:21:27','内网IP|0|0|内网IP|内网IP'),(11028,'admin','获取文章列表信息',16,'com.febs.web.controller.admin.cms.ArticleController.articleList()','request: com.febs.security.xss.XssHttpServletRequestWrapper@6948e0c8  queryRequest: \"QueryRequest{pageSize=10, pageNum=1}\"  article: \"com.febs.cms.domain.Article@7e6d8056\"','127.0.0.1','2020-08-19 07:21:28','内网IP|0|0|内网IP|内网IP'),(11029,'admin','修改文章',50,'com.febs.web.controller.admin.cms.ArticleController.updateArticle()','article: \"com.febs.cms.domain.Article@55737ecb\"  request: com.febs.security.xss.XssHttpServletRequestWrapper@22222e4','127.0.0.1','2020-08-19 07:21:31','内网IP|0|0|内网IP|内网IP'),(11030,'admin','获取文章列表信息',14,'com.febs.web.controller.admin.cms.ArticleController.articleList()','request: com.febs.security.xss.XssHttpServletRequestWrapper@68224945  queryRequest: \"QueryRequest{pageSize=10, pageNum=1}\"  article: \"com.febs.cms.domain.Article@6f0a2ccd\"','127.0.0.1','2020-08-19 07:21:31','内网IP|0|0|内网IP|内网IP'),(11031,'admin','文章列表',0,'com.febs.web.controller.admin.cms.ArticleController.index()','','127.0.0.1','2020-08-19 07:21:33','内网IP|0|0|内网IP|内网IP'),(11032,'admin','获取文章列表信息',8,'com.febs.web.controller.admin.cms.ArticleController.articleList()','request: com.febs.security.xss.XssHttpServletRequestWrapper@11a36cfb  queryRequest: \"QueryRequest{pageSize=10, pageNum=1}\"  article: \"com.febs.cms.domain.Article@2256cfb6\"','127.0.0.1','2020-08-19 07:21:33','内网IP|0|0|内网IP|内网IP'),(11033,'admin','获取系统所有URL',11,'com.febs.web.controller.admin.system.MenuController.getAllUrl()','','127.0.0.1','2020-08-21 10:11:41','内网IP|0|0|内网IP|内网IP'),(11034,'admin','获取系统所有URL',2,'com.febs.web.controller.admin.system.MenuController.getAllUrl()','','127.0.0.1','2020-08-21 10:11:43','内网IP|0|0|内网IP|内网IP'),(11035,'admin','文章列表',1,'com.febs.web.controller.admin.cms.ArticleController.index()','','127.0.0.1','2020-08-26 08:16:44','内网IP|0|0|内网IP|内网IP'),(11036,'admin','获取文章列表信息',5,'com.febs.web.controller.admin.cms.ArticleController.articleList()','request: com.febs.security.xss.XssHttpServletRequestWrapper@34d78778  queryRequest: \"QueryRequest{pageSize=10, pageNum=1}\"  article: \"com.febs.cms.domain.Article@5892ecd\"','127.0.0.1','2020-08-26 08:16:44','内网IP|0|0|内网IP|内网IP'),(11037,'admin','订单列表',4,'com.febs.web.controller.admin.shop.OrderController.index()','','127.0.0.1','2020-08-26 08:29:55','内网IP|0|0|内网IP|内网IP'),(11038,'admin','评论列表',4,'com.febs.web.controller.admin.shop.ProductCommentController.index()','','127.0.0.1','2020-08-26 09:00:09','内网IP|0|0|内网IP|内网IP'),(11039,'admin','获取商品评论列表信息',8,'com.febs.web.controller.admin.shop.ProductCommentController.productCommentList()','request: \"QueryRequest{pageSize=10, pageNum=1}\"  productComment: \"com.febs.shop.domain.ProductComment@5e3fd179\"','127.0.0.1','2020-08-26 09:00:10','内网IP|0|0|内网IP|内网IP'),(11040,'admin','更新商品评论',4,'com.febs.web.controller.admin.shop.ProductCommentController.updateProductComment()','productComment: \"com.febs.shop.domain.ProductComment@78453581\"  request: com.febs.security.xss.XssHttpServletRequestWrapper@16a8b23d','127.0.0.1','2020-08-26 09:00:25','内网IP|0|0|内网IP|内网IP'),(11041,'admin','获取商品评论列表信息',4,'com.febs.web.controller.admin.shop.ProductCommentController.productCommentList()','request: \"QueryRequest{pageSize=10, pageNum=1}\"  productComment: \"com.febs.shop.domain.ProductComment@2deced28\"','127.0.0.1','2020-08-26 09:00:25','内网IP|0|0|内网IP|内网IP'),(11042,'admin','评论列表',0,'com.febs.web.controller.admin.shop.ProductCommentController.index()','','127.0.0.1','2020-08-26 09:14:50','内网IP|0|0|内网IP|内网IP'),(11043,'admin','获取商品评论列表信息',6,'com.febs.web.controller.admin.shop.ProductCommentController.productCommentList()','request: \"QueryRequest{pageSize=10, pageNum=1}\"  productComment: \"com.febs.shop.domain.ProductComment@1f3e9d45\"','127.0.0.1','2020-08-26 09:14:51','内网IP|0|0|内网IP|内网IP'),(11044,'admin','获取商品评论列表信息',3,'com.febs.web.controller.admin.shop.ProductCommentController.productCommentList()','request: \"QueryRequest{pageSize=10, pageNum=2}\"  productComment: \"com.febs.shop.domain.ProductComment@4ba8e692\"','127.0.0.1','2020-08-26 09:15:01','内网IP|0|0|内网IP|内网IP'),(11045,'admin','获取用户信息',12,'com.febs.web.controller.admin.system.UserController.userList()','request: \"QueryRequest{pageSize=10, pageNum=1}\"  user: \"MyUser{userId=null, username=\'\', password=\'null\', deptId=null, deptName=\'null\', email=\'null\', mobile=\'null\', status=\'null\', createTime=null, modifyTime=null, lastLoginTime=null, ssex=\'null\', theme=\'null\', avatar=\'null\', description=\'null\', roleName=\'null\'}\"','127.0.0.1','2020-09-15 06:22:37','内网IP|0|0|内网IP|内网IP'),(11046,'admin','获取角色信息',1,'com.febs.web.controller.admin.system.RoleController.index()','','127.0.0.1','2020-09-15 06:22:37','内网IP|0|0|内网IP|内网IP'),(11047,'admin','获取角色信息',0,'com.febs.web.controller.admin.system.RoleController.index()','','127.0.0.1','2020-09-15 06:22:44','内网IP|0|0|内网IP|内网IP'),(11048,'admin','设置列表',12,'com.febs.web.controller.admin.cms.ThemeController.index()','templates: \"[{id=Light-Year-Blog, authorWebsite=http://www.febs.com, versionCode=1, updateUrl=, author=undead, version=1.0, screenshot=screenshot.png, title=Light-Year-Blog 模板, description=这是一个学习模板}, {id=layuiNetCompany, authorWebsite=http://www.febs.com, versionCode=1, updateUrl=, author=undead, version=1.0, screenshot=screenshot.png, title=layuiNetCompany 模板, description=这是一个学习模板}, {id=essence, authorWebsite=http://www.febs.com, versionCode=1, updateUrl=, author=wtsoftware, version=1.0, screenshot=screenshot.png, title=essence 模板, description=这是一个学习模板}]\"  theme: \"essence\"','127.0.0.1','2020-09-15 06:30:02','内网IP|0|0|内网IP|内网IP'),(11049,'admin','设置更新主题',19,'com.febs.web.controller.admin.cms.ThemeController.updateTheme()','themeId: \"Light-Year-Blog\"  request: com.febs.security.xss.XssHttpServletRequestWrapper@2bfaac63  response: org.springframework.security.web.header.HeaderWriterFilter$HeaderWriterResponse@20ce207c','127.0.0.1','2020-09-15 06:30:07','内网IP|0|0|内网IP|内网IP'),(11050,'admin','设置列表',6,'com.febs.web.controller.admin.cms.ThemeController.index()','templates: \"[{id=Light-Year-Blog, authorWebsite=http://www.febs.com, versionCode=1, updateUrl=, author=undead, version=1.0, screenshot=screenshot.png, title=Light-Year-Blog 模板, description=这是一个学习模板}, {id=layuiNetCompany, authorWebsite=http://www.febs.com, versionCode=1, updateUrl=, author=undead, version=1.0, screenshot=screenshot.png, title=layuiNetCompany 模板, description=这是一个学习模板}, {id=essence, authorWebsite=http://www.febs.com, versionCode=1, updateUrl=, author=wtsoftware, version=1.0, screenshot=screenshot.png, title=essence 模板, description=这是一个学习模板}]\"  theme: \"Light-Year-Blog\"','127.0.0.1','2020-09-15 06:30:07','内网IP|0|0|内网IP|内网IP'),(11051,'admin','设置更新主题',9,'com.febs.web.controller.admin.cms.ThemeController.updateTheme()','themeId: \"essence\"  request: com.febs.security.xss.XssHttpServletRequestWrapper@5d03e759  response: org.springframework.security.web.header.HeaderWriterFilter$HeaderWriterResponse@69d9ff2c','127.0.0.1','2020-09-15 06:36:13','内网IP|0|0|内网IP|内网IP'),(11052,'admin','设置列表',4,'com.febs.web.controller.admin.cms.ThemeController.index()','templates: \"[{id=Light-Year-Blog, authorWebsite=http://www.febs.com, versionCode=1, updateUrl=, author=undead, version=1.0, screenshot=screenshot.png, title=Light-Year-Blog 模板, description=这是一个学习模板}, {id=layuiNetCompany, authorWebsite=http://www.febs.com, versionCode=1, updateUrl=, author=undead, version=1.0, screenshot=screenshot.png, title=layuiNetCompany 模板, description=这是一个学习模板}, {id=essence, authorWebsite=http://www.febs.com, versionCode=1, updateUrl=, author=wtsoftware, version=1.0, screenshot=screenshot.png, title=essence 模板, description=这是一个学习模板}]\"  theme: \"essence\"','127.0.0.1','2020-09-15 06:36:13','内网IP|0|0|内网IP|内网IP'),(11053,'admin','设置更新主题',9,'com.febs.web.controller.admin.cms.ThemeController.updateTheme()','themeId: \"Light-Year-Blog\"  request: com.febs.security.xss.XssHttpServletRequestWrapper@3215d235  response: org.springframework.security.web.header.HeaderWriterFilter$HeaderWriterResponse@7becf892','127.0.0.1','2020-09-15 06:36:19','内网IP|0|0|内网IP|内网IP'),(11054,'admin','设置列表',3,'com.febs.web.controller.admin.cms.ThemeController.index()','templates: \"[{id=Light-Year-Blog, authorWebsite=http://www.febs.com, versionCode=1, updateUrl=, author=undead, version=1.0, screenshot=screenshot.png, title=Light-Year-Blog 模板, description=这是一个学习模板}, {id=layuiNetCompany, authorWebsite=http://www.febs.com, versionCode=1, updateUrl=, author=undead, version=1.0, screenshot=screenshot.png, title=layuiNetCompany 模板, description=这是一个学习模板}, {id=essence, authorWebsite=http://www.febs.com, versionCode=1, updateUrl=, author=wtsoftware, version=1.0, screenshot=screenshot.png, title=essence 模板, description=这是一个学习模板}]\"  theme: \"Light-Year-Blog\"','127.0.0.1','2020-09-15 06:36:19','内网IP|0|0|内网IP|内网IP'),(11055,'admin','设置列表',4,'com.febs.web.controller.admin.cms.ThemeController.index()','templates: \"[{id=Light-Year-Blog, authorWebsite=http://www.febs.com, versionCode=1, updateUrl=, author=undead, version=1.0, screenshot=screenshot.png, title=Light-Year-Blog 模板, description=这是一个学习模板}, {id=layuiNetCompany, authorWebsite=http://www.febs.com, versionCode=1, updateUrl=, author=undead, version=1.0, screenshot=screenshot.png, title=layuiNetCompany 模板, description=这是一个学习模板}, {id=essence, authorWebsite=http://www.febs.com, versionCode=1, updateUrl=, author=wtsoftware, version=1.0, screenshot=screenshot.png, title=essence 模板, description=这是一个学习模板}]\"  theme: \"Light-Year-Blog\"','127.0.0.1','2020-09-15 06:36:26','内网IP|0|0|内网IP|内网IP'),(11056,'admin','设置列表',3,'com.febs.web.controller.admin.cms.ThemeController.index()','templates: \"[{id=Light-Year-Blog, authorWebsite=http://www.febs.com, versionCode=1, updateUrl=, author=undead, version=1.0, screenshot=screenshot.png, title=Light-Year-Blog 模板, description=这是一个学习模板}, {id=layuiNetCompany, authorWebsite=http://www.febs.com, versionCode=1, updateUrl=, author=undead, version=1.0, screenshot=screenshot.png, title=layuiNetCompany 模板, description=这是一个学习模板}, {id=essence, authorWebsite=http://www.febs.com, versionCode=1, updateUrl=, author=wtsoftware, version=1.0, screenshot=screenshot.png, title=essence 模板, description=这是一个学习模板}]\"  theme: \"Light-Year-Blog\"','127.0.0.1','2020-09-15 06:36:27','内网IP|0|0|内网IP|内网IP'),(11057,'admin','设置列表',5,'com.febs.web.controller.admin.cms.ThemeController.index()','templates: \"[{id=Light-Year-Blog, authorWebsite=http://www.febs.com, versionCode=1, updateUrl=, author=undead, version=1.0, screenshot=screenshot.png, title=Light-Year-Blog 模板, description=这是一个学习模板}, {id=layuiNetCompany, authorWebsite=http://www.febs.com, versionCode=1, updateUrl=, author=undead, version=1.0, screenshot=screenshot.png, title=layuiNetCompany 模板, description=这是一个学习模板}, {id=essence, authorWebsite=http://www.febs.com, versionCode=1, updateUrl=, author=wtsoftware, version=1.0, screenshot=screenshot.png, title=essence 模板, description=这是一个学习模板}]\"  theme: \"Light-Year-Blog\"','127.0.0.1','2020-09-15 06:36:27','内网IP|0|0|内网IP|内网IP'),(11058,'admin','设置列表',3,'com.febs.web.controller.admin.cms.ThemeController.index()','templates: \"[{id=Light-Year-Blog, authorWebsite=http://www.febs.com, versionCode=1, updateUrl=, author=undead, version=1.0, screenshot=screenshot.png, title=Light-Year-Blog 模板, description=这是一个学习模板}, {id=layuiNetCompany, authorWebsite=http://www.febs.com, versionCode=1, updateUrl=, author=undead, version=1.0, screenshot=screenshot.png, title=layuiNetCompany 模板, description=这是一个学习模板}, {id=essence, authorWebsite=http://www.febs.com, versionCode=1, updateUrl=, author=wtsoftware, version=1.0, screenshot=screenshot.png, title=essence 模板, description=这是一个学习模板}]\"  theme: \"Light-Year-Blog\"','127.0.0.1','2020-09-15 06:41:24','内网IP|0|0|内网IP|内网IP'),(11059,'admin','获取导航信息',4,'com.febs.web.controller.admin.cms.NavMenuController.index()','','127.0.0.1','2020-09-15 06:41:27','内网IP|0|0|内网IP|内网IP'),(11060,'admin','设置列表',2,'com.febs.web.controller.admin.cms.SettingController.index()','templates: \"[Ljava.lang.String;@1d885799\"','127.0.0.1','2020-09-15 06:41:29','内网IP|0|0|内网IP|内网IP'),(11061,'admin','获取设置列表信息',8,'com.febs.web.controller.admin.cms.SettingController.settingList()','request: \"QueryRequest{pageSize=0, pageNum=0}\"  setting: \"com.febs.cms.domain.Setting@e0cefce\"','127.0.0.1','2020-09-15 06:41:29','内网IP|0|0|内网IP|内网IP'),(11062,'admin','获取导航信息',0,'com.febs.web.controller.admin.cms.NavMenuController.index()','','127.0.0.1','2020-09-15 06:41:30','内网IP|0|0|内网IP|内网IP'),(11063,'admin','获取在线用户信息',3,'com.febs.web.controller.security.SessionController.online()','','127.0.0.1','2020-09-15 06:41:32','内网IP|0|0|内网IP|内网IP'),(11064,'admin','获取用户信息',9,'com.febs.web.controller.admin.system.UserController.userList()','request: \"QueryRequest{pageSize=10, pageNum=1}\"  user: \"MyUser{userId=null, username=\'\', password=\'null\', deptId=null, deptName=\'null\', email=\'null\', mobile=\'null\', status=\'null\', createTime=null, modifyTime=null, lastLoginTime=null, ssex=\'null\', theme=\'null\', avatar=\'null\', description=\'null\', roleName=\'null\'}\"','127.0.0.1','2020-09-15 06:41:40','内网IP|0|0|内网IP|内网IP'),(11065,'admin','获取角色信息',1,'com.febs.web.controller.admin.system.RoleController.index()','','127.0.0.1','2020-09-15 06:41:41','内网IP|0|0|内网IP|内网IP'),(11066,'admin','获取系统所有URL',15,'com.febs.web.controller.admin.system.MenuController.getAllUrl()','','127.0.0.1','2020-09-15 06:41:42','内网IP|0|0|内网IP|内网IP'),(11067,'admin','获取部门信息',0,'com.febs.web.controller.admin.system.DeptController.index()','','127.0.0.1','2020-09-15 06:41:42','内网IP|0|0|内网IP|内网IP'),(11068,'admin','获取部门信息',0,'com.febs.web.controller.admin.system.DeptController.index()','','127.0.0.1','2020-09-15 06:42:18','内网IP|0|0|内网IP|内网IP'),(11069,'admin','获取用户信息',5,'com.febs.web.controller.admin.system.UserController.userList()','request: \"QueryRequest{pageSize=10, pageNum=1}\"  user: \"MyUser{userId=null, username=\'\', password=\'null\', deptId=null, deptName=\'null\', email=\'null\', mobile=\'null\', status=\'null\', createTime=null, modifyTime=null, lastLoginTime=null, ssex=\'null\', theme=\'null\', avatar=\'null\', description=\'null\', roleName=\'null\'}\"','127.0.0.1','2020-09-15 06:42:29','内网IP|0|0|内网IP|内网IP'),(11070,'admin','获取角色信息',0,'com.febs.web.controller.admin.system.RoleController.index()','','127.0.0.1','2020-09-15 06:42:30','内网IP|0|0|内网IP|内网IP'),(11071,'admin','获取系统所有URL',5,'com.febs.web.controller.admin.system.MenuController.getAllUrl()','','127.0.0.1','2020-09-15 06:42:31','内网IP|0|0|内网IP|内网IP'),(11072,'admin','获取系统所有URL',2,'com.febs.web.controller.admin.system.MenuController.getAllUrl()','','127.0.0.1','2020-09-15 06:44:42','内网IP|0|0|内网IP|内网IP'),(11073,'admin','获取系统所有URL',1,'com.febs.web.controller.admin.system.MenuController.getAllUrl()','','127.0.0.1','2020-09-15 06:44:52','内网IP|0|0|内网IP|内网IP'),(11074,'admin','获取用户信息',8,'com.febs.web.controller.admin.system.UserController.userList()','request: \"QueryRequest{pageSize=10, pageNum=1}\"  user: \"MyUser{userId=null, username=\'\', password=\'null\', deptId=null, deptName=\'null\', email=\'null\', mobile=\'null\', status=\'null\', createTime=null, modifyTime=null, lastLoginTime=null, ssex=\'null\', theme=\'null\', avatar=\'null\', description=\'null\', roleName=\'null\'}\"','127.0.0.1','2020-09-15 06:44:54','内网IP|0|0|内网IP|内网IP'),(11075,'admin','获取角色信息',0,'com.febs.web.controller.admin.system.RoleController.index()','','127.0.0.1','2020-09-15 06:45:21','内网IP|0|0|内网IP|内网IP'),(11076,'admin','修改角色',87,'com.febs.web.controller.admin.system.RoleController.updateRole()','role: \"com.febs.system.domain.Role@7be3b10d\"  menuId: \"[Ljava.lang.Long;@38d98dec\"','127.0.0.1','2020-09-15 06:45:29','内网IP|0|0|内网IP|内网IP'),(11077,'admin','获取角色信息',0,'com.febs.web.controller.admin.system.RoleController.index()','','127.0.0.1','2020-09-15 06:45:31','内网IP|0|0|内网IP|内网IP'),(11078,'admin','获取角色信息',1,'com.febs.web.controller.admin.system.RoleController.index()','','127.0.0.1','2020-09-15 06:45:31','内网IP|0|0|内网IP|内网IP'),(11079,'admin','获取角色信息',0,'com.febs.web.controller.admin.system.RoleController.index()','','127.0.0.1','2020-09-15 06:45:31','内网IP|0|0|内网IP|内网IP'),(11080,'admin','获取角色信息',0,'com.febs.web.controller.admin.system.RoleController.index()','','127.0.0.1','2020-09-15 06:45:36','内网IP|0|0|内网IP|内网IP'),(11081,'admin','获取系统所有URL',0,'com.febs.web.controller.admin.system.MenuController.getAllUrl()','','127.0.0.1','2020-09-15 06:45:38','内网IP|0|0|内网IP|内网IP'),(11082,'admin','获取系统所有URL',1,'com.febs.web.controller.admin.system.MenuController.getAllUrl()','','127.0.0.1','2020-09-15 06:45:55','内网IP|0|0|内网IP|内网IP'),(11083,'admin','获取角色信息',0,'com.febs.web.controller.admin.system.RoleController.index()','','127.0.0.1','2020-09-15 06:45:56','内网IP|0|0|内网IP|内网IP'),(11084,'admin','获取部门信息',0,'com.febs.web.controller.admin.system.DeptController.index()','','127.0.0.1','2020-09-15 06:45:57','内网IP|0|0|内网IP|内网IP'),(11085,'admin','获取部门信息',0,'com.febs.web.controller.admin.system.DeptController.index()','','127.0.0.1','2020-09-15 06:45:59','内网IP|0|0|内网IP|内网IP'),(11086,'admin','获取部门信息',0,'com.febs.web.controller.admin.system.DeptController.index()','','127.0.0.1','2020-09-15 06:46:07','内网IP|0|0|内网IP|内网IP'),(11087,'admin','获取用户信息',8,'com.febs.web.controller.admin.system.UserController.userList()','request: \"QueryRequest{pageSize=10, pageNum=1}\"  user: \"MyUser{userId=null, username=\'\', password=\'null\', deptId=null, deptName=\'null\', email=\'null\', mobile=\'null\', status=\'null\', createTime=null, modifyTime=null, lastLoginTime=null, ssex=\'null\', theme=\'null\', avatar=\'null\', description=\'null\', roleName=\'null\'}\"','127.0.0.1','2020-09-15 06:46:08','内网IP|0|0|内网IP|内网IP'),(11088,'admin','获取用户信息',7,'com.febs.web.controller.admin.system.UserController.userList()','request: \"QueryRequest{pageSize=10, pageNum=1}\"  user: \"MyUser{userId=null, username=\'\', password=\'null\', deptId=null, deptName=\'null\', email=\'null\', mobile=\'null\', status=\'null\', createTime=null, modifyTime=null, lastLoginTime=null, ssex=\'null\', theme=\'null\', avatar=\'null\', description=\'null\', roleName=\'null\'}\"','127.0.0.1','2020-09-15 06:46:13','内网IP|0|0|内网IP|内网IP'),(11089,'admin','获取用户信息',6,'com.febs.web.controller.admin.system.UserController.userList()','request: \"QueryRequest{pageSize=10, pageNum=1}\"  user: \"MyUser{userId=null, username=\'\', password=\'null\', deptId=null, deptName=\'null\', email=\'null\', mobile=\'null\', status=\'null\', createTime=null, modifyTime=null, lastLoginTime=null, ssex=\'null\', theme=\'null\', avatar=\'null\', description=\'null\', roleName=\'null\'}\"','127.0.0.1','2020-09-15 06:46:15','内网IP|0|0|内网IP|内网IP'),(11090,'admin','获取用户信息',5,'com.febs.web.controller.admin.system.UserController.userList()','request: \"QueryRequest{pageSize=10, pageNum=1}\"  user: \"MyUser{userId=null, username=\'\', password=\'null\', deptId=null, deptName=\'null\', email=\'null\', mobile=\'null\', status=\'null\', createTime=null, modifyTime=null, lastLoginTime=null, ssex=\'null\', theme=\'null\', avatar=\'null\', description=\'null\', roleName=\'null\'}\"','127.0.0.1','2020-09-15 06:46:34','内网IP|0|0|内网IP|内网IP'),(11091,'admin','获取用户信息',6,'com.febs.web.controller.admin.system.UserController.userList()','request: \"QueryRequest{pageSize=10, pageNum=1}\"  user: \"MyUser{userId=null, username=\'\', password=\'null\', deptId=null, deptName=\'null\', email=\'null\', mobile=\'null\', status=\'null\', createTime=null, modifyTime=null, lastLoginTime=null, ssex=\'null\', theme=\'null\', avatar=\'null\', description=\'null\', roleName=\'null\'}\"','127.0.0.1','2020-09-15 06:53:18','内网IP|0|0|内网IP|内网IP'),(11092,'admin','获取用户信息',10,'com.febs.web.controller.admin.system.UserController.userList()','request: \"QueryRequest{pageSize=10, pageNum=1}\"  user: \"MyUser{userId=null, username=\'\', password=\'null\', deptId=null, deptName=\'null\', email=\'null\', mobile=\'null\', status=\'null\', createTime=null, modifyTime=null, lastLoginTime=null, ssex=\'null\', theme=\'null\', avatar=\'null\', description=\'null\', roleName=\'null\'}\"','127.0.0.1','2020-09-15 06:53:35','内网IP|0|0|内网IP|内网IP'),(11093,'admin','获取用户信息',5,'com.febs.web.controller.admin.system.UserController.userList()','request: \"QueryRequest{pageSize=10, pageNum=1}\"  user: \"MyUser{userId=null, username=\'\', password=\'null\', deptId=null, deptName=\'null\', email=\'null\', mobile=\'null\', status=\'null\', createTime=null, modifyTime=null, lastLoginTime=null, ssex=\'null\', theme=\'null\', avatar=\'null\', description=\'null\', roleName=\'null\'}\"','127.0.0.1','2020-09-15 07:10:28','内网IP|0|0|内网IP|内网IP'),(11094,'admin','获取用户信息',6,'com.febs.web.controller.admin.system.UserController.userList()','request: \"QueryRequest{pageSize=10, pageNum=1}\"  user: \"MyUser{userId=null, username=\'\', password=\'null\', deptId=null, deptName=\'null\', email=\'null\', mobile=\'null\', status=\'null\', createTime=null, modifyTime=null, lastLoginTime=null, ssex=\'null\', theme=\'null\', avatar=\'null\', description=\'null\', roleName=\'null\'}\"','127.0.0.1','2020-09-15 07:14:35','内网IP|0|0|内网IP|内网IP'),(11095,'admin','获取用户信息',9,'com.febs.web.controller.admin.system.UserController.userList()','request: \"QueryRequest{pageSize=25, pageNum=1}\"  user: \"MyUser{userId=null, username=\'\', password=\'null\', deptId=null, deptName=\'null\', email=\'null\', mobile=\'null\', status=\'null\', createTime=null, modifyTime=null, lastLoginTime=null, ssex=\'null\', theme=\'null\', avatar=\'null\', description=\'null\', roleName=\'null\'}\"','127.0.0.1','2020-09-15 07:17:57','内网IP|0|0|内网IP|内网IP'),(11096,'admin','获取用户信息',9,'com.febs.web.controller.admin.system.UserController.userList()','request: \"QueryRequest{pageSize=10, pageNum=1}\"  user: \"MyUser{userId=null, username=\'\', password=\'null\', deptId=null, deptName=\'null\', email=\'null\', mobile=\'null\', status=\'null\', createTime=null, modifyTime=null, lastLoginTime=null, ssex=\'null\', theme=\'null\', avatar=\'null\', description=\'null\', roleName=\'null\'}\"','127.0.0.1','2020-09-15 07:19:08','内网IP|0|0|内网IP|内网IP'),(11097,'admin','获取用户信息',6,'com.febs.web.controller.admin.system.UserController.userList()','request: \"QueryRequest{pageSize=10, pageNum=1}\"  user: \"MyUser{userId=null, username=\'\', password=\'null\', deptId=null, deptName=\'null\', email=\'null\', mobile=\'null\', status=\'null\', createTime=null, modifyTime=null, lastLoginTime=null, ssex=\'null\', theme=\'null\', avatar=\'null\', description=\'null\', roleName=\'null\'}\"','127.0.0.1','2020-09-15 07:50:48','内网IP|0|0|内网IP|内网IP'),(11098,'admin','获取角色信息',1,'com.febs.web.controller.admin.system.RoleController.index()','','127.0.0.1','2020-09-15 07:50:50','内网IP|0|0|内网IP|内网IP'),(11099,'admin','获取角色信息',0,'com.febs.web.controller.admin.system.RoleController.index()','','127.0.0.1','2020-09-15 07:50:51','内网IP|0|0|内网IP|内网IP'),(11100,'admin','获取角色信息',0,'com.febs.web.controller.admin.system.RoleController.index()','','127.0.0.1','2020-09-15 07:50:52','内网IP|0|0|内网IP|内网IP'),(11101,'admin','获取角色信息',0,'com.febs.web.controller.admin.system.RoleController.index()','','127.0.0.1','2020-09-15 07:50:58','内网IP|0|0|内网IP|内网IP'),(11102,'admin','获取角色信息',1,'com.febs.web.controller.admin.system.RoleController.index()','','127.0.0.1','2020-09-15 07:51:28','内网IP|0|0|内网IP|内网IP'),(11103,'admin','获取用户信息',4,'com.febs.web.controller.admin.system.UserController.userList()','request: \"QueryRequest{pageSize=10, pageNum=1}\"  user: \"MyUser{userId=null, username=\'\', password=\'null\', deptId=null, deptName=\'null\', email=\'null\', mobile=\'null\', status=\'null\', createTime=null, modifyTime=null, lastLoginTime=null, ssex=\'null\', theme=\'null\', avatar=\'null\', description=\'null\', roleName=\'null\'}\"','127.0.0.1','2020-09-15 07:51:31','内网IP|0|0|内网IP|内网IP'),(11104,'admin','获取用户信息',6,'com.febs.web.controller.admin.system.UserController.userList()','request: \"QueryRequest{pageSize=10, pageNum=1}\"  user: \"MyUser{userId=null, username=\'\', password=\'null\', deptId=null, deptName=\'null\', email=\'null\', mobile=\'null\', status=\'null\', createTime=null, modifyTime=null, lastLoginTime=null, ssex=\'null\', theme=\'null\', avatar=\'null\', description=\'null\', roleName=\'null\'}\"','127.0.0.1','2020-09-15 07:51:40','内网IP|0|0|内网IP|内网IP'),(11105,'admin','获取角色信息',0,'com.febs.web.controller.admin.system.RoleController.index()','','127.0.0.1','2020-09-15 07:51:42','内网IP|0|0|内网IP|内网IP'),(11106,'admin','文章列表',5,'com.febs.web.controller.admin.cms.ArticleController.index()','','127.0.0.1','2020-09-15 10:03:41','内网IP|0|0|内网IP|内网IP'),(11107,'admin','获取文章列表信息',19,'com.febs.web.controller.admin.cms.ArticleController.articleList()','request: com.febs.security.xss.XssHttpServletRequestWrapper@7b930c5d  queryRequest: \"QueryRequest{pageSize=10, pageNum=1}\"  article: \"com.febs.cms.domain.Article@56471037\"','127.0.0.1','2020-09-15 10:03:41','内网IP|0|0|内网IP|内网IP'),(11108,'admin','获取分类信息',0,'com.febs.web.controller.admin.cms.ArticleCategoryController.index()','','127.0.0.1','2020-09-15 10:03:42','内网IP|0|0|内网IP|内网IP'),(11109,'admin','获取用户信息',21,'com.febs.web.controller.admin.system.UserController.userList()','request: \"QueryRequest{pageSize=10, pageNum=1}\"  user: \"MyUser{userId=null, username=\'\', password=\'null\', deptId=null, deptName=\'null\', email=\'null\', mobile=\'null\', status=\'null\', createTime=null, modifyTime=null, lastLoginTime=null, ssex=\'null\', theme=\'null\', avatar=\'null\', description=\'null\', roleName=\'null\'}\"','127.0.0.1','2020-09-15 10:03:45','内网IP|0|0|内网IP|内网IP'),(11110,'admin','获取系统所有URL',5,'com.febs.web.controller.admin.system.MenuController.getAllUrl()','','127.0.0.1','2020-09-15 10:03:51','内网IP|0|0|内网IP|内网IP'),(11111,'admin','获取系统所有URL',4,'com.febs.web.controller.admin.system.MenuController.getAllUrl()','','127.0.0.1','2020-09-15 10:04:07','内网IP|0|0|内网IP|内网IP'),(11112,'admin','获取系统所有URL',3,'com.febs.web.controller.admin.system.MenuController.getAllUrl()','','127.0.0.1','2020-09-15 10:07:42','内网IP|0|0|内网IP|内网IP'),(11113,'admin','获取角色信息',0,'com.febs.web.controller.admin.system.RoleController.index()','','127.0.0.1','2020-09-15 10:07:55','内网IP|0|0|内网IP|内网IP'),(11114,'admin','获取部门信息',0,'com.febs.web.controller.admin.system.DeptController.index()','','127.0.0.1','2020-09-15 10:07:56','内网IP|0|0|内网IP|内网IP'),(11115,'admin','获取调度日志信息',4,'com.febs.web.controller.quartz.JobLogController.index()','','127.0.0.1','2020-09-15 10:07:58','内网IP|0|0|内网IP|内网IP'),(11116,'admin','设置列表',9,'com.febs.web.controller.admin.cms.ThemeController.index()','templates: \"[{id=Light-Year-Blog, authorWebsite=http://www.febs.com, versionCode=1, updateUrl=, author=undead, version=1.0, screenshot=screenshot.png, title=Light-Year-Blog 模板, description=这是一个学习模板}, {id=layuiNetCompany, authorWebsite=http://www.febs.com, versionCode=1, updateUrl=, author=undead, version=1.0, screenshot=screenshot.png, title=layuiNetCompany 模板, description=这是一个学习模板}, {id=essence, authorWebsite=http://www.febs.com, versionCode=1, updateUrl=, author=wtsoftware, version=1.0, screenshot=screenshot.png, title=essence 模板, description=这是一个学习模板}]\"  theme: \"Light-Year-Blog\"','127.0.0.1','2020-09-15 10:13:07','内网IP|0|0|内网IP|内网IP'),(11117,'admin','设置更新主题',13,'com.febs.web.controller.admin.cms.ThemeController.updateTheme()','themeId: \"essence\"  request: com.febs.security.xss.XssHttpServletRequestWrapper@3af1cc4a  response: org.springframework.security.web.header.HeaderWriterFilter$HeaderWriterResponse@58c2c57b','127.0.0.1','2020-09-15 10:13:09','内网IP|0|0|内网IP|内网IP'),(11118,'admin','设置列表',3,'com.febs.web.controller.admin.cms.ThemeController.index()','templates: \"[{id=Light-Year-Blog, authorWebsite=http://www.febs.com, versionCode=1, updateUrl=, author=undead, version=1.0, screenshot=screenshot.png, title=Light-Year-Blog 模板, description=这是一个学习模板}, {id=layuiNetCompany, authorWebsite=http://www.febs.com, versionCode=1, updateUrl=, author=undead, version=1.0, screenshot=screenshot.png, title=layuiNetCompany 模板, description=这是一个学习模板}, {id=essence, authorWebsite=http://www.febs.com, versionCode=1, updateUrl=, author=wtsoftware, version=1.0, screenshot=screenshot.png, title=essence 模板, description=这是一个学习模板}]\"  theme: \"essence\"','127.0.0.1','2020-09-15 10:13:09','内网IP|0|0|内网IP|内网IP'),(11119,'admin','获取定时任务信息',3,'com.febs.web.controller.quartz.JobController.index()','','127.0.0.1','2020-09-16 02:23:41','内网IP|0|0|内网IP|内网IP'),(11120,'admin','获取调度日志信息',3,'com.febs.web.controller.quartz.JobLogController.index()','','127.0.0.1','2020-09-16 02:23:42','内网IP|0|0|内网IP|内网IP'),(11121,'admin','文章列表',3,'com.febs.web.controller.admin.cms.ArticleController.index()','','127.0.0.1','2020-09-16 02:23:46','内网IP|0|0|内网IP|内网IP'),(11122,'admin','获取文章列表信息',26,'com.febs.web.controller.admin.cms.ArticleController.articleList()','request: com.febs.security.xss.XssHttpServletRequestWrapper@42a00cf  queryRequest: \"QueryRequest{pageSize=10, pageNum=1}\"  article: \"com.febs.cms.domain.Article@5cadb18d\"','127.0.0.1','2020-09-16 02:23:46','内网IP|0|0|内网IP|内网IP'),(11123,'admin','获取分类信息',0,'com.febs.web.controller.admin.cms.ArticleCategoryController.index()','','127.0.0.1','2020-09-16 02:23:48','内网IP|0|0|内网IP|内网IP'),(11124,'admin','单页列表',3,'com.febs.web.controller.admin.cms.SinglePageController.index()','','127.0.0.1','2020-09-16 02:23:49','内网IP|0|0|内网IP|内网IP'),(11125,'admin','获取单页列表信息',6,'com.febs.web.controller.admin.cms.SinglePageController.singlePageList()','request: \"QueryRequest{pageSize=10, pageNum=1}\"  singlePage: \"com.febs.cms.domain.SinglePage@749e45d7\"','127.0.0.1','2020-09-16 02:23:49','内网IP|0|0|内网IP|内网IP'),(11126,'admin','设置列表',8,'com.febs.web.controller.admin.cms.ThemeController.index()','templates: \"[{id=Light-Year-Blog, authorWebsite=http://www.febs.com, versionCode=1, updateUrl=, author=undead, version=1.0, screenshot=screenshot.png, title=Light-Year-Blog 模板, description=这是一个学习模板}, {id=layuiNetCompany, authorWebsite=http://www.febs.com, versionCode=1, updateUrl=, author=undead, version=1.0, screenshot=screenshot.png, title=layuiNetCompany 模板, description=这是一个学习模板}, {id=essence, authorWebsite=http://www.febs.com, versionCode=1, updateUrl=, author=wtsoftware, version=1.0, screenshot=screenshot.png, title=essence 模板, description=这是一个学习模板}]\"  theme: \"essence\"','127.0.0.1','2020-09-16 02:24:03','内网IP|0|0|内网IP|内网IP'),(11127,'admin','设置更新主题',10,'com.febs.web.controller.admin.cms.ThemeController.updateTheme()','themeId: \"Light-Year-Blog\"  request: com.febs.security.xss.XssHttpServletRequestWrapper@7bd0ae8  response: org.springframework.security.web.header.HeaderWriterFilter$HeaderWriterResponse@374114a4','127.0.0.1','2020-09-16 02:24:06','内网IP|0|0|内网IP|内网IP'),(11128,'admin','设置列表',2,'com.febs.web.controller.admin.cms.ThemeController.index()','templates: \"[{id=Light-Year-Blog, authorWebsite=http://www.febs.com, versionCode=1, updateUrl=, author=undead, version=1.0, screenshot=screenshot.png, title=Light-Year-Blog 模板, description=这是一个学习模板}, {id=layuiNetCompany, authorWebsite=http://www.febs.com, versionCode=1, updateUrl=, author=undead, version=1.0, screenshot=screenshot.png, title=layuiNetCompany 模板, description=这是一个学习模板}, {id=essence, authorWebsite=http://www.febs.com, versionCode=1, updateUrl=, author=wtsoftware, version=1.0, screenshot=screenshot.png, title=essence 模板, description=这是一个学习模板}]\"  theme: \"Light-Year-Blog\"','127.0.0.1','2020-09-16 02:24:06','内网IP|0|0|内网IP|内网IP'),(11129,'admin','设置更新主题',7,'com.febs.web.controller.admin.cms.ThemeController.updateTheme()','themeId: \"essence\"  request: com.febs.security.xss.XssHttpServletRequestWrapper@20a5f4ee  response: org.springframework.security.web.header.HeaderWriterFilter$HeaderWriterResponse@523750d4','127.0.0.1','2020-09-16 02:24:20','内网IP|0|0|内网IP|内网IP'),(11130,'admin','设置列表',2,'com.febs.web.controller.admin.cms.ThemeController.index()','templates: \"[{id=Light-Year-Blog, authorWebsite=http://www.febs.com, versionCode=1, updateUrl=, author=undead, version=1.0, screenshot=screenshot.png, title=Light-Year-Blog 模板, description=这是一个学习模板}, {id=layuiNetCompany, authorWebsite=http://www.febs.com, versionCode=1, updateUrl=, author=undead, version=1.0, screenshot=screenshot.png, title=layuiNetCompany 模板, description=这是一个学习模板}, {id=essence, authorWebsite=http://www.febs.com, versionCode=1, updateUrl=, author=wtsoftware, version=1.0, screenshot=screenshot.png, title=essence 模板, description=这是一个学习模板}]\"  theme: \"essence\"','127.0.0.1','2020-09-16 02:24:20','内网IP|0|0|内网IP|内网IP'),(11131,'admin','获取用户信息',17,'com.febs.web.controller.admin.system.UserController.userList()','request: \"QueryRequest{pageSize=10, pageNum=1}\"  user: \"MyUser{userId=null, username=\'\', password=\'null\', deptId=null, deptName=\'null\', email=\'null\', mobile=\'null\', status=\'null\', createTime=null, modifyTime=null, lastLoginTime=null, ssex=\'null\', theme=\'null\', avatar=\'null\', description=\'null\', roleName=\'null\'}\"','127.0.0.1','2020-09-16 08:56:22','内网IP|0|0|内网IP|内网IP'),(11132,'admin','获取角色信息',1,'com.febs.web.controller.admin.system.RoleController.index()','','127.0.0.1','2020-09-16 08:56:24','内网IP|0|0|内网IP|内网IP'),(11133,'admin','获取系统所有URL',25,'com.febs.web.controller.admin.system.MenuController.getAllUrl()','','127.0.0.1','2020-09-16 08:56:25','内网IP|0|0|内网IP|内网IP'),(11134,'admin','获取部门信息',0,'com.febs.web.controller.admin.system.DeptController.index()','','127.0.0.1','2020-09-16 08:56:26','内网IP|0|0|内网IP|内网IP'),(11135,'admin','获取字典信息',4,'com.febs.web.controller.admin.system.DictController.index()','','127.0.0.1','2020-09-16 08:56:27','内网IP|0|0|内网IP|内网IP'),(11136,'admin','获取分类信息',4,'com.febs.web.controller.admin.cms.ArticleCategoryController.index()','','127.0.0.1','2020-09-16 08:56:51','内网IP|0|0|内网IP|内网IP'),(11137,'admin','单页列表',4,'com.febs.web.controller.admin.cms.SinglePageController.index()','','127.0.0.1','2020-09-16 08:56:54','内网IP|0|0|内网IP|内网IP'),(11138,'admin','获取单页列表信息',14,'com.febs.web.controller.admin.cms.SinglePageController.singlePageList()','request: \"QueryRequest{pageSize=10, pageNum=1}\"  singlePage: \"com.febs.cms.domain.SinglePage@d44a57e\"','127.0.0.1','2020-09-16 08:56:54','内网IP|0|0|内网IP|内网IP'),(11139,'admin','获取定时任务信息',5,'com.febs.web.controller.quartz.JobController.index()','','127.0.0.1','2020-09-16 08:57:33','内网IP|0|0|内网IP|内网IP'),(11140,'admin','获取用户信息',9,'com.febs.web.controller.admin.system.UserController.userList()','request: \"QueryRequest{pageSize=10, pageNum=1}\"  user: \"MyUser{userId=null, username=\'\', password=\'null\', deptId=null, deptName=\'null\', email=\'null\', mobile=\'null\', status=\'null\', createTime=null, modifyTime=null, lastLoginTime=null, ssex=\'null\', theme=\'null\', avatar=\'null\', description=\'null\', roleName=\'null\'}\"','127.0.0.1','2020-09-16 09:00:17','内网IP|0|0|内网IP|内网IP'),(11141,'admin','获取分类信息',4,'com.febs.web.controller.admin.shop.ProductCategoryController.index()','','127.0.0.1','2020-09-16 09:27:01','内网IP|0|0|内网IP|内网IP'),(11142,'admin','获取用户信息',6,'com.febs.web.controller.admin.system.UserController.userList()','request: \"QueryRequest{pageSize=10, pageNum=1}\"  user: \"MyUser{userId=null, username=\'\', password=\'null\', deptId=null, deptName=\'null\', email=\'null\', mobile=\'null\', status=\'null\', createTime=null, modifyTime=null, lastLoginTime=null, ssex=\'null\', theme=\'null\', avatar=\'null\', description=\'null\', roleName=\'null\'}\"','127.0.0.1','2020-09-16 09:30:17','内网IP|0|0|内网IP|内网IP'),(11143,'admin','获取角色信息',0,'com.febs.web.controller.admin.system.RoleController.index()','','127.0.0.1','2020-09-16 09:53:53','内网IP|0|0|内网IP|内网IP'),(11144,'admin','获取角色信息',1,'com.febs.web.controller.admin.system.RoleController.index()','','127.0.0.1','2020-09-16 09:55:45','内网IP|0|0|内网IP|内网IP'),(11145,'admin','获取系统所有URL',6,'com.febs.web.controller.admin.system.MenuController.getAllUrl()','','127.0.0.1','2020-09-16 09:55:49','内网IP|0|0|内网IP|内网IP'),(11146,'admin','获取角色信息',1,'com.febs.web.controller.admin.system.RoleController.index()','','127.0.0.1','2020-09-16 09:56:52','内网IP|0|0|内网IP|内网IP'),(11147,'admin','获取用户信息',6,'com.febs.web.controller.admin.system.UserController.userList()','request: \"QueryRequest{pageSize=10, pageNum=1}\"  user: \"MyUser{userId=null, username=\'null\', password=\'null\', deptId=null, deptName=\'null\', email=\'null\', mobile=\'null\', status=\'null\', createTime=null, modifyTime=null, lastLoginTime=null, ssex=\'null\', theme=\'null\', avatar=\'null\', description=\'null\', roleName=\'null\'}\"','127.0.0.1','2020-09-16 10:39:18','内网IP|0|0|内网IP|内网IP'),(11148,'admin','获取用户信息',7,'com.febs.web.controller.admin.system.UserController.userList()','request: \"QueryRequest{pageSize=10, pageNum=1}\"  user: \"MyUser{userId=null, username=\'null\', password=\'null\', deptId=null, deptName=\'null\', email=\'null\', mobile=\'null\', status=\'null\', createTime=null, modifyTime=null, lastLoginTime=null, ssex=\'null\', theme=\'null\', avatar=\'null\', description=\'null\', roleName=\'null\'}\"','127.0.0.1','2020-09-16 10:41:15','内网IP|0|0|内网IP|内网IP'),(11149,'admin','获取用户信息',4,'com.febs.web.controller.admin.system.UserController.userList()','request: \"QueryRequest{pageSize=10, pageNum=1}\"  user: \"MyUser{userId=null, username=\'null\', password=\'null\', deptId=null, deptName=\'null\', email=\'null\', mobile=\'null\', status=\'null\', createTime=null, modifyTime=null, lastLoginTime=null, ssex=\'null\', theme=\'null\', avatar=\'null\', description=\'null\', roleName=\'null\'}\"','127.0.0.1','2020-09-16 10:41:25','内网IP|0|0|内网IP|内网IP'),(11150,'admin','获取用户信息',22,'com.febs.web.controller.admin.system.UserController.userList()','request: \"QueryRequest{pageSize=10, pageNum=1}\"  user: \"MyUser{userId=null, username=\'null\', password=\'null\', deptId=null, deptName=\'null\', email=\'null\', mobile=\'null\', status=\'null\', createTime=null, modifyTime=null, lastLoginTime=null, ssex=\'null\', theme=\'null\', avatar=\'null\', description=\'null\', roleName=\'null\'}\"','127.0.0.1','2020-09-17 00:48:18','内网IP|0|0|内网IP|内网IP'),(11151,'admin','获取角色信息',3,'com.febs.web.controller.admin.system.RoleController.index()','','127.0.0.1','2020-09-17 00:48:20','内网IP|0|0|内网IP|内网IP'),(11152,'admin','获取用户信息',6,'com.febs.web.controller.admin.system.UserController.userList()','request: \"QueryRequest{pageSize=10, pageNum=1}\"  user: \"MyUser{userId=null, username=\'null\', password=\'null\', deptId=null, deptName=\'null\', email=\'null\', mobile=\'null\', status=\'null\', createTime=null, modifyTime=null, lastLoginTime=null, ssex=\'null\', theme=\'null\', avatar=\'null\', description=\'null\', roleName=\'null\'}\"','127.0.0.1','2020-09-17 01:01:30','内网IP|0|0|内网IP|内网IP'),(11153,'admin','获取角色信息',1,'com.febs.web.controller.admin.system.RoleController.index()','','127.0.0.1','2020-09-17 01:18:12','内网IP|0|0|内网IP|内网IP'),(11154,'admin','获取用户信息',6,'com.febs.web.controller.admin.system.UserController.userList()','request: \"QueryRequest{pageSize=10, pageNum=1}\"  user: \"MyUser{userId=null, username=\'null\', password=\'null\', deptId=null, deptName=\'null\', email=\'null\', mobile=\'null\', status=\'null\', createTime=null, modifyTime=null, lastLoginTime=null, ssex=\'null\', theme=\'null\', avatar=\'null\', description=\'null\', roleName=\'null\'}\"','127.0.0.1','2020-09-17 01:18:13','内网IP|0|0|内网IP|内网IP'),(11155,'admin','获取用户信息',5,'com.febs.web.controller.admin.system.UserController.userList()','request: \"QueryRequest{pageSize=10, pageNum=1}\"  user: \"MyUser{userId=null, username=\'null\', password=\'null\', deptId=null, deptName=\'null\', email=\'null\', mobile=\'null\', status=\'null\', createTime=null, modifyTime=null, lastLoginTime=null, ssex=\'null\', theme=\'null\', avatar=\'null\', description=\'null\', roleName=\'null\'}\"','127.0.0.1','2020-09-17 01:19:12','内网IP|0|0|内网IP|内网IP'),(11156,'admin','获取用户信息',11,'com.febs.web.controller.admin.system.UserController.userList()','request: \"QueryRequest{pageSize=10, pageNum=1}\"  user: \"MyUser{userId=null, username=\'null\', password=\'null\', deptId=null, deptName=\'null\', email=\'null\', mobile=\'null\', status=\'null\', createTime=null, modifyTime=null, lastLoginTime=null, ssex=\'null\', theme=\'null\', avatar=\'null\', description=\'null\', roleName=\'null\'}\"','127.0.0.1','2020-09-17 01:48:03','内网IP|0|0|内网IP|内网IP'),(11157,'admin','获取用户信息',7,'com.febs.web.controller.admin.system.UserController.userList()','request: \"QueryRequest{pageSize=10, pageNum=1}\"  user: \"MyUser{userId=null, username=\'null\', password=\'null\', deptId=null, deptName=\'null\', email=\'null\', mobile=\'null\', status=\'null\', createTime=null, modifyTime=null, lastLoginTime=null, ssex=\'null\', theme=\'null\', avatar=\'null\', description=\'null\', roleName=\'null\'}\"','127.0.0.1','2020-09-17 01:56:47','内网IP|0|0|内网IP|内网IP'),(11158,'admin','获取用户信息',8,'com.febs.web.controller.admin.system.UserController.userList()','request: \"QueryRequest{pageSize=10, pageNum=1}\"  user: \"MyUser{userId=null, username=\'null\', password=\'null\', deptId=null, deptName=\'null\', email=\'null\', mobile=\'null\', status=\'null\', createTime=null, modifyTime=null, lastLoginTime=null, ssex=\'null\', theme=\'null\', avatar=\'null\', description=\'null\', roleName=\'null\'}\"','127.0.0.1','2020-09-17 01:57:09','内网IP|0|0|内网IP|内网IP'),(11159,'admin','获取用户信息',7,'com.febs.web.controller.admin.system.UserController.userList()','request: \"QueryRequest{pageSize=10, pageNum=1}\"  user: \"MyUser{userId=null, username=\'null\', password=\'null\', deptId=null, deptName=\'null\', email=\'null\', mobile=\'null\', status=\'null\', createTime=null, modifyTime=null, lastLoginTime=null, ssex=\'null\', theme=\'null\', avatar=\'null\', description=\'null\', roleName=\'null\'}\"','127.0.0.1','2020-09-17 01:58:54','内网IP|0|0|内网IP|内网IP'),(11160,'admin','获取用户信息',5,'com.febs.web.controller.admin.system.UserController.userList()','request: \"QueryRequest{pageSize=10, pageNum=1}\"  user: \"MyUser{userId=null, username=\'null\', password=\'null\', deptId=null, deptName=\'null\', email=\'null\', mobile=\'null\', status=\'null\', createTime=null, modifyTime=null, lastLoginTime=null, ssex=\'null\', theme=\'null\', avatar=\'null\', description=\'null\', roleName=\'null\'}\"','127.0.0.1','2020-09-17 02:00:17','内网IP|0|0|内网IP|内网IP'),(11161,'admin','获取用户信息',6,'com.febs.web.controller.admin.system.UserController.userList()','request: \"QueryRequest{pageSize=10, pageNum=1}\"  user: \"MyUser{userId=null, username=\'null\', password=\'null\', deptId=null, deptName=\'null\', email=\'null\', mobile=\'null\', status=\'null\', createTime=null, modifyTime=null, lastLoginTime=null, ssex=\'null\', theme=\'null\', avatar=\'null\', description=\'null\', roleName=\'null\'}\"','127.0.0.1','2020-09-17 02:02:12','内网IP|0|0|内网IP|内网IP'),(11162,'admin','获取用户信息',6,'com.febs.web.controller.admin.system.UserController.userList()','request: \"QueryRequest{pageSize=10, pageNum=1}\"  user: \"MyUser{userId=null, username=\'null\', password=\'null\', deptId=null, deptName=\'null\', email=\'null\', mobile=\'null\', status=\'null\', createTime=null, modifyTime=null, lastLoginTime=null, ssex=\'null\', theme=\'null\', avatar=\'null\', description=\'null\', roleName=\'null\'}\"','127.0.0.1','2020-09-17 02:05:16','内网IP|0|0|内网IP|内网IP'),(11163,'admin','获取用户信息',5,'com.febs.web.controller.admin.system.UserController.userList()','request: \"QueryRequest{pageSize=10, pageNum=1}\"  user: \"MyUser{userId=null, username=\'null\', password=\'null\', deptId=null, deptName=\'null\', email=\'null\', mobile=\'null\', status=\'null\', createTime=null, modifyTime=null, lastLoginTime=null, ssex=\'null\', theme=\'null\', avatar=\'null\', description=\'null\', roleName=\'null\'}\"','127.0.0.1','2020-09-17 02:08:31','内网IP|0|0|内网IP|内网IP'),(11164,'admin','获取用户信息',4,'com.febs.web.controller.admin.system.UserController.userList()','request: \"QueryRequest{pageSize=10, pageNum=1}\"  user: \"MyUser{userId=null, username=\'null\', password=\'null\', deptId=null, deptName=\'null\', email=\'null\', mobile=\'null\', status=\'null\', createTime=null, modifyTime=null, lastLoginTime=null, ssex=\'null\', theme=\'null\', avatar=\'null\', description=\'null\', roleName=\'null\'}\"','127.0.0.1','2020-09-17 02:15:00','内网IP|0|0|内网IP|内网IP'),(11165,'admin','获取用户信息',5,'com.febs.web.controller.admin.system.UserController.userList()','request: \"QueryRequest{pageSize=10, pageNum=1}\"  user: \"MyUser{userId=null, username=\'null\', password=\'null\', deptId=null, deptName=\'null\', email=\'null\', mobile=\'null\', status=\'null\', createTime=null, modifyTime=null, lastLoginTime=null, ssex=\'null\', theme=\'null\', avatar=\'null\', description=\'null\', roleName=\'null\'}\"','127.0.0.1','2020-09-17 02:15:43','内网IP|0|0|内网IP|内网IP'),(11166,'admin','获取用户信息',7,'com.febs.web.controller.admin.system.UserController.userList()','request: \"QueryRequest{pageSize=10, pageNum=1}\"  user: \"MyUser{userId=null, username=\'null\', password=\'null\', deptId=null, deptName=\'null\', email=\'null\', mobile=\'null\', status=\'null\', createTime=null, modifyTime=null, lastLoginTime=null, ssex=\'null\', theme=\'null\', avatar=\'null\', description=\'null\', roleName=\'null\'}\"','127.0.0.1','2020-09-17 02:17:26','内网IP|0|0|内网IP|内网IP'),(11167,'admin','获取用户信息',4,'com.febs.web.controller.admin.system.UserController.userList()','request: \"QueryRequest{pageSize=10, pageNum=1}\"  user: \"MyUser{userId=null, username=\'null\', password=\'null\', deptId=null, deptName=\'null\', email=\'null\', mobile=\'null\', status=\'null\', createTime=null, modifyTime=null, lastLoginTime=null, ssex=\'null\', theme=\'null\', avatar=\'null\', description=\'null\', roleName=\'null\'}\"','127.0.0.1','2020-09-17 02:17:36','内网IP|0|0|内网IP|内网IP'),(11168,'admin','获取用户信息',6,'com.febs.web.controller.admin.system.UserController.userList()','request: \"QueryRequest{pageSize=10, pageNum=1}\"  user: \"MyUser{userId=null, username=\'null\', password=\'null\', deptId=null, deptName=\'null\', email=\'null\', mobile=\'null\', status=\'null\', createTime=null, modifyTime=null, lastLoginTime=null, ssex=\'null\', theme=\'null\', avatar=\'null\', description=\'null\', roleName=\'null\'}\"','127.0.0.1','2020-09-17 02:18:02','内网IP|0|0|内网IP|内网IP'),(11169,'admin','获取用户信息',6,'com.febs.web.controller.admin.system.UserController.userList()','request: \"QueryRequest{pageSize=10, pageNum=1}\"  user: \"MyUser{userId=null, username=\'null\', password=\'null\', deptId=null, deptName=\'null\', email=\'null\', mobile=\'null\', status=\'null\', createTime=null, modifyTime=null, lastLoginTime=null, ssex=\'null\', theme=\'null\', avatar=\'null\', description=\'null\', roleName=\'null\'}\"','127.0.0.1','2020-09-17 02:22:17','内网IP|0|0|内网IP|内网IP'),(11170,'admin','获取用户信息',6,'com.febs.web.controller.admin.system.UserController.userList()','request: \"QueryRequest{pageSize=10, pageNum=1}\"  user: \"MyUser{userId=null, username=\'null\', password=\'null\', deptId=null, deptName=\'null\', email=\'null\', mobile=\'null\', status=\'null\', createTime=null, modifyTime=null, lastLoginTime=null, ssex=\'null\', theme=\'null\', avatar=\'null\', description=\'null\', roleName=\'null\'}\"','127.0.0.1','2020-09-17 02:23:30','内网IP|0|0|内网IP|内网IP'),(11171,'admin','获取用户信息',5,'com.febs.web.controller.admin.system.UserController.userList()','request: \"QueryRequest{pageSize=10, pageNum=1}\"  user: \"MyUser{userId=null, username=\'null\', password=\'null\', deptId=null, deptName=\'null\', email=\'null\', mobile=\'null\', status=\'null\', createTime=null, modifyTime=null, lastLoginTime=null, ssex=\'null\', theme=\'null\', avatar=\'null\', description=\'null\', roleName=\'null\'}\"','127.0.0.1','2020-09-17 02:24:14','内网IP|0|0|内网IP|内网IP'),(11172,'admin','获取用户信息',6,'com.febs.web.controller.admin.system.UserController.userList()','request: \"QueryRequest{pageSize=10, pageNum=1}\"  user: \"MyUser{userId=null, username=\'null\', password=\'null\', deptId=null, deptName=\'null\', email=\'null\', mobile=\'null\', status=\'null\', createTime=null, modifyTime=null, lastLoginTime=null, ssex=\'null\', theme=\'null\', avatar=\'null\', description=\'null\', roleName=\'null\'}\"','127.0.0.1','2020-09-17 02:25:01','内网IP|0|0|内网IP|内网IP'),(11173,'admin','获取用户信息',4,'com.febs.web.controller.admin.system.UserController.userList()','request: \"QueryRequest{pageSize=10, pageNum=1}\"  user: \"MyUser{userId=null, username=\'null\', password=\'null\', deptId=null, deptName=\'null\', email=\'null\', mobile=\'null\', status=\'null\', createTime=null, modifyTime=null, lastLoginTime=null, ssex=\'null\', theme=\'null\', avatar=\'null\', description=\'null\', roleName=\'null\'}\"','127.0.0.1','2020-09-17 02:30:26','内网IP|0|0|内网IP|内网IP'),(11174,'admin','获取用户信息',5,'com.febs.web.controller.admin.system.UserController.userList()','request: \"QueryRequest{pageSize=10, pageNum=1}\"  user: \"MyUser{userId=null, username=\'null\', password=\'null\', deptId=null, deptName=\'null\', email=\'null\', mobile=\'null\', status=\'null\', createTime=null, modifyTime=null, lastLoginTime=null, ssex=\'null\', theme=\'null\', avatar=\'null\', description=\'null\', roleName=\'null\'}\"','127.0.0.1','2020-09-17 02:33:30','内网IP|0|0|内网IP|内网IP'),(11175,'admin','获取用户信息',4,'com.febs.web.controller.admin.system.UserController.userList()','request: \"QueryRequest{pageSize=10, pageNum=1}\"  user: \"MyUser{userId=null, username=\'null\', password=\'null\', deptId=null, deptName=\'null\', email=\'null\', mobile=\'null\', status=\'null\', createTime=null, modifyTime=null, lastLoginTime=null, ssex=\'null\', theme=\'null\', avatar=\'null\', description=\'null\', roleName=\'null\'}\"','127.0.0.1','2020-09-17 02:35:05','内网IP|0|0|内网IP|内网IP'),(11176,'admin','获取用户信息',3,'com.febs.web.controller.admin.system.UserController.userList()','request: \"QueryRequest{pageSize=10, pageNum=1}\"  user: \"MyUser{userId=null, username=\'null\', password=\'null\', deptId=null, deptName=\'null\', email=\'null\', mobile=\'null\', status=\'null\', createTime=null, modifyTime=null, lastLoginTime=null, ssex=\'null\', theme=\'null\', avatar=\'null\', description=\'null\', roleName=\'null\'}\"','127.0.0.1','2020-09-17 02:35:38','内网IP|0|0|内网IP|内网IP'),(11177,'admin','获取用户信息',5,'com.febs.web.controller.admin.system.UserController.userList()','request: \"QueryRequest{pageSize=10, pageNum=1}\"  user: \"MyUser{userId=null, username=\'null\', password=\'null\', deptId=null, deptName=\'null\', email=\'null\', mobile=\'null\', status=\'null\', createTime=null, modifyTime=null, lastLoginTime=null, ssex=\'null\', theme=\'null\', avatar=\'null\', description=\'null\', roleName=\'null\'}\"','127.0.0.1','2020-09-17 02:36:17','内网IP|0|0|内网IP|内网IP'),(11178,'admin','获取用户信息',4,'com.febs.web.controller.admin.system.UserController.userList()','request: \"QueryRequest{pageSize=10, pageNum=1}\"  user: \"MyUser{userId=null, username=\'null\', password=\'null\', deptId=null, deptName=\'null\', email=\'null\', mobile=\'null\', status=\'null\', createTime=null, modifyTime=null, lastLoginTime=null, ssex=\'null\', theme=\'null\', avatar=\'null\', description=\'null\', roleName=\'null\'}\"','127.0.0.1','2020-09-17 02:37:09','内网IP|0|0|内网IP|内网IP'),(11179,'admin','获取用户信息',3,'com.febs.web.controller.admin.system.UserController.userList()','request: \"QueryRequest{pageSize=10, pageNum=1}\"  user: \"MyUser{userId=null, username=\'null\', password=\'null\', deptId=null, deptName=\'null\', email=\'null\', mobile=\'null\', status=\'null\', createTime=null, modifyTime=null, lastLoginTime=null, ssex=\'null\', theme=\'null\', avatar=\'null\', description=\'null\', roleName=\'null\'}\"','127.0.0.1','2020-09-17 02:37:40','内网IP|0|0|内网IP|内网IP'),(11180,'admin','获取用户信息',4,'com.febs.web.controller.admin.system.UserController.userList()','request: \"QueryRequest{pageSize=10, pageNum=1}\"  user: \"MyUser{userId=null, username=\'null\', password=\'null\', deptId=null, deptName=\'null\', email=\'null\', mobile=\'null\', status=\'null\', createTime=null, modifyTime=null, lastLoginTime=null, ssex=\'null\', theme=\'null\', avatar=\'null\', description=\'null\', roleName=\'null\'}\"','127.0.0.1','2020-09-17 02:40:21','内网IP|0|0|内网IP|内网IP'),(11181,'admin','获取用户信息',6,'com.febs.web.controller.admin.system.UserController.userList()','request: \"QueryRequest{pageSize=10, pageNum=1}\"  user: \"MyUser{userId=null, username=\'null\', password=\'null\', deptId=null, deptName=\'null\', email=\'null\', mobile=\'null\', status=\'null\', createTime=null, modifyTime=null, lastLoginTime=null, ssex=\'null\', theme=\'null\', avatar=\'null\', description=\'null\', roleName=\'null\'}\"','127.0.0.1','2020-09-17 02:40:59','内网IP|0|0|内网IP|内网IP'),(11182,'admin','获取用户信息',4,'com.febs.web.controller.admin.system.UserController.userList()','request: \"QueryRequest{pageSize=10, pageNum=1}\"  user: \"MyUser{userId=null, username=\'null\', password=\'null\', deptId=null, deptName=\'null\', email=\'null\', mobile=\'null\', status=\'null\', createTime=null, modifyTime=null, lastLoginTime=null, ssex=\'null\', theme=\'null\', avatar=\'null\', description=\'null\', roleName=\'null\'}\"','127.0.0.1','2020-09-17 02:41:23','内网IP|0|0|内网IP|内网IP'),(11183,'admin','获取用户信息',4,'com.febs.web.controller.admin.system.UserController.userList()','request: \"QueryRequest{pageSize=10, pageNum=1}\"  user: \"MyUser{userId=null, username=\'null\', password=\'null\', deptId=null, deptName=\'null\', email=\'null\', mobile=\'null\', status=\'null\', createTime=null, modifyTime=null, lastLoginTime=null, ssex=\'null\', theme=\'null\', avatar=\'null\', description=\'null\', roleName=\'null\'}\"','127.0.0.1','2020-09-17 02:41:45','内网IP|0|0|内网IP|内网IP'),(11184,'admin','获取用户信息',4,'com.febs.web.controller.admin.system.UserController.userList()','request: \"QueryRequest{pageSize=10, pageNum=1}\"  user: \"MyUser{userId=null, username=\'null\', password=\'null\', deptId=null, deptName=\'null\', email=\'null\', mobile=\'null\', status=\'null\', createTime=null, modifyTime=null, lastLoginTime=null, ssex=\'null\', theme=\'null\', avatar=\'null\', description=\'null\', roleName=\'null\'}\"','127.0.0.1','2020-09-17 02:42:12','内网IP|0|0|内网IP|内网IP'),(11185,'admin','获取用户信息',6,'com.febs.web.controller.admin.system.UserController.userList()','request: \"QueryRequest{pageSize=10, pageNum=1}\"  user: \"MyUser{userId=null, username=\'null\', password=\'null\', deptId=null, deptName=\'null\', email=\'null\', mobile=\'null\', status=\'null\', createTime=null, modifyTime=null, lastLoginTime=null, ssex=\'null\', theme=\'null\', avatar=\'null\', description=\'null\', roleName=\'null\'}\"','127.0.0.1','2020-09-17 02:49:49','内网IP|0|0|内网IP|内网IP'),(11186,'admin','获取用户信息',10,'com.febs.web.controller.admin.system.UserController.userList()','request: \"QueryRequest{pageSize=10, pageNum=1}\"  user: \"MyUser{userId=null, username=\'null\', password=\'null\', deptId=null, deptName=\'null\', email=\'null\', mobile=\'null\', status=\'null\', createTime=null, modifyTime=null, lastLoginTime=null, ssex=\'null\', theme=\'null\', avatar=\'null\', description=\'null\', roleName=\'null\'}\"','127.0.0.1','2020-09-17 02:51:21','内网IP|0|0|内网IP|内网IP'),(11187,'admin','获取用户信息',6,'com.febs.web.controller.admin.system.UserController.userList()','request: \"QueryRequest{pageSize=10, pageNum=1}\"  user: \"MyUser{userId=null, username=\'null\', password=\'null\', deptId=null, deptName=\'null\', email=\'null\', mobile=\'null\', status=\'null\', createTime=null, modifyTime=null, lastLoginTime=null, ssex=\'null\', theme=\'null\', avatar=\'null\', description=\'null\', roleName=\'null\'}\"','127.0.0.1','2020-09-17 02:52:00','内网IP|0|0|内网IP|内网IP'),(11188,'admin','获取用户信息',10,'com.febs.web.controller.admin.system.UserController.userList()','request: \"QueryRequest{pageSize=10, pageNum=1}\"  user: \"MyUser{userId=null, username=\'null\', password=\'null\', deptId=null, deptName=\'null\', email=\'null\', mobile=\'null\', status=\'null\', createTime=null, modifyTime=null, lastLoginTime=null, ssex=\'null\', theme=\'null\', avatar=\'null\', description=\'null\', roleName=\'null\'}\"','127.0.0.1','2020-09-17 02:53:04','内网IP|0|0|内网IP|内网IP'),(11189,'admin','获取用户信息',9,'com.febs.web.controller.admin.system.UserController.userList()','request: \"QueryRequest{pageSize=10, pageNum=1}\"  user: \"MyUser{userId=null, username=\'null\', password=\'null\', deptId=null, deptName=\'null\', email=\'null\', mobile=\'null\', status=\'null\', createTime=null, modifyTime=null, lastLoginTime=null, ssex=\'null\', theme=\'null\', avatar=\'null\', description=\'null\', roleName=\'null\'}\"','127.0.0.1','2020-09-17 02:55:14','内网IP|0|0|内网IP|内网IP'),(11190,'admin','获取用户信息',6,'com.febs.web.controller.admin.system.UserController.userList()','request: \"QueryRequest{pageSize=10, pageNum=1}\"  user: \"MyUser{userId=null, username=\'null\', password=\'null\', deptId=null, deptName=\'null\', email=\'null\', mobile=\'null\', status=\'null\', createTime=null, modifyTime=null, lastLoginTime=null, ssex=\'null\', theme=\'null\', avatar=\'null\', description=\'null\', roleName=\'null\'}\"','127.0.0.1','2020-09-17 02:55:40','内网IP|0|0|内网IP|内网IP'),(11191,'admin','获取用户信息',5,'com.febs.web.controller.admin.system.UserController.userList()','request: \"QueryRequest{pageSize=10, pageNum=1}\"  user: \"MyUser{userId=null, username=\'null\', password=\'null\', deptId=null, deptName=\'null\', email=\'null\', mobile=\'null\', status=\'null\', createTime=null, modifyTime=null, lastLoginTime=null, ssex=\'null\', theme=\'null\', avatar=\'null\', description=\'null\', roleName=\'null\'}\"','127.0.0.1','2020-09-17 02:56:17','内网IP|0|0|内网IP|内网IP'),(11192,'admin','获取用户信息',5,'com.febs.web.controller.admin.system.UserController.userList()','request: \"QueryRequest{pageSize=10, pageNum=1}\"  user: \"MyUser{userId=null, username=\'null\', password=\'null\', deptId=null, deptName=\'null\', email=\'null\', mobile=\'null\', status=\'null\', createTime=null, modifyTime=null, lastLoginTime=null, ssex=\'null\', theme=\'null\', avatar=\'null\', description=\'null\', roleName=\'null\'}\"','127.0.0.1','2020-09-17 02:56:55','内网IP|0|0|内网IP|内网IP'),(11193,'admin','获取用户信息',6,'com.febs.web.controller.admin.system.UserController.userList()','request: \"QueryRequest{pageSize=10, pageNum=1}\"  user: \"MyUser{userId=null, username=\'null\', password=\'null\', deptId=null, deptName=\'null\', email=\'null\', mobile=\'null\', status=\'null\', createTime=null, modifyTime=null, lastLoginTime=null, ssex=\'null\', theme=\'null\', avatar=\'null\', description=\'null\', roleName=\'null\'}\"','127.0.0.1','2020-09-17 02:58:01','内网IP|0|0|内网IP|内网IP'),(11194,'admin','获取用户信息',11,'com.febs.web.controller.admin.system.UserController.userList()','request: \"QueryRequest{pageSize=10, pageNum=1}\"  user: \"MyUser{userId=null, username=\'null\', password=\'null\', deptId=null, deptName=\'null\', email=\'null\', mobile=\'null\', status=\'null\', createTime=null, modifyTime=null, lastLoginTime=null, ssex=\'null\', theme=\'null\', avatar=\'null\', description=\'null\', roleName=\'null\'}\"','127.0.0.1','2020-09-17 03:05:37','内网IP|0|0|内网IP|内网IP'),(11195,'admin','获取用户信息',5,'com.febs.web.controller.admin.system.UserController.userList()','request: \"QueryRequest{pageSize=10, pageNum=1}\"  user: \"MyUser{userId=null, username=\'null\', password=\'null\', deptId=null, deptName=\'null\', email=\'null\', mobile=\'null\', status=\'null\', createTime=null, modifyTime=null, lastLoginTime=null, ssex=\'null\', theme=\'null\', avatar=\'null\', description=\'null\', roleName=\'null\'}\"','127.0.0.1','2020-09-17 03:06:11','内网IP|0|0|内网IP|内网IP'),(11196,'admin','获取用户信息',5,'com.febs.web.controller.admin.system.UserController.userList()','request: \"QueryRequest{pageSize=10, pageNum=1}\"  user: \"MyUser{userId=null, username=\'null\', password=\'null\', deptId=null, deptName=\'null\', email=\'null\', mobile=\'null\', status=\'null\', createTime=null, modifyTime=null, lastLoginTime=null, ssex=\'null\', theme=\'null\', avatar=\'null\', description=\'null\', roleName=\'null\'}\"','127.0.0.1','2020-09-17 03:06:20','内网IP|0|0|内网IP|内网IP'),(11197,'admin','获取用户信息',5,'com.febs.web.controller.admin.system.UserController.userList()','request: \"QueryRequest{pageSize=10, pageNum=1}\"  user: \"MyUser{userId=null, username=\'null\', password=\'null\', deptId=null, deptName=\'null\', email=\'null\', mobile=\'null\', status=\'null\', createTime=null, modifyTime=null, lastLoginTime=null, ssex=\'null\', theme=\'null\', avatar=\'null\', description=\'null\', roleName=\'null\'}\"','127.0.0.1','2020-09-17 03:09:13','内网IP|0|0|内网IP|内网IP'),(11198,'admin','获取用户信息',3,'com.febs.web.controller.admin.system.UserController.userList()','request: \"QueryRequest{pageSize=10, pageNum=1}\"  user: \"MyUser{userId=null, username=\'null\', password=\'null\', deptId=null, deptName=\'null\', email=\'null\', mobile=\'null\', status=\'null\', createTime=null, modifyTime=null, lastLoginTime=null, ssex=\'null\', theme=\'null\', avatar=\'null\', description=\'null\', roleName=\'null\'}\"','127.0.0.1','2020-09-17 03:10:13','内网IP|0|0|内网IP|内网IP'),(11199,'admin','获取用户信息',5,'com.febs.web.controller.admin.system.UserController.userList()','request: \"QueryRequest{pageSize=10, pageNum=1}\"  user: \"MyUser{userId=null, username=\'null\', password=\'null\', deptId=null, deptName=\'null\', email=\'null\', mobile=\'null\', status=\'null\', createTime=null, modifyTime=null, lastLoginTime=null, ssex=\'null\', theme=\'null\', avatar=\'null\', description=\'null\', roleName=\'null\'}\"','127.0.0.1','2020-09-17 03:10:58','内网IP|0|0|内网IP|内网IP'),(11200,'admin','获取用户信息',6,'com.febs.web.controller.admin.system.UserController.userList()','request: \"QueryRequest{pageSize=10, pageNum=1}\"  user: \"MyUser{userId=null, username=\'null\', password=\'null\', deptId=null, deptName=\'null\', email=\'null\', mobile=\'null\', status=\'null\', createTime=null, modifyTime=null, lastLoginTime=null, ssex=\'null\', theme=\'null\', avatar=\'null\', description=\'null\', roleName=\'null\'}\"','127.0.0.1','2020-09-17 03:12:04','内网IP|0|0|内网IP|内网IP'),(11201,'admin','获取用户信息',4,'com.febs.web.controller.admin.system.UserController.userList()','request: \"QueryRequest{pageSize=10, pageNum=1}\"  user: \"MyUser{userId=null, username=\'null\', password=\'null\', deptId=null, deptName=\'null\', email=\'null\', mobile=\'null\', status=\'null\', createTime=null, modifyTime=null, lastLoginTime=null, ssex=\'null\', theme=\'null\', avatar=\'null\', description=\'null\', roleName=\'null\'}\"','127.0.0.1','2020-09-17 03:15:10','内网IP|0|0|内网IP|内网IP'),(11202,'admin','获取用户信息',3,'com.febs.web.controller.admin.system.UserController.userList()','request: \"QueryRequest{pageSize=10, pageNum=1}\"  user: \"MyUser{userId=null, username=\'null\', password=\'null\', deptId=null, deptName=\'null\', email=\'null\', mobile=\'null\', status=\'null\', createTime=null, modifyTime=null, lastLoginTime=null, ssex=\'null\', theme=\'null\', avatar=\'null\', description=\'null\', roleName=\'null\'}\"','127.0.0.1','2020-09-17 03:16:07','内网IP|0|0|内网IP|内网IP'),(11203,'admin','获取用户信息',5,'com.febs.web.controller.admin.system.UserController.userList()','request: \"QueryRequest{pageSize=10, pageNum=1}\"  user: \"MyUser{userId=null, username=\'null\', password=\'null\', deptId=null, deptName=\'null\', email=\'null\', mobile=\'null\', status=\'null\', createTime=null, modifyTime=null, lastLoginTime=null, ssex=\'null\', theme=\'null\', avatar=\'null\', description=\'null\', roleName=\'null\'}\"','127.0.0.1','2020-09-17 03:16:57','内网IP|0|0|内网IP|内网IP'),(11204,'admin','获取用户信息',4,'com.febs.web.controller.admin.system.UserController.userList()','request: \"QueryRequest{pageSize=10, pageNum=1}\"  user: \"MyUser{userId=null, username=\'null\', password=\'null\', deptId=null, deptName=\'null\', email=\'null\', mobile=\'null\', status=\'null\', createTime=null, modifyTime=null, lastLoginTime=null, ssex=\'null\', theme=\'null\', avatar=\'null\', description=\'null\', roleName=\'null\'}\"','127.0.0.1','2020-09-17 03:19:24','内网IP|0|0|内网IP|内网IP'),(11205,'admin','获取用户信息',5,'com.febs.web.controller.admin.system.UserController.userList()','request: \"QueryRequest{pageSize=10, pageNum=1}\"  user: \"MyUser{userId=null, username=\'null\', password=\'null\', deptId=null, deptName=\'null\', email=\'null\', mobile=\'null\', status=\'null\', createTime=null, modifyTime=null, lastLoginTime=null, ssex=\'null\', theme=\'null\', avatar=\'null\', description=\'null\', roleName=\'null\'}\"','127.0.0.1','2020-09-17 03:20:13','内网IP|0|0|内网IP|内网IP'),(11206,'admin','获取用户信息',8,'com.febs.web.controller.admin.system.UserController.userList()','request: \"QueryRequest{pageSize=10, pageNum=1}\"  user: \"MyUser{userId=null, username=\'null\', password=\'null\', deptId=null, deptName=\'null\', email=\'null\', mobile=\'null\', status=\'null\', createTime=null, modifyTime=null, lastLoginTime=null, ssex=\'null\', theme=\'null\', avatar=\'null\', description=\'null\', roleName=\'null\'}\"','127.0.0.1','2020-09-17 03:21:46','内网IP|0|0|内网IP|内网IP'),(11207,'admin','获取用户信息',4,'com.febs.web.controller.admin.system.UserController.userList()','request: \"QueryRequest{pageSize=10, pageNum=1}\"  user: \"MyUser{userId=null, username=\'null\', password=\'null\', deptId=null, deptName=\'null\', email=\'null\', mobile=\'null\', status=\'null\', createTime=null, modifyTime=null, lastLoginTime=null, ssex=\'null\', theme=\'null\', avatar=\'null\', description=\'null\', roleName=\'null\'}\"','127.0.0.1','2020-09-17 03:25:55','内网IP|0|0|内网IP|内网IP'),(11208,'admin','获取用户信息',8,'com.febs.web.controller.admin.system.UserController.userList()','request: \"QueryRequest{pageSize=10, pageNum=1}\"  user: \"MyUser{userId=null, username=\'null\', password=\'null\', deptId=null, deptName=\'null\', email=\'null\', mobile=\'null\', status=\'null\', createTime=null, modifyTime=null, lastLoginTime=null, ssex=\'null\', theme=\'null\', avatar=\'null\', description=\'null\', roleName=\'null\'}\"','127.0.0.1','2020-09-17 05:37:08','内网IP|0|0|内网IP|内网IP'),(11209,'admin','获取用户信息',6,'com.febs.web.controller.admin.system.UserController.userList()','request: \"QueryRequest{pageSize=10, pageNum=1}\"  user: \"MyUser{userId=null, username=\'null\', password=\'null\', deptId=null, deptName=\'null\', email=\'null\', mobile=\'null\', status=\'null\', createTime=null, modifyTime=null, lastLoginTime=null, ssex=\'null\', theme=\'null\', avatar=\'null\', description=\'null\', roleName=\'null\'}\"','127.0.0.1','2020-09-17 05:40:03','内网IP|0|0|内网IP|内网IP'),(11210,'admin','获取用户信息',8,'com.febs.web.controller.admin.system.UserController.userList()','request: \"QueryRequest{pageSize=10, pageNum=1}\"  user: \"MyUser{userId=null, username=\'null\', password=\'null\', deptId=null, deptName=\'null\', email=\'null\', mobile=\'null\', status=\'null\', createTime=null, modifyTime=null, lastLoginTime=null, ssex=\'null\', theme=\'null\', avatar=\'null\', description=\'null\', roleName=\'null\'}\"','127.0.0.1','2020-09-17 05:41:10','内网IP|0|0|内网IP|内网IP'),(11211,'admin','获取用户信息',8,'com.febs.web.controller.admin.system.UserController.userList()','request: \"QueryRequest{pageSize=10, pageNum=1}\"  user: \"MyUser{userId=null, username=\'null\', password=\'null\', deptId=null, deptName=\'null\', email=\'null\', mobile=\'null\', status=\'null\', createTime=null, modifyTime=null, lastLoginTime=null, ssex=\'null\', theme=\'null\', avatar=\'null\', description=\'null\', roleName=\'null\'}\"','127.0.0.1','2020-09-17 05:44:23','内网IP|0|0|内网IP|内网IP'),(11212,'admin','获取用户信息',5,'com.febs.web.controller.admin.system.UserController.userList()','request: \"QueryRequest{pageSize=10, pageNum=1}\"  user: \"MyUser{userId=null, username=\'null\', password=\'null\', deptId=null, deptName=\'null\', email=\'null\', mobile=\'null\', status=\'null\', createTime=null, modifyTime=null, lastLoginTime=null, ssex=\'null\', theme=\'null\', avatar=\'null\', description=\'null\', roleName=\'null\'}\"','127.0.0.1','2020-09-17 05:52:39','内网IP|0|0|内网IP|内网IP'),(11213,'admin','获取用户信息',5,'com.febs.web.controller.admin.system.UserController.userList()','request: \"QueryRequest{pageSize=10, pageNum=1}\"  user: \"MyUser{userId=null, username=\'null\', password=\'null\', deptId=null, deptName=\'null\', email=\'null\', mobile=\'null\', status=\'null\', createTime=null, modifyTime=null, lastLoginTime=null, ssex=\'null\', theme=\'null\', avatar=\'null\', description=\'null\', roleName=\'null\'}\"','127.0.0.1','2020-09-17 05:56:49','内网IP|0|0|内网IP|内网IP'),(11214,'admin','获取用户信息',5,'com.febs.web.controller.admin.system.UserController.userList()','request: \"QueryRequest{pageSize=10, pageNum=1}\"  user: \"MyUser{userId=null, username=\'null\', password=\'null\', deptId=null, deptName=\'null\', email=\'null\', mobile=\'null\', status=\'null\', createTime=null, modifyTime=null, lastLoginTime=null, ssex=\'null\', theme=\'null\', avatar=\'null\', description=\'null\', roleName=\'null\'}\"','127.0.0.1','2020-09-17 05:58:35','内网IP|0|0|内网IP|内网IP'),(11215,'admin','获取用户信息',5,'com.febs.web.controller.admin.system.UserController.userList()','request: \"QueryRequest{pageSize=10, pageNum=1}\"  user: \"MyUser{userId=null, username=\'null\', password=\'null\', deptId=null, deptName=\'null\', email=\'null\', mobile=\'null\', status=\'null\', createTime=null, modifyTime=null, lastLoginTime=null, ssex=\'null\', theme=\'null\', avatar=\'null\', description=\'null\', roleName=\'null\'}\"','127.0.0.1','2020-09-17 05:59:41','内网IP|0|0|内网IP|内网IP'),(11216,'admin','获取用户信息',7,'com.febs.web.controller.admin.system.UserController.userList()','request: \"QueryRequest{pageSize=10, pageNum=1}\"  user: \"MyUser{userId=null, username=\'null\', password=\'null\', deptId=null, deptName=\'null\', email=\'null\', mobile=\'null\', status=\'null\', createTime=null, modifyTime=null, lastLoginTime=null, ssex=\'null\', theme=\'null\', avatar=\'null\', description=\'null\', roleName=\'null\'}\"','127.0.0.1','2020-09-17 06:00:51','内网IP|0|0|内网IP|内网IP'),(11217,'admin','获取用户信息',4,'com.febs.web.controller.admin.system.UserController.userList()','request: \"QueryRequest{pageSize=10, pageNum=1}\"  user: \"MyUser{userId=null, username=\'null\', password=\'null\', deptId=null, deptName=\'null\', email=\'null\', mobile=\'null\', status=\'null\', createTime=null, modifyTime=null, lastLoginTime=null, ssex=\'null\', theme=\'null\', avatar=\'null\', description=\'null\', roleName=\'null\'}\"','127.0.0.1','2020-09-17 06:02:42','内网IP|0|0|内网IP|内网IP'),(11218,'admin','获取用户信息',5,'com.febs.web.controller.admin.system.UserController.userList()','request: \"QueryRequest{pageSize=10, pageNum=1}\"  user: \"MyUser{userId=null, username=\'null\', password=\'null\', deptId=null, deptName=\'null\', email=\'null\', mobile=\'null\', status=\'null\', createTime=null, modifyTime=null, lastLoginTime=null, ssex=\'null\', theme=\'null\', avatar=\'null\', description=\'null\', roleName=\'null\'}\"','127.0.0.1','2020-09-17 06:09:53','内网IP|0|0|内网IP|内网IP'),(11219,'admin','获取用户信息',5,'com.febs.web.controller.admin.system.UserController.userList()','request: \"QueryRequest{pageSize=10, pageNum=1}\"  user: \"MyUser{userId=null, username=\'null\', password=\'null\', deptId=null, deptName=\'null\', email=\'null\', mobile=\'null\', status=\'null\', createTime=null, modifyTime=null, lastLoginTime=null, ssex=\'null\', theme=\'null\', avatar=\'null\', description=\'null\', roleName=\'null\'}\"','127.0.0.1','2020-09-17 06:12:57','内网IP|0|0|内网IP|内网IP'),(11220,'admin','获取用户信息',7,'com.febs.web.controller.admin.system.UserController.userList()','request: \"QueryRequest{pageSize=10, pageNum=1}\"  user: \"MyUser{userId=null, username=\'null\', password=\'null\', deptId=null, deptName=\'null\', email=\'null\', mobile=\'null\', status=\'null\', createTime=null, modifyTime=null, lastLoginTime=null, ssex=\'null\', theme=\'null\', avatar=\'null\', description=\'null\', roleName=\'null\'}\"','127.0.0.1','2020-09-17 06:13:15','内网IP|0|0|内网IP|内网IP'),(11221,'admin','获取用户信息',5,'com.febs.web.controller.admin.system.UserController.userList()','request: \"QueryRequest{pageSize=10, pageNum=1}\"  user: \"MyUser{userId=null, username=\'null\', password=\'null\', deptId=null, deptName=\'null\', email=\'null\', mobile=\'null\', status=\'null\', createTime=null, modifyTime=null, lastLoginTime=null, ssex=\'null\', theme=\'null\', avatar=\'null\', description=\'null\', roleName=\'null\'}\"','127.0.0.1','2020-09-17 06:14:13','内网IP|0|0|内网IP|内网IP'),(11222,'admin','获取用户信息',5,'com.febs.web.controller.admin.system.UserController.userList()','request: \"QueryRequest{pageSize=10, pageNum=1}\"  user: \"MyUser{userId=null, username=\'null\', password=\'null\', deptId=null, deptName=\'null\', email=\'null\', mobile=\'null\', status=\'null\', createTime=null, modifyTime=null, lastLoginTime=null, ssex=\'null\', theme=\'null\', avatar=\'null\', description=\'null\', roleName=\'null\'}\"','127.0.0.1','2020-09-17 06:16:01','内网IP|0|0|内网IP|内网IP'),(11223,'admin','获取用户信息',6,'com.febs.web.controller.admin.system.UserController.userList()','request: \"QueryRequest{pageSize=10, pageNum=1}\"  user: \"MyUser{userId=null, username=\'null\', password=\'null\', deptId=null, deptName=\'null\', email=\'null\', mobile=\'null\', status=\'null\', createTime=null, modifyTime=null, lastLoginTime=null, ssex=\'null\', theme=\'null\', avatar=\'null\', description=\'null\', roleName=\'null\'}\"','127.0.0.1','2020-09-17 06:19:07','内网IP|0|0|内网IP|内网IP'),(11224,'admin','获取用户信息',5,'com.febs.web.controller.admin.system.UserController.userList()','request: \"QueryRequest{pageSize=10, pageNum=1}\"  user: \"MyUser{userId=null, username=\'null\', password=\'null\', deptId=null, deptName=\'null\', email=\'null\', mobile=\'null\', status=\'null\', createTime=null, modifyTime=null, lastLoginTime=null, ssex=\'null\', theme=\'null\', avatar=\'null\', description=\'null\', roleName=\'null\'}\"','127.0.0.1','2020-09-17 06:19:36','内网IP|0|0|内网IP|内网IP'),(11225,'admin','获取用户信息',5,'com.febs.web.controller.admin.system.UserController.userList()','request: \"QueryRequest{pageSize=10, pageNum=1}\"  user: \"MyUser{userId=null, username=\'null\', password=\'null\', deptId=null, deptName=\'null\', email=\'null\', mobile=\'null\', status=\'null\', createTime=null, modifyTime=null, lastLoginTime=null, ssex=\'null\', theme=\'null\', avatar=\'null\', description=\'null\', roleName=\'null\'}\"','127.0.0.1','2020-09-17 06:20:28','内网IP|0|0|内网IP|内网IP'),(11226,'admin','获取用户信息',8,'com.febs.web.controller.admin.system.UserController.userList()','request: \"QueryRequest{pageSize=10, pageNum=1}\"  user: \"MyUser{userId=null, username=\'null\', password=\'null\', deptId=null, deptName=\'null\', email=\'null\', mobile=\'null\', status=\'null\', createTime=null, modifyTime=null, lastLoginTime=null, ssex=\'null\', theme=\'null\', avatar=\'null\', description=\'null\', roleName=\'null\'}\"','127.0.0.1','2020-09-17 06:22:12','内网IP|0|0|内网IP|内网IP'),(11227,'admin','获取用户信息',7,'com.febs.web.controller.admin.system.UserController.userList()','request: \"QueryRequest{pageSize=10, pageNum=1}\"  user: \"MyUser{userId=null, username=\'null\', password=\'null\', deptId=null, deptName=\'null\', email=\'null\', mobile=\'null\', status=\'null\', createTime=null, modifyTime=null, lastLoginTime=null, ssex=\'null\', theme=\'null\', avatar=\'null\', description=\'null\', roleName=\'null\'}\"','127.0.0.1','2020-09-17 06:49:47','内网IP|0|0|内网IP|内网IP'),(11228,'admin','获取用户信息',6,'com.febs.web.controller.admin.system.UserController.userList()','request: \"QueryRequest{pageSize=10, pageNum=1}\"  user: \"MyUser{userId=null, username=\'null\', password=\'null\', deptId=null, deptName=\'null\', email=\'null\', mobile=\'null\', status=\'null\', createTime=null, modifyTime=null, lastLoginTime=null, ssex=\'null\', theme=\'null\', avatar=\'null\', description=\'null\', roleName=\'null\'}\"','127.0.0.1','2020-09-17 06:57:17','内网IP|0|0|内网IP|内网IP'),(11229,'admin','获取用户信息',5,'com.febs.web.controller.admin.system.UserController.userList()','request: \"QueryRequest{pageSize=10, pageNum=1}\"  user: \"MyUser{userId=null, username=\'null\', password=\'null\', deptId=null, deptName=\'null\', email=\'null\', mobile=\'null\', status=\'null\', createTime=null, modifyTime=null, lastLoginTime=null, ssex=\'null\', theme=\'null\', avatar=\'null\', description=\'null\', roleName=\'null\'}\"','127.0.0.1','2020-09-17 06:57:53','内网IP|0|0|内网IP|内网IP'),(11230,'admin','获取用户信息',3,'com.febs.web.controller.admin.system.UserController.userList()','request: \"QueryRequest{pageSize=10, pageNum=1}\"  user: \"MyUser{userId=null, username=\'null\', password=\'null\', deptId=null, deptName=\'null\', email=\'null\', mobile=\'null\', status=\'null\', createTime=null, modifyTime=null, lastLoginTime=null, ssex=\'null\', theme=\'null\', avatar=\'null\', description=\'null\', roleName=\'null\'}\"','127.0.0.1','2020-09-17 06:58:38','内网IP|0|0|内网IP|内网IP'),(11231,'admin','获取用户信息',4,'com.febs.web.controller.admin.system.UserController.userList()','request: \"QueryRequest{pageSize=10, pageNum=1}\"  user: \"MyUser{userId=null, username=\'null\', password=\'null\', deptId=null, deptName=\'null\', email=\'null\', mobile=\'null\', status=\'null\', createTime=null, modifyTime=null, lastLoginTime=null, ssex=\'null\', theme=\'null\', avatar=\'null\', description=\'null\', roleName=\'null\'}\"','127.0.0.1','2020-09-17 06:59:52','内网IP|0|0|内网IP|内网IP'),(11232,'admin','获取用户信息',4,'com.febs.web.controller.admin.system.UserController.userList()','request: \"QueryRequest{pageSize=10, pageNum=1}\"  user: \"MyUser{userId=null, username=\'null\', password=\'null\', deptId=null, deptName=\'null\', email=\'null\', mobile=\'null\', status=\'null\', createTime=null, modifyTime=null, lastLoginTime=null, ssex=\'null\', theme=\'null\', avatar=\'null\', description=\'null\', roleName=\'null\'}\"','127.0.0.1','2020-09-17 07:02:42','内网IP|0|0|内网IP|内网IP'),(11233,'admin','获取用户信息',6,'com.febs.web.controller.admin.system.UserController.userList()','request: \"QueryRequest{pageSize=10, pageNum=1}\"  user: \"MyUser{userId=null, username=\'null\', password=\'null\', deptId=null, deptName=\'null\', email=\'null\', mobile=\'null\', status=\'null\', createTime=null, modifyTime=null, lastLoginTime=null, ssex=\'null\', theme=\'null\', avatar=\'null\', description=\'null\', roleName=\'null\'}\"','127.0.0.1','2020-09-17 07:25:18','内网IP|0|0|内网IP|内网IP'),(11234,'admin','获取用户信息',5,'com.febs.web.controller.admin.system.UserController.userList()','request: \"QueryRequest{pageSize=10, pageNum=1}\"  user: \"MyUser{userId=null, username=\'null\', password=\'null\', deptId=null, deptName=\'null\', email=\'null\', mobile=\'null\', status=\'null\', createTime=null, modifyTime=null, lastLoginTime=null, ssex=\'null\', theme=\'null\', avatar=\'null\', description=\'null\', roleName=\'null\'}\"','127.0.0.1','2020-09-17 07:27:25','内网IP|0|0|内网IP|内网IP'),(11235,'admin','获取用户信息',7,'com.febs.web.controller.admin.system.UserController.userList()','request: \"QueryRequest{pageSize=10, pageNum=1}\"  user: \"MyUser{userId=null, username=\'null\', password=\'null\', deptId=null, deptName=\'null\', email=\'null\', mobile=\'null\', status=\'null\', createTime=null, modifyTime=null, lastLoginTime=null, ssex=\'null\', theme=\'null\', avatar=\'null\', description=\'null\', roleName=\'null\'}\"','127.0.0.1','2020-09-17 07:29:47','内网IP|0|0|内网IP|内网IP'),(11236,'admin','获取用户信息',7,'com.febs.web.controller.admin.system.UserController.userList()','request: \"QueryRequest{pageSize=10, pageNum=1}\"  user: \"MyUser{userId=null, username=\'null\', password=\'null\', deptId=null, deptName=\'null\', email=\'null\', mobile=\'null\', status=\'null\', createTime=null, modifyTime=null, lastLoginTime=null, ssex=\'null\', theme=\'null\', avatar=\'null\', description=\'null\', roleName=\'null\'}\"','127.0.0.1','2020-09-17 07:52:52','内网IP|0|0|内网IP|内网IP'),(11237,'admin','获取用户信息',6,'com.febs.web.controller.admin.system.UserController.userList()','request: \"QueryRequest{pageSize=10, pageNum=1}\"  user: \"MyUser{userId=null, username=\'null\', password=\'null\', deptId=null, deptName=\'null\', email=\'null\', mobile=\'null\', status=\'null\', createTime=null, modifyTime=null, lastLoginTime=null, ssex=\'null\', theme=\'null\', avatar=\'null\', description=\'null\', roleName=\'null\'}\"','127.0.0.1','2020-09-17 07:54:53','内网IP|0|0|内网IP|内网IP'),(11238,'admin','获取用户信息',5,'com.febs.web.controller.admin.system.UserController.userList()','request: \"QueryRequest{pageSize=10, pageNum=1}\"  user: \"MyUser{userId=null, username=\'null\', password=\'null\', deptId=null, deptName=\'null\', email=\'null\', mobile=\'null\', status=\'null\', createTime=null, modifyTime=null, lastLoginTime=null, ssex=\'null\', theme=\'null\', avatar=\'null\', description=\'null\', roleName=\'null\'}\"','127.0.0.1','2020-09-17 08:01:44','内网IP|0|0|内网IP|内网IP'),(11239,'admin','获取用户信息',4,'com.febs.web.controller.admin.system.UserController.userList()','request: \"QueryRequest{pageSize=10, pageNum=1}\"  user: \"MyUser{userId=null, username=\'null\', password=\'null\', deptId=null, deptName=\'null\', email=\'null\', mobile=\'null\', status=\'null\', createTime=null, modifyTime=null, lastLoginTime=null, ssex=\'null\', theme=\'null\', avatar=\'null\', description=\'null\', roleName=\'null\'}\"','127.0.0.1','2020-09-17 08:02:34','内网IP|0|0|内网IP|内网IP'),(11240,'admin','获取用户信息',4,'com.febs.web.controller.admin.system.UserController.userList()','request: \"QueryRequest{pageSize=10, pageNum=1}\"  user: \"MyUser{userId=null, username=\'null\', password=\'null\', deptId=null, deptName=\'null\', email=\'null\', mobile=\'null\', status=\'null\', createTime=null, modifyTime=null, lastLoginTime=null, ssex=\'null\', theme=\'null\', avatar=\'null\', description=\'null\', roleName=\'null\'}\"','127.0.0.1','2020-09-17 08:10:01','内网IP|0|0|内网IP|内网IP'),(11241,'admin','获取角色信息',0,'com.febs.web.controller.admin.system.RoleController.index()','','127.0.0.1','2020-09-17 08:10:42','内网IP|0|0|内网IP|内网IP'),(11242,'admin','获取用户信息',6,'com.febs.web.controller.admin.system.UserController.userList()','request: \"QueryRequest{pageSize=10, pageNum=1}\"  user: \"MyUser{userId=null, username=\'null\', password=\'null\', deptId=null, deptName=\'null\', email=\'null\', mobile=\'null\', status=\'null\', createTime=null, modifyTime=null, lastLoginTime=null, ssex=\'null\', theme=\'null\', avatar=\'null\', description=\'null\', roleName=\'null\'}\"','127.0.0.1','2020-09-17 08:10:42','内网IP|0|0|内网IP|内网IP'),(11243,'admin','获取角色信息',0,'com.febs.web.controller.admin.system.RoleController.index()','','127.0.0.1','2020-09-17 08:17:09','内网IP|0|0|内网IP|内网IP'),(11244,'admin','获取用户信息',5,'com.febs.web.controller.admin.system.UserController.userList()','request: \"QueryRequest{pageSize=10, pageNum=1}\"  user: \"MyUser{userId=null, username=\'null\', password=\'null\', deptId=null, deptName=\'null\', email=\'null\', mobile=\'null\', status=\'null\', createTime=null, modifyTime=null, lastLoginTime=null, ssex=\'null\', theme=\'null\', avatar=\'null\', description=\'null\', roleName=\'null\'}\"','127.0.0.1','2020-09-17 08:17:10','内网IP|0|0|内网IP|内网IP'),(11245,'admin','获取用户信息',4,'com.febs.web.controller.admin.system.UserController.userList()','request: \"QueryRequest{pageSize=10, pageNum=1}\"  user: \"MyUser{userId=null, username=\'null\', password=\'null\', deptId=null, deptName=\'null\', email=\'null\', mobile=\'null\', status=\'null\', createTime=null, modifyTime=null, lastLoginTime=null, ssex=\'null\', theme=\'null\', avatar=\'null\', description=\'null\', roleName=\'null\'}\"','127.0.0.1','2020-09-17 08:18:13','内网IP|0|0|内网IP|内网IP'),(11246,'admin','获取用户信息',5,'com.febs.web.controller.admin.system.UserController.userList()','request: \"QueryRequest{pageSize=10, pageNum=1}\"  user: \"MyUser{userId=null, username=\'null\', password=\'null\', deptId=null, deptName=\'null\', email=\'null\', mobile=\'null\', status=\'null\', createTime=null, modifyTime=null, lastLoginTime=null, ssex=\'null\', theme=\'null\', avatar=\'null\', description=\'null\', roleName=\'null\'}\"','127.0.0.1','2020-09-17 08:25:29','内网IP|0|0|内网IP|内网IP'),(11247,'admin','获取用户信息',6,'com.febs.web.controller.admin.system.UserController.userList()','request: \"QueryRequest{pageSize=10, pageNum=1}\"  user: \"MyUser{userId=null, username=\'null\', password=\'null\', deptId=null, deptName=\'null\', email=\'null\', mobile=\'null\', status=\'null\', createTime=null, modifyTime=null, lastLoginTime=null, ssex=\'null\', theme=\'null\', avatar=\'null\', description=\'null\', roleName=\'null\'}\"','127.0.0.1','2020-09-17 08:26:03','内网IP|0|0|内网IP|内网IP'),(11248,'admin','获取用户信息',4,'com.febs.web.controller.admin.system.UserController.userList()','request: \"QueryRequest{pageSize=10, pageNum=1}\"  user: \"MyUser{userId=null, username=\'null\', password=\'null\', deptId=null, deptName=\'null\', email=\'null\', mobile=\'null\', status=\'null\', createTime=null, modifyTime=null, lastLoginTime=null, ssex=\'null\', theme=\'null\', avatar=\'null\', description=\'null\', roleName=\'null\'}\"','127.0.0.1','2020-09-17 08:26:08','内网IP|0|0|内网IP|内网IP'),(11249,'admin','获取用户信息',9,'com.febs.web.controller.admin.system.UserController.userList()','request: \"QueryRequest{pageSize=10, pageNum=1}\"  user: \"MyUser{userId=null, username=\'null\', password=\'null\', deptId=null, deptName=\'null\', email=\'null\', mobile=\'null\', status=\'null\', createTime=null, modifyTime=null, lastLoginTime=null, ssex=\'null\', theme=\'null\', avatar=\'null\', description=\'null\', roleName=\'null\'}\"','127.0.0.1','2020-09-17 08:26:46','内网IP|0|0|内网IP|内网IP'),(11250,'admin','获取用户信息',5,'com.febs.web.controller.admin.system.UserController.userList()','request: \"QueryRequest{pageSize=10, pageNum=1}\"  user: \"MyUser{userId=null, username=\'null\', password=\'null\', deptId=null, deptName=\'null\', email=\'null\', mobile=\'null\', status=\'null\', createTime=null, modifyTime=null, lastLoginTime=null, ssex=\'null\', theme=\'null\', avatar=\'null\', description=\'null\', roleName=\'null\'}\"','127.0.0.1','2020-09-17 08:27:00','内网IP|0|0|内网IP|内网IP'),(11251,'admin','获取用户信息',9,'com.febs.web.controller.admin.system.UserController.userList()','request: \"QueryRequest{pageSize=10, pageNum=1}\"  user: \"MyUser{userId=null, username=\'null\', password=\'null\', deptId=null, deptName=\'null\', email=\'null\', mobile=\'null\', status=\'null\', createTime=null, modifyTime=null, lastLoginTime=null, ssex=\'null\', theme=\'null\', avatar=\'null\', description=\'null\', roleName=\'null\'}\"','127.0.0.1','2020-09-17 08:40:35','内网IP|0|0|内网IP|内网IP'),(11252,'admin','获取用户信息',3,'com.febs.web.controller.admin.system.UserController.userList()','request: \"QueryRequest{pageSize=10, pageNum=1}\"  user: \"MyUser{userId=null, username=\'null\', password=\'null\', deptId=null, deptName=\'null\', email=\'null\', mobile=\'null\', status=\'null\', createTime=null, modifyTime=null, lastLoginTime=null, ssex=\'null\', theme=\'null\', avatar=\'null\', description=\'null\', roleName=\'null\'}\"','127.0.0.1','2020-09-17 08:41:20','内网IP|0|0|内网IP|内网IP'),(11253,'admin','获取用户信息',4,'com.febs.web.controller.admin.system.UserController.userList()','request: \"QueryRequest{pageSize=10, pageNum=1}\"  user: \"MyUser{userId=null, username=\'null\', password=\'null\', deptId=null, deptName=\'null\', email=\'null\', mobile=\'null\', status=\'null\', createTime=null, modifyTime=null, lastLoginTime=null, ssex=\'null\', theme=\'null\', avatar=\'null\', description=\'null\', roleName=\'null\'}\"','127.0.0.1','2020-09-17 08:41:45','内网IP|0|0|内网IP|内网IP'),(11254,'admin','获取用户信息',5,'com.febs.web.controller.admin.system.UserController.userList()','request: \"QueryRequest{pageSize=10, pageNum=1}\"  user: \"MyUser{userId=null, username=\'null\', password=\'null\', deptId=null, deptName=\'null\', email=\'null\', mobile=\'null\', status=\'null\', createTime=null, modifyTime=null, lastLoginTime=null, ssex=\'null\', theme=\'null\', avatar=\'null\', description=\'null\', roleName=\'null\'}\"','127.0.0.1','2020-09-17 08:46:25','内网IP|0|0|内网IP|内网IP'),(11255,'admin','新增用户',104,'com.febs.web.controller.admin.system.UserController.addUser()','user: \"MyUser{userId=174, username=\'ffsdfdsa\', password=\'$2a$10$vydtXtS5QQkGFiH4gGVOtu0ge5s5oFVx2rHrEAc1uhsbVKzfNhdn2\', deptId=4, deptName=\'null\', email=\'283857153@qq.com\', mobile=\'null\', status=\'1\', createTime=Thu Sep 17 16:49:54 CST 2020, modifyTime=null, lastLoginTime=null, ssex=\'0\', theme=\'green\', avatar=\'default.jpg\', description=\'null\', roleName=\'null\'}\"  roles: \"[Ljava.lang.Long;@8f8e02a\"','127.0.0.1','2020-09-17 08:49:54','内网IP|0|0|内网IP|内网IP'),(11256,'admin','获取用户信息',3,'com.febs.web.controller.admin.system.UserController.userList()','request: \"QueryRequest{pageSize=10, pageNum=1}\"  user: \"MyUser{userId=null, username=\'null\', password=\'null\', deptId=null, deptName=\'null\', email=\'null\', mobile=\'null\', status=\'null\', createTime=null, modifyTime=null, lastLoginTime=null, ssex=\'null\', theme=\'null\', avatar=\'null\', description=\'null\', roleName=\'null\'}\"','127.0.0.1','2020-09-17 08:49:54','内网IP|0|0|内网IP|内网IP'),(11257,'admin','获取用户信息',5,'com.febs.web.controller.admin.system.UserController.userList()','request: \"QueryRequest{pageSize=10, pageNum=1}\"  user: \"MyUser{userId=null, username=\'null\', password=\'null\', deptId=null, deptName=\'null\', email=\'null\', mobile=\'null\', status=\'null\', createTime=null, modifyTime=null, lastLoginTime=null, ssex=\'null\', theme=\'null\', avatar=\'null\', description=\'null\', roleName=\'null\'}\"','127.0.0.1','2020-09-17 08:57:08','内网IP|0|0|内网IP|内网IP'),(11258,'admin','获取用户信息',4,'com.febs.web.controller.admin.system.UserController.userList()','request: \"QueryRequest{pageSize=10, pageNum=1}\"  user: \"MyUser{userId=null, username=\'null\', password=\'null\', deptId=null, deptName=\'null\', email=\'null\', mobile=\'null\', status=\'null\', createTime=null, modifyTime=null, lastLoginTime=null, ssex=\'null\', theme=\'null\', avatar=\'null\', description=\'null\', roleName=\'null\'}\"','127.0.0.1','2020-09-17 09:11:18','内网IP|0|0|内网IP|内网IP'),(11259,'admin','获取用户信息',4,'com.febs.web.controller.admin.system.UserController.userList()','request: \"QueryRequest{pageSize=10, pageNum=1}\"  user: \"MyUser{userId=null, username=\'null\', password=\'null\', deptId=null, deptName=\'null\', email=\'null\', mobile=\'null\', status=\'null\', createTime=null, modifyTime=null, lastLoginTime=null, ssex=\'null\', theme=\'null\', avatar=\'null\', description=\'null\', roleName=\'null\'}\"','127.0.0.1','2020-09-17 09:11:55','内网IP|0|0|内网IP|内网IP'),(11260,'admin','获取用户信息',4,'com.febs.web.controller.admin.system.UserController.userList()','request: \"QueryRequest{pageSize=10, pageNum=1}\"  user: \"MyUser{userId=null, username=\'null\', password=\'null\', deptId=null, deptName=\'null\', email=\'null\', mobile=\'null\', status=\'null\', createTime=null, modifyTime=null, lastLoginTime=null, ssex=\'null\', theme=\'null\', avatar=\'null\', description=\'null\', roleName=\'null\'}\"','127.0.0.1','2020-09-17 09:16:42','内网IP|0|0|内网IP|内网IP'),(11261,'admin','新增用户',14475,'com.febs.web.controller.admin.system.UserController.addUser()','user: \"MyUser{userId=175, username=\'AAAAFFF\', password=\'$2a$10$XSRJCPfWpT8yrX2tvkJEDuNgVEO5jjSuSgvonZjHSq90B8Baxukp6\', deptId=4, deptName=\'null\', email=\'wtsoftware@163.com\', mobile=\'null\', status=\'1\', createTime=Thu Sep 17 17:17:13 CST 2020, modifyTime=null, lastLoginTime=null, ssex=\'0\', theme=\'green\', avatar=\'default.jpg\', description=\'null\', roleName=\'null\'}\"  roles: \"[Ljava.lang.Long;@485e8dc3\"','127.0.0.1','2020-09-17 09:17:13','内网IP|0|0|内网IP|内网IP'),(11262,'admin','获取用户信息',4,'com.febs.web.controller.admin.system.UserController.userList()','request: \"QueryRequest{pageSize=10, pageNum=1}\"  user: \"MyUser{userId=null, username=\'null\', password=\'null\', deptId=null, deptName=\'null\', email=\'null\', mobile=\'null\', status=\'null\', createTime=null, modifyTime=null, lastLoginTime=null, ssex=\'null\', theme=\'null\', avatar=\'null\', description=\'null\', roleName=\'null\'}\"','127.0.0.1','2020-09-17 09:17:13','内网IP|0|0|内网IP|内网IP'),(11263,'admin','获取用户信息',8,'com.febs.web.controller.admin.system.UserController.userList()','request: \"QueryRequest{pageSize=10, pageNum=1}\"  user: \"MyUser{userId=null, username=\'null\', password=\'null\', deptId=null, deptName=\'null\', email=\'null\', mobile=\'null\', status=\'null\', createTime=null, modifyTime=null, lastLoginTime=null, ssex=\'null\', theme=\'null\', avatar=\'null\', description=\'null\', roleName=\'null\'}\"','127.0.0.1','2020-09-17 09:20:36','内网IP|0|0|内网IP|内网IP'),(11264,'admin','获取用户信息',5,'com.febs.web.controller.admin.system.UserController.userList()','request: \"QueryRequest{pageSize=10, pageNum=1}\"  user: \"MyUser{userId=null, username=\'null\', password=\'null\', deptId=null, deptName=\'null\', email=\'null\', mobile=\'null\', status=\'null\', createTime=null, modifyTime=null, lastLoginTime=null, ssex=\'null\', theme=\'null\', avatar=\'null\', description=\'null\', roleName=\'null\'}\"','127.0.0.1','2020-09-17 09:28:35','内网IP|0|0|内网IP|内网IP'),(11265,'admin','获取用户信息',4,'com.febs.web.controller.admin.system.UserController.userList()','request: \"QueryRequest{pageSize=10, pageNum=1}\"  user: \"MyUser{userId=null, username=\'null\', password=\'null\', deptId=null, deptName=\'null\', email=\'null\', mobile=\'null\', status=\'null\', createTime=null, modifyTime=null, lastLoginTime=null, ssex=\'null\', theme=\'null\', avatar=\'null\', description=\'null\', roleName=\'null\'}\"','127.0.0.1','2020-09-17 09:51:35','内网IP|0|0|内网IP|内网IP'),(11266,'admin','获取用户信息',8,'com.febs.web.controller.admin.system.UserController.userList()','request: \"QueryRequest{pageSize=10, pageNum=1}\"  user: \"MyUser{userId=null, username=\'null\', password=\'null\', deptId=null, deptName=\'null\', email=\'null\', mobile=\'null\', status=\'null\', createTime=null, modifyTime=null, lastLoginTime=null, ssex=\'null\', theme=\'null\', avatar=\'null\', description=\'null\', roleName=\'null\'}\"','127.0.0.1','2020-09-17 09:53:47','内网IP|0|0|内网IP|内网IP'),(11267,'admin','获取用户信息',5,'com.febs.web.controller.admin.system.UserController.userList()','request: \"QueryRequest{pageSize=10, pageNum=1}\"  user: \"MyUser{userId=null, username=\'null\', password=\'null\', deptId=null, deptName=\'null\', email=\'null\', mobile=\'null\', status=\'null\', createTime=null, modifyTime=null, lastLoginTime=null, ssex=\'null\', theme=\'null\', avatar=\'null\', description=\'null\', roleName=\'null\'}\"','127.0.0.1','2020-09-17 09:55:01','内网IP|0|0|内网IP|内网IP'),(11268,'admin','获取用户信息',4,'com.febs.web.controller.admin.system.UserController.userList()','request: \"QueryRequest{pageSize=10, pageNum=1}\"  user: \"MyUser{userId=null, username=\'null\', password=\'null\', deptId=null, deptName=\'null\', email=\'null\', mobile=\'null\', status=\'null\', createTime=null, modifyTime=null, lastLoginTime=null, ssex=\'null\', theme=\'null\', avatar=\'null\', description=\'null\', roleName=\'null\'}\"','127.0.0.1','2020-09-17 09:59:59','内网IP|0|0|内网IP|内网IP'),(11269,'admin','获取用户信息',4,'com.febs.web.controller.admin.system.UserController.userList()','request: \"QueryRequest{pageSize=10, pageNum=1}\"  user: \"MyUser{userId=null, username=\'null\', password=\'null\', deptId=null, deptName=\'null\', email=\'null\', mobile=\'null\', status=\'null\', createTime=null, modifyTime=null, lastLoginTime=null, ssex=\'null\', theme=\'null\', avatar=\'null\', description=\'null\', roleName=\'null\'}\"','127.0.0.1','2020-09-17 10:02:31','内网IP|0|0|内网IP|内网IP'),(11270,'admin','获取用户信息',5,'com.febs.web.controller.admin.system.UserController.userList()','request: \"QueryRequest{pageSize=10, pageNum=1}\"  user: \"MyUser{userId=null, username=\'null\', password=\'null\', deptId=null, deptName=\'null\', email=\'null\', mobile=\'null\', status=\'null\', createTime=null, modifyTime=null, lastLoginTime=null, ssex=\'null\', theme=\'null\', avatar=\'null\', description=\'null\', roleName=\'null\'}\"','127.0.0.1','2020-09-17 10:02:53','内网IP|0|0|内网IP|内网IP'),(11271,'admin','获取用户信息',5,'com.febs.web.controller.admin.system.UserController.userList()','request: \"QueryRequest{pageSize=10, pageNum=1}\"  user: \"MyUser{userId=null, username=\'null\', password=\'null\', deptId=null, deptName=\'null\', email=\'null\', mobile=\'null\', status=\'null\', createTime=null, modifyTime=null, lastLoginTime=null, ssex=\'null\', theme=\'null\', avatar=\'null\', description=\'null\', roleName=\'null\'}\"','127.0.0.1','2020-09-17 10:03:38','内网IP|0|0|内网IP|内网IP'),(11272,'admin','获取用户信息',4,'com.febs.web.controller.admin.system.UserController.userList()','request: \"QueryRequest{pageSize=10, pageNum=1}\"  user: \"MyUser{userId=null, username=\'null\', password=\'null\', deptId=null, deptName=\'null\', email=\'null\', mobile=\'null\', status=\'null\', createTime=null, modifyTime=null, lastLoginTime=null, ssex=\'null\', theme=\'null\', avatar=\'null\', description=\'null\', roleName=\'null\'}\"','127.0.0.1','2020-09-17 10:05:06','内网IP|0|0|内网IP|内网IP'),(11273,'admin','获取用户信息',3,'com.febs.web.controller.admin.system.UserController.userList()','request: \"QueryRequest{pageSize=10, pageNum=1}\"  user: \"MyUser{userId=null, username=\'null\', password=\'null\', deptId=null, deptName=\'null\', email=\'null\', mobile=\'null\', status=\'null\', createTime=null, modifyTime=null, lastLoginTime=null, ssex=\'null\', theme=\'null\', avatar=\'null\', description=\'null\', roleName=\'null\'}\"','127.0.0.1','2020-09-17 10:05:06','内网IP|0|0|内网IP|内网IP'),(11274,'admin','获取用户信息',3,'com.febs.web.controller.admin.system.UserController.userList()','request: \"QueryRequest{pageSize=10, pageNum=1}\"  user: \"MyUser{userId=null, username=\'null\', password=\'null\', deptId=null, deptName=\'null\', email=\'null\', mobile=\'null\', status=\'null\', createTime=null, modifyTime=null, lastLoginTime=null, ssex=\'null\', theme=\'null\', avatar=\'null\', description=\'null\', roleName=\'null\'}\"','127.0.0.1','2020-09-17 10:05:06','内网IP|0|0|内网IP|内网IP'),(11275,'admin','获取用户信息',3,'com.febs.web.controller.admin.system.UserController.userList()','request: \"QueryRequest{pageSize=10, pageNum=1}\"  user: \"MyUser{userId=null, username=\'null\', password=\'null\', deptId=null, deptName=\'null\', email=\'null\', mobile=\'null\', status=\'null\', createTime=null, modifyTime=null, lastLoginTime=null, ssex=\'null\', theme=\'null\', avatar=\'null\', description=\'null\', roleName=\'null\'}\"','127.0.0.1','2020-09-17 10:05:07','内网IP|0|0|内网IP|内网IP'),(11276,'admin','获取用户信息',6,'com.febs.web.controller.admin.system.UserController.userList()','request: \"QueryRequest{pageSize=10, pageNum=1}\"  user: \"MyUser{userId=null, username=\'null\', password=\'null\', deptId=null, deptName=\'null\', email=\'null\', mobile=\'null\', status=\'null\', createTime=null, modifyTime=null, lastLoginTime=null, ssex=\'null\', theme=\'null\', avatar=\'null\', description=\'null\', roleName=\'null\'}\"','127.0.0.1','2020-09-17 10:10:17','内网IP|0|0|内网IP|内网IP'),(11277,'admin','获取用户信息',6,'com.febs.web.controller.admin.system.UserController.userList()','request: \"QueryRequest{pageSize=10, pageNum=1}\"  user: \"MyUser{userId=null, username=\'null\', password=\'null\', deptId=null, deptName=\'null\', email=\'null\', mobile=\'null\', status=\'null\', createTime=null, modifyTime=null, lastLoginTime=null, ssex=\'null\', theme=\'null\', avatar=\'null\', description=\'null\', roleName=\'null\'}\"','127.0.0.1','2020-09-17 10:10:39','内网IP|0|0|内网IP|内网IP'),(11278,'admin','获取用户信息',4,'com.febs.web.controller.admin.system.UserController.userList()','request: \"QueryRequest{pageSize=10, pageNum=1}\"  user: \"MyUser{userId=null, username=\'null\', password=\'null\', deptId=null, deptName=\'null\', email=\'null\', mobile=\'null\', status=\'null\', createTime=null, modifyTime=null, lastLoginTime=null, ssex=\'null\', theme=\'null\', avatar=\'null\', description=\'null\', roleName=\'null\'}\"','127.0.0.1','2020-09-17 10:14:46','内网IP|0|0|内网IP|内网IP'),(11279,'admin','获取用户信息',3,'com.febs.web.controller.admin.system.UserController.userList()','request: \"QueryRequest{pageSize=10, pageNum=1}\"  user: \"MyUser{userId=null, username=\'null\', password=\'null\', deptId=null, deptName=\'null\', email=\'null\', mobile=\'null\', status=\'null\', createTime=null, modifyTime=null, lastLoginTime=null, ssex=\'null\', theme=\'null\', avatar=\'null\', description=\'null\', roleName=\'null\'}\"','127.0.0.1','2020-09-17 10:16:36','内网IP|0|0|内网IP|内网IP'),(11280,'admin','获取用户信息',5,'com.febs.web.controller.admin.system.UserController.userList()','request: \"QueryRequest{pageSize=10, pageNum=1}\"  user: \"MyUser{userId=null, username=\'null\', password=\'null\', deptId=null, deptName=\'null\', email=\'null\', mobile=\'null\', status=\'null\', createTime=null, modifyTime=null, lastLoginTime=null, ssex=\'null\', theme=\'null\', avatar=\'null\', description=\'null\', roleName=\'null\'}\"','127.0.0.1','2020-09-17 10:17:37','内网IP|0|0|内网IP|内网IP'),(11281,'admin','获取用户信息',5,'com.febs.web.controller.admin.system.UserController.userList()','request: \"QueryRequest{pageSize=10, pageNum=1}\"  user: \"MyUser{userId=null, username=\'null\', password=\'null\', deptId=null, deptName=\'null\', email=\'null\', mobile=\'null\', status=\'null\', createTime=null, modifyTime=null, lastLoginTime=null, ssex=\'null\', theme=\'null\', avatar=\'null\', description=\'null\', roleName=\'null\'}\"','127.0.0.1','2020-09-17 10:18:55','内网IP|0|0|内网IP|内网IP'),(11282,'admin','获取角色信息',0,'com.febs.web.controller.admin.system.RoleController.index()','','127.0.0.1','2020-09-17 10:18:59','内网IP|0|0|内网IP|内网IP'),(11283,'admin','获取用户信息',2,'com.febs.web.controller.admin.system.UserController.userList()','request: \"QueryRequest{pageSize=10, pageNum=1}\"  user: \"MyUser{userId=null, username=\'null\', password=\'null\', deptId=null, deptName=\'null\', email=\'null\', mobile=\'null\', status=\'null\', createTime=null, modifyTime=null, lastLoginTime=null, ssex=\'null\', theme=\'null\', avatar=\'null\', description=\'null\', roleName=\'null\'}\"','127.0.0.1','2020-09-17 10:19:05','内网IP|0|0|内网IP|内网IP'),(11284,'admin','获取角色信息',0,'com.febs.web.controller.admin.system.RoleController.index()','','127.0.0.1','2020-09-17 10:20:37','内网IP|0|0|内网IP|内网IP'),(11285,'admin','获取用户信息',4,'com.febs.web.controller.admin.system.UserController.userList()','request: \"QueryRequest{pageSize=10, pageNum=1}\"  user: \"MyUser{userId=null, username=\'null\', password=\'null\', deptId=null, deptName=\'null\', email=\'null\', mobile=\'null\', status=\'null\', createTime=null, modifyTime=null, lastLoginTime=null, ssex=\'null\', theme=\'null\', avatar=\'null\', description=\'null\', roleName=\'null\'}\"','127.0.0.1','2020-09-17 10:22:19','内网IP|0|0|内网IP|内网IP'),(11286,'admin','获取用户信息',5,'com.febs.web.controller.admin.system.UserController.userList()','request: \"QueryRequest{pageSize=10, pageNum=1}\"  user: \"MyUser{userId=null, username=\'null\', password=\'null\', deptId=null, deptName=\'null\', email=\'null\', mobile=\'null\', status=\'null\', createTime=null, modifyTime=null, lastLoginTime=null, ssex=\'null\', theme=\'null\', avatar=\'null\', description=\'null\', roleName=\'null\'}\"','127.0.0.1','2020-09-17 10:26:36','内网IP|0|0|内网IP|内网IP'),(11287,'admin','获取用户信息',4,'com.febs.web.controller.admin.system.UserController.userList()','request: \"QueryRequest{pageSize=10, pageNum=1}\"  user: \"MyUser{userId=null, username=\'null\', password=\'null\', deptId=null, deptName=\'null\', email=\'null\', mobile=\'null\', status=\'null\', createTime=null, modifyTime=null, lastLoginTime=null, ssex=\'null\', theme=\'null\', avatar=\'null\', description=\'null\', roleName=\'null\'}\"','127.0.0.1','2020-09-17 10:28:59','内网IP|0|0|内网IP|内网IP'),(11288,'admin','删除用户',12,'com.febs.web.controller.admin.system.UserController.deleteUsers()','ids: \"175\"','127.0.0.1','2020-09-17 10:29:09','内网IP|0|0|内网IP|内网IP'),(11289,'admin','获取用户信息',7,'com.febs.web.controller.admin.system.UserController.userList()','request: \"QueryRequest{pageSize=10, pageNum=1}\"  user: \"MyUser{userId=null, username=\'null\', password=\'null\', deptId=null, deptName=\'null\', email=\'null\', mobile=\'null\', status=\'null\', createTime=null, modifyTime=null, lastLoginTime=null, ssex=\'null\', theme=\'null\', avatar=\'null\', description=\'null\', roleName=\'null\'}\"','127.0.0.1','2020-09-17 10:45:27','内网IP|0|0|内网IP|内网IP'),(11290,'admin','删除用户',5,'com.febs.web.controller.admin.system.UserController.deleteUsers()','ids: \"174\"','127.0.0.1','2020-09-17 10:45:36','内网IP|0|0|内网IP|内网IP'),(11291,'admin','获取用户信息',3,'com.febs.web.controller.admin.system.UserController.userList()','request: \"QueryRequest{pageSize=10, pageNum=1}\"  user: \"MyUser{userId=null, username=\'null\', password=\'null\', deptId=null, deptName=\'null\', email=\'null\', mobile=\'null\', status=\'null\', createTime=null, modifyTime=null, lastLoginTime=null, ssex=\'null\', theme=\'null\', avatar=\'null\', description=\'null\', roleName=\'null\'}\"','127.0.0.1','2020-09-17 10:45:36','内网IP|0|0|内网IP|内网IP'),(11292,'admin','获取用户信息',11,'com.febs.web.controller.admin.system.UserController.userList()','request: \"QueryRequest{pageSize=10, pageNum=1}\"  user: \"MyUser{userId=null, username=\'null\', password=\'null\', deptId=null, deptName=\'null\', email=\'null\', mobile=\'null\', status=\'null\', createTime=null, modifyTime=null, lastLoginTime=null, ssex=\'null\', theme=\'null\', avatar=\'null\', description=\'null\', roleName=\'null\'}\"','127.0.0.1','2020-09-18 01:12:52','内网IP|0|0|内网IP|内网IP'),(11293,'admin','修改用户',17,'com.febs.web.controller.admin.system.UserController.updateUser()','user: \"MyUser{userId=173, username=\'null\', password=\'null\', deptId=11, deptName=\'null\', email=\'wtsoftware@163.com\', mobile=\'null\', status=\'1\', createTime=null, modifyTime=Fri Sep 18 09:20:10 CST 2020, lastLoginTime=null, ssex=\'2\', theme=\'null\', avatar=\'null\', description=\'null\', roleName=\'null\'}\"  rolesSelect: \"[Ljava.lang.Long;@1ad50ca3\"','127.0.0.1','2020-09-18 01:20:10','内网IP|0|0|内网IP|内网IP'),(11294,'admin','获取用户信息',8,'com.febs.web.controller.admin.system.UserController.userList()','request: \"QueryRequest{pageSize=10, pageNum=1}\"  user: \"MyUser{userId=null, username=\'null\', password=\'null\', deptId=null, deptName=\'null\', email=\'null\', mobile=\'null\', status=\'null\', createTime=null, modifyTime=null, lastLoginTime=null, ssex=\'null\', theme=\'null\', avatar=\'null\', description=\'null\', roleName=\'null\'}\"','127.0.0.1','2020-09-18 01:20:10','内网IP|0|0|内网IP|内网IP'),(11295,'admin','修改用户',7,'com.febs.web.controller.admin.system.UserController.updateUser()','user: \"MyUser{userId=173, username=\'null\', password=\'null\', deptId=11, deptName=\'null\', email=\'wtsoftware@163.com\', mobile=\'null\', status=\'1\', createTime=null, modifyTime=Fri Sep 18 09:20:22 CST 2020, lastLoginTime=null, ssex=\'0\', theme=\'null\', avatar=\'null\', description=\'null\', roleName=\'null\'}\"  rolesSelect: \"[Ljava.lang.Long;@718526da\"','127.0.0.1','2020-09-18 01:20:22','内网IP|0|0|内网IP|内网IP'),(11296,'admin','获取用户信息',6,'com.febs.web.controller.admin.system.UserController.userList()','request: \"QueryRequest{pageSize=10, pageNum=1}\"  user: \"MyUser{userId=null, username=\'null\', password=\'null\', deptId=null, deptName=\'null\', email=\'null\', mobile=\'null\', status=\'null\', createTime=null, modifyTime=null, lastLoginTime=null, ssex=\'null\', theme=\'null\', avatar=\'null\', description=\'null\', roleName=\'null\'}\"','127.0.0.1','2020-09-18 01:20:22','内网IP|0|0|内网IP|内网IP'),(11297,'admin','修改用户',13,'com.febs.web.controller.admin.system.UserController.updateUser()','user: \"MyUser{userId=173, username=\'null\', password=\'null\', deptId=11, deptName=\'null\', email=\'wtsoftware@163.com\', mobile=\'null\', status=\'0\', createTime=null, modifyTime=Fri Sep 18 09:20:38 CST 2020, lastLoginTime=null, ssex=\'0\', theme=\'null\', avatar=\'null\', description=\'null\', roleName=\'null\'}\"  rolesSelect: \"[Ljava.lang.Long;@642cce40\"','127.0.0.1','2020-09-18 01:20:38','内网IP|0|0|内网IP|内网IP'),(11298,'admin','获取用户信息',6,'com.febs.web.controller.admin.system.UserController.userList()','request: \"QueryRequest{pageSize=10, pageNum=1}\"  user: \"MyUser{userId=null, username=\'null\', password=\'null\', deptId=null, deptName=\'null\', email=\'null\', mobile=\'null\', status=\'null\', createTime=null, modifyTime=null, lastLoginTime=null, ssex=\'null\', theme=\'null\', avatar=\'null\', description=\'null\', roleName=\'null\'}\"','127.0.0.1','2020-09-18 01:20:38','内网IP|0|0|内网IP|内网IP'),(11299,'admin','修改用户',6,'com.febs.web.controller.admin.system.UserController.updateUser()','user: \"MyUser{userId=173, username=\'null\', password=\'null\', deptId=11, deptName=\'null\', email=\'wtsoftware@163.com\', mobile=\'null\', status=\'1\', createTime=null, modifyTime=Fri Sep 18 09:20:51 CST 2020, lastLoginTime=null, ssex=\'0\', theme=\'null\', avatar=\'null\', description=\'null\', roleName=\'null\'}\"  rolesSelect: \"[Ljava.lang.Long;@4019d546\"','127.0.0.1','2020-09-18 01:20:51','内网IP|0|0|内网IP|内网IP'),(11300,'admin','获取用户信息',5,'com.febs.web.controller.admin.system.UserController.userList()','request: \"QueryRequest{pageSize=10, pageNum=1}\"  user: \"MyUser{userId=null, username=\'null\', password=\'null\', deptId=null, deptName=\'null\', email=\'null\', mobile=\'null\', status=\'null\', createTime=null, modifyTime=null, lastLoginTime=null, ssex=\'null\', theme=\'null\', avatar=\'null\', description=\'null\', roleName=\'null\'}\"','127.0.0.1','2020-09-18 01:20:51','内网IP|0|0|内网IP|内网IP'),(11301,'admin','修改用户',6,'com.febs.web.controller.admin.system.UserController.updateUser()','user: \"MyUser{userId=1, username=\'null\', password=\'null\', deptId=1, deptName=\'null\', email=\'wtsoftware@163.com\', mobile=\'null\', status=\'1\', createTime=null, modifyTime=Fri Sep 18 09:21:24 CST 2020, lastLoginTime=null, ssex=\'0\', theme=\'null\', avatar=\'null\', description=\'null\', roleName=\'null\'}\"  rolesSelect: \"[Ljava.lang.Long;@5eddb5b8\"','127.0.0.1','2020-09-18 01:21:24','内网IP|0|0|内网IP|内网IP'),(11302,'admin','获取用户信息',6,'com.febs.web.controller.admin.system.UserController.userList()','request: \"QueryRequest{pageSize=10, pageNum=1}\"  user: \"MyUser{userId=null, username=\'null\', password=\'null\', deptId=null, deptName=\'null\', email=\'null\', mobile=\'null\', status=\'null\', createTime=null, modifyTime=null, lastLoginTime=null, ssex=\'null\', theme=\'null\', avatar=\'null\', description=\'null\', roleName=\'null\'}\"','127.0.0.1','2020-09-18 01:21:24','内网IP|0|0|内网IP|内网IP'),(11303,'admin','获取角色信息',0,'com.febs.web.controller.admin.system.RoleController.index()','','127.0.0.1','2020-09-18 01:25:06','内网IP|0|0|内网IP|内网IP'),(11304,'admin','获取用户信息',10,'com.febs.web.controller.admin.system.UserController.userList()','request: \"QueryRequest{pageSize=10, pageNum=1}\"  user: \"MyUser{userId=null, username=\'null\', password=\'null\', deptId=null, deptName=\'null\', email=\'null\', mobile=\'null\', status=\'null\', createTime=null, modifyTime=null, lastLoginTime=null, ssex=\'null\', theme=\'null\', avatar=\'null\', description=\'null\', roleName=\'null\'}\"','127.0.0.1','2020-09-18 01:41:53','内网IP|0|0|内网IP|内网IP'),(11305,'admin','获取角色信息',0,'com.febs.web.controller.admin.system.RoleController.index()','','127.0.0.1','2020-09-18 01:41:58','内网IP|0|0|内网IP|内网IP'),(11306,'admin','获取角色信息',1,'com.febs.web.controller.admin.system.RoleController.index()','','127.0.0.1','2020-09-18 01:42:40','内网IP|0|0|内网IP|内网IP'),(11307,'admin','获取角色信息',7,'com.febs.web.controller.admin.system.RoleController.index()','','127.0.0.1','2020-09-18 01:58:02','内网IP|0|0|内网IP|内网IP'),(11308,'admin','获取角色信息',0,'com.febs.web.controller.admin.system.RoleController.index()','','127.0.0.1','2020-09-18 01:59:00','内网IP|0|0|内网IP|内网IP'),(11309,'admin','获取角色信息',0,'com.febs.web.controller.admin.system.RoleController.index()','','127.0.0.1','2020-09-18 02:00:02','内网IP|0|0|内网IP|内网IP'),(11310,'admin','获取角色信息',1,'com.febs.web.controller.admin.system.RoleController.index()','','127.0.0.1','2020-09-18 02:01:17','内网IP|0|0|内网IP|内网IP'),(11311,'admin','获取角色信息',0,'com.febs.web.controller.admin.system.RoleController.index()','','127.0.0.1','2020-09-18 02:02:13','内网IP|0|0|内网IP|内网IP'),(11312,'admin','获取角色信息',0,'com.febs.web.controller.admin.system.RoleController.index()','','127.0.0.1','2020-09-18 02:04:49','内网IP|0|0|内网IP|内网IP'),(11313,'admin','获取角色信息',0,'com.febs.web.controller.admin.system.RoleController.index()','','127.0.0.1','2020-09-18 02:06:42','内网IP|0|0|内网IP|内网IP'),(11314,'admin','获取角色信息',0,'com.febs.web.controller.admin.system.RoleController.index()','','127.0.0.1','2020-09-18 02:07:01','内网IP|0|0|内网IP|内网IP'),(11315,'admin','获取角色信息',0,'com.febs.web.controller.admin.system.RoleController.index()','','127.0.0.1','2020-09-18 02:10:33','内网IP|0|0|内网IP|内网IP'),(11316,'admin','获取角色信息',0,'com.febs.web.controller.admin.system.RoleController.index()','','127.0.0.1','2020-09-18 02:11:27','内网IP|0|0|内网IP|内网IP'),(11317,'admin','获取角色信息',0,'com.febs.web.controller.admin.system.RoleController.index()','','127.0.0.1','2020-09-18 02:13:57','内网IP|0|0|内网IP|内网IP'),(11318,'admin','修改角色',19,'com.febs.web.controller.admin.system.RoleController.updateRole()','role: \"com.febs.system.domain.Role@5d053df\"  menuId: \"[Ljava.lang.Long;@3b7cd170\"','127.0.0.1','2020-09-18 02:14:06','内网IP|0|0|内网IP|内网IP'),(11319,'admin','修改角色',25,'com.febs.web.controller.admin.system.RoleController.updateRole()','role: \"com.febs.system.domain.Role@4e860802\"  menuId: \"[Ljava.lang.Long;@33dbb05d\"','127.0.0.1','2020-09-18 02:14:15','内网IP|0|0|内网IP|内网IP'),(11320,'admin','获取角色信息',0,'com.febs.web.controller.admin.system.RoleController.index()','','127.0.0.1','2020-09-18 02:15:02','内网IP|0|0|内网IP|内网IP'),(11321,'admin','获取用户信息',22,'com.febs.web.controller.admin.system.UserController.userList()','request: \"QueryRequest{pageSize=10, pageNum=1}\"  user: \"MyUser{userId=null, username=\'null\', password=\'null\', deptId=null, deptName=\'null\', email=\'null\', mobile=\'null\', status=\'null\', createTime=null, modifyTime=null, lastLoginTime=null, ssex=\'null\', theme=\'null\', avatar=\'null\', description=\'null\', roleName=\'null\'}\"','127.0.0.1','2020-09-18 02:21:14','内网IP|0|0|内网IP|内网IP'),(11322,'admin','获取系统所有URL',19,'com.febs.web.controller.admin.system.MenuController.getAllUrl()','','127.0.0.1','2020-09-18 02:21:15','内网IP|0|0|内网IP|内网IP'),(11323,'admin','获取系统所有URL',7,'com.febs.web.controller.admin.system.MenuController.getAllUrl()','','127.0.0.1','2020-09-18 02:21:32','内网IP|0|0|内网IP|内网IP'),(11324,'admin','获取系统所有URL',4,'com.febs.web.controller.admin.system.MenuController.getAllUrl()','','127.0.0.1','2020-09-18 02:30:00','内网IP|0|0|内网IP|内网IP'),(11325,'admin','获取系统所有URL',1,'com.febs.web.controller.admin.system.MenuController.getAllUrl()','','127.0.0.1','2020-09-18 02:34:36','内网IP|0|0|内网IP|内网IP'),(11326,'admin','获取系统所有URL',1,'com.febs.web.controller.admin.system.MenuController.getAllUrl()','','127.0.0.1','2020-09-18 02:34:45','内网IP|0|0|内网IP|内网IP'),(11327,'admin','获取系统所有URL',1,'com.febs.web.controller.admin.system.MenuController.getAllUrl()','','127.0.0.1','2020-09-18 02:35:19','内网IP|0|0|内网IP|内网IP'),(11328,'admin','获取系统所有URL',2,'com.febs.web.controller.admin.system.MenuController.getAllUrl()','','127.0.0.1','2020-09-18 02:35:58','内网IP|0|0|内网IP|内网IP'),(11329,'admin','获取系统所有URL',2,'com.febs.web.controller.admin.system.MenuController.getAllUrl()','','127.0.0.1','2020-09-18 02:37:25','内网IP|0|0|内网IP|内网IP'),(11330,'admin','获取系统所有URL',1,'com.febs.web.controller.admin.system.MenuController.getAllUrl()','','127.0.0.1','2020-09-18 02:38:16','内网IP|0|0|内网IP|内网IP'),(11331,'admin','获取系统所有URL',1,'com.febs.web.controller.admin.system.MenuController.getAllUrl()','','127.0.0.1','2020-09-18 02:41:35','内网IP|0|0|内网IP|内网IP'),(11332,'admin','获取系统所有URL',1,'com.febs.web.controller.admin.system.MenuController.getAllUrl()','','127.0.0.1','2020-09-18 02:42:23','内网IP|0|0|内网IP|内网IP'),(11333,'admin','获取系统所有URL',2,'com.febs.web.controller.admin.system.MenuController.getAllUrl()','','127.0.0.1','2020-09-18 02:47:19','内网IP|0|0|内网IP|内网IP'),(11334,'admin','获取系统所有URL',3,'com.febs.web.controller.admin.system.MenuController.getAllUrl()','','127.0.0.1','2020-09-18 02:48:22','内网IP|0|0|内网IP|内网IP'),(11335,'admin','获取系统所有URL',2,'com.febs.web.controller.admin.system.MenuController.getAllUrl()','','127.0.0.1','2020-09-18 03:05:45','内网IP|0|0|内网IP|内网IP'),(11336,'admin','获取系统所有URL',1,'com.febs.web.controller.admin.system.MenuController.getAllUrl()','','127.0.0.1','2020-09-18 03:07:08','内网IP|0|0|内网IP|内网IP'),(11337,'admin','获取系统所有URL',2,'com.febs.web.controller.admin.system.MenuController.getAllUrl()','','127.0.0.1','2020-09-18 03:12:19','内网IP|0|0|内网IP|内网IP'),(11338,'admin','获取系统所有URL',2,'com.febs.web.controller.admin.system.MenuController.getAllUrl()','','127.0.0.1','2020-09-18 03:19:16','内网IP|0|0|内网IP|内网IP'),(11339,'admin','获取角色信息',1,'com.febs.web.controller.admin.system.RoleController.index()','','127.0.0.1','2020-09-18 06:19:25','内网IP|0|0|内网IP|内网IP'),(11340,'admin','获取系统所有URL',0,'com.febs.web.controller.admin.system.MenuController.getAllUrl()','','127.0.0.1','2020-09-18 06:19:28','内网IP|0|0|内网IP|内网IP'),(11341,'admin','获取系统所有URL',1,'com.febs.web.controller.admin.system.MenuController.getAllUrl()','','127.0.0.1','2020-09-18 06:21:33','内网IP|0|0|内网IP|内网IP'),(11342,'admin','获取系统所有URL',2,'com.febs.web.controller.admin.system.MenuController.getAllUrl()','','127.0.0.1','2020-09-18 06:22:32','内网IP|0|0|内网IP|内网IP'),(11343,'admin','获取系统所有URL',2,'com.febs.web.controller.admin.system.MenuController.getAllUrl()','','127.0.0.1','2020-09-18 06:23:02','内网IP|0|0|内网IP|内网IP'),(11344,'admin','获取系统所有URL',1,'com.febs.web.controller.admin.system.MenuController.getAllUrl()','','127.0.0.1','2020-09-18 06:29:32','内网IP|0|0|内网IP|内网IP'),(11345,'admin','获取系统所有URL',2,'com.febs.web.controller.admin.system.MenuController.getAllUrl()','','127.0.0.1','2020-09-18 06:31:11','内网IP|0|0|内网IP|内网IP'),(11346,'admin','获取系统所有URL',2,'com.febs.web.controller.admin.system.MenuController.getAllUrl()','','127.0.0.1','2020-09-18 06:33:11','内网IP|0|0|内网IP|内网IP'),(11347,'admin','获取系统所有URL',1,'com.febs.web.controller.admin.system.MenuController.getAllUrl()','','127.0.0.1','2020-09-18 06:34:23','内网IP|0|0|内网IP|内网IP'),(11348,'admin','获取系统所有URL',1,'com.febs.web.controller.admin.system.MenuController.getAllUrl()','','127.0.0.1','2020-09-18 06:39:00','内网IP|0|0|内网IP|内网IP'),(11349,'admin','获取系统所有URL',1,'com.febs.web.controller.admin.system.MenuController.getAllUrl()','','127.0.0.1','2020-09-18 06:39:56','内网IP|0|0|内网IP|内网IP'),(11350,'admin','获取系统所有URL',1,'com.febs.web.controller.admin.system.MenuController.getAllUrl()','','127.0.0.1','2020-09-18 06:49:48','内网IP|0|0|内网IP|内网IP'),(11351,'admin','获取系统所有URL',1,'com.febs.web.controller.admin.system.MenuController.getAllUrl()','','127.0.0.1','2020-09-18 06:49:59','内网IP|0|0|内网IP|内网IP'),(11504,'admin','获取定时任务信息',51,'com.febs.web.controller.quartz.JobController.index()','','127.0.0.1','2020-09-24 01:16:03','内网IP|0|0|内网IP|内网IP'),(11505,'admin','获取调度日志信息',3,'com.febs.web.controller.quartz.JobLogController.index()','','127.0.0.1','2020-09-24 01:16:04','内网IP|0|0|内网IP|内网IP'),(11506,'admin','文章列表',3,'com.febs.web.controller.admin.cms.ArticleController.index()','','127.0.0.1','2020-09-24 01:16:09','内网IP|0|0|内网IP|内网IP'),(11507,'admin','获取文章列表信息',23,'com.febs.web.controller.admin.cms.ArticleController.articleList()','request: com.febs.security.xss.XssHttpServletRequestWrapper@36c247d2  queryRequest: \"QueryRequest{pageSize=10, pageNum=1}\"  article: \"com.febs.cms.domain.Article@3dbe41b9\"','127.0.0.1','2020-09-24 01:16:10','内网IP|0|0|内网IP|内网IP'),(11508,'admin','文章列表',1,'com.febs.web.controller.admin.cms.ArticleController.index()','','127.0.0.1','2020-09-24 01:19:30','内网IP|0|0|内网IP|内网IP'),(11509,'admin','文章列表',1,'com.febs.web.controller.admin.cms.ArticleController.index()','','127.0.0.1','2020-09-24 01:22:17','内网IP|0|0|内网IP|内网IP'),(11510,'admin','获取文章列表信息',11,'com.febs.web.controller.admin.cms.ArticleController.articleList()','request: com.febs.security.xss.XssHttpServletRequestWrapper@24419590  queryRequest: \"QueryRequest{pageSize=10, pageNum=1}\"  article: \"com.febs.cms.domain.Article@7c459581\"','127.0.0.1','2020-09-24 01:22:17','内网IP|0|0|内网IP|内网IP'),(11511,'admin','文章列表',0,'com.febs.web.controller.admin.cms.ArticleController.index()','','127.0.0.1','2020-09-24 01:23:12','内网IP|0|0|内网IP|内网IP'),(11512,'admin','获取文章列表信息',6,'com.febs.web.controller.admin.cms.ArticleController.articleList()','request: com.febs.security.xss.XssHttpServletRequestWrapper@484b013c  queryRequest: \"QueryRequest{pageSize=10, pageNum=1}\"  article: \"com.febs.cms.domain.Article@3bb016fb\"','127.0.0.1','2020-09-24 01:23:12','内网IP|0|0|内网IP|内网IP'),(11513,'admin','文章列表',0,'com.febs.web.controller.admin.cms.ArticleController.index()','','127.0.0.1','2020-09-24 01:25:02','内网IP|0|0|内网IP|内网IP'),(11514,'admin','获取文章列表信息',5,'com.febs.web.controller.admin.cms.ArticleController.articleList()','request: com.febs.security.xss.XssHttpServletRequestWrapper@21ee7c2  queryRequest: \"QueryRequest{pageSize=10, pageNum=1}\"  article: \"com.febs.cms.domain.Article@7381fce7\"','127.0.0.1','2020-09-24 01:25:02','内网IP|0|0|内网IP|内网IP'),(11515,'admin','获取部门信息',0,'com.febs.web.controller.admin.system.DeptController.index()','','127.0.0.1','2020-09-24 01:25:37','内网IP|0|0|内网IP|内网IP'),(11516,'admin','获取用户信息',6,'com.febs.web.controller.admin.system.UserController.userList()','request: \"QueryRequest{pageSize=10, pageNum=1}\"  user: \"MyUser{userId=null, username=\'null\', password=\'null\', deptId=null, deptName=\'null\', email=\'null\', mobile=\'null\', status=\'null\', createTime=null, modifyTime=null, lastLoginTime=null, ssex=\'null\', theme=\'null\', avatar=\'null\', description=\'null\', roleName=\'null\'}\"','127.0.0.1','2020-09-24 01:25:39','内网IP|0|0|内网IP|内网IP'),(11517,'admin','文章列表',0,'com.febs.web.controller.admin.cms.ArticleController.index()','','127.0.0.1','2020-09-24 01:25:42','内网IP|0|0|内网IP|内网IP'),(11518,'admin','获取文章列表信息',5,'com.febs.web.controller.admin.cms.ArticleController.articleList()','request: com.febs.security.xss.XssHttpServletRequestWrapper@767a74e4  queryRequest: \"QueryRequest{pageSize=10, pageNum=1}\"  article: \"com.febs.cms.domain.Article@65411fd7\"','127.0.0.1','2020-09-24 01:25:42','内网IP|0|0|内网IP|内网IP'),(11519,'admin','文章列表',0,'com.febs.web.controller.admin.cms.ArticleController.index()','','127.0.0.1','2020-09-24 01:26:53','内网IP|0|0|内网IP|内网IP'),(11520,'admin','获取文章列表信息',5,'com.febs.web.controller.admin.cms.ArticleController.articleList()','request: com.febs.security.xss.XssHttpServletRequestWrapper@512e3132  queryRequest: \"QueryRequest{pageSize=10, pageNum=1}\"  article: \"com.febs.cms.domain.Article@5461adac\"','127.0.0.1','2020-09-24 01:26:54','内网IP|0|0|内网IP|内网IP'),(11521,'admin','获取分类信息',1,'com.febs.web.controller.admin.cms.ArticleCategoryController.index()','','127.0.0.1','2020-09-24 01:37:24','内网IP|0|0|内网IP|内网IP'),(11522,'admin','单页列表',3,'com.febs.web.controller.admin.cms.SinglePageController.index()','','127.0.0.1','2020-09-24 01:37:25','内网IP|0|0|内网IP|内网IP'),(11523,'admin','获取单页列表信息',16,'com.febs.web.controller.admin.cms.SinglePageController.singlePageList()','request: \"QueryRequest{pageSize=10, pageNum=1}\"  singlePage: \"com.febs.cms.domain.SinglePage@ffefd35\"','127.0.0.1','2020-09-24 01:37:26','内网IP|0|0|内网IP|内网IP'),(11524,'admin','获取文章列表信息',4,'com.febs.web.controller.admin.cms.ArticleController.articleList()','request: com.febs.security.xss.XssHttpServletRequestWrapper@2bae114b  queryRequest: \"QueryRequest{pageSize=10, pageNum=1}\"  article: \"com.febs.cms.domain.Article@17b1f0df\"','127.0.0.1','2020-09-24 01:37:49','内网IP|0|0|内网IP|内网IP'),(11525,'admin','获取文章列表信息',5,'com.febs.web.controller.admin.cms.ArticleController.articleList()','request: com.febs.security.xss.XssHttpServletRequestWrapper@7f7742a0  queryRequest: \"QueryRequest{pageSize=10, pageNum=1}\"  article: \"com.febs.cms.domain.Article@46e816f7\"','127.0.0.1','2020-09-24 01:37:50','内网IP|0|0|内网IP|内网IP'),(11526,'admin','获取文章列表信息',5,'com.febs.web.controller.admin.cms.ArticleController.articleList()','request: com.febs.security.xss.XssHttpServletRequestWrapper@455c9206  queryRequest: \"QueryRequest{pageSize=10, pageNum=1}\"  article: \"com.febs.cms.domain.Article@6fd301ff\"','127.0.0.1','2020-09-24 01:37:50','内网IP|0|0|内网IP|内网IP'),(11527,'admin','文章列表',0,'com.febs.web.controller.admin.cms.ArticleController.index()','','127.0.0.1','2020-09-24 01:41:47','内网IP|0|0|内网IP|内网IP'),(11528,'admin','获取文章列表信息',6,'com.febs.web.controller.admin.cms.ArticleController.articleList()','request: com.febs.security.xss.XssHttpServletRequestWrapper@2e0f1d83  queryRequest: \"QueryRequest{pageSize=10, pageNum=1}\"  article: \"com.febs.cms.domain.Article@33ec0212\"','127.0.0.1','2020-09-24 01:41:47','内网IP|0|0|内网IP|内网IP'),(11529,'admin','文章列表',0,'com.febs.web.controller.admin.cms.ArticleController.index()','','127.0.0.1','2020-09-24 08:03:12','内网IP|0|0|内网IP|内网IP'),(11530,'admin','获取文章列表信息',10,'com.febs.web.controller.admin.cms.ArticleController.articleList()','request: com.febs.security.xss.XssHttpServletRequestWrapper@513e5c03  queryRequest: \"QueryRequest{pageSize=10, pageNum=1}\"  article: \"com.febs.cms.domain.Article@da403b7\"','127.0.0.1','2020-09-24 08:03:12','内网IP|0|0|内网IP|内网IP'),(11531,'admin','文章列表',0,'com.febs.web.controller.admin.cms.ArticleController.index()','','127.0.0.1','2020-09-24 08:03:43','内网IP|0|0|内网IP|内网IP'),(11532,'admin','获取文章列表信息',5,'com.febs.web.controller.admin.cms.ArticleController.articleList()','request: com.febs.security.xss.XssHttpServletRequestWrapper@18a3b805  queryRequest: \"QueryRequest{pageSize=10, pageNum=1}\"  article: \"com.febs.cms.domain.Article@72a0393e\"','127.0.0.1','2020-09-24 08:03:43','内网IP|0|0|内网IP|内网IP'),(11533,'admin','文章列表',0,'com.febs.web.controller.admin.cms.ArticleController.index()','','127.0.0.1','2020-09-24 08:04:06','内网IP|0|0|内网IP|内网IP'),(11534,'admin','获取文章列表信息',5,'com.febs.web.controller.admin.cms.ArticleController.articleList()','request: com.febs.security.xss.XssHttpServletRequestWrapper@417181ef  queryRequest: \"QueryRequest{pageSize=10, pageNum=1}\"  article: \"com.febs.cms.domain.Article@47cc2542\"','127.0.0.1','2020-09-24 08:04:06','内网IP|0|0|内网IP|内网IP'),(11535,'admin','获取用户信息',18,'com.febs.web.controller.admin.system.UserController.userList()','request: \"QueryRequest{pageSize=10, pageNum=1}\"  user: \"MyUser{userId=null, username=\'null\', password=\'null\', deptId=null, deptName=\'null\', email=\'null\', mobile=\'null\', status=\'null\', createTime=null, modifyTime=null, lastLoginTime=null, ssex=\'null\', theme=\'null\', avatar=\'null\', description=\'null\', roleName=\'null\'}\"','127.0.0.1','2020-10-10 05:58:59','内网IP|0|0|内网IP|内网IP'),(11536,'admin','获取角色信息',1,'com.febs.web.controller.admin.system.RoleController.index()','','127.0.0.1','2020-10-10 05:59:01','内网IP|0|0|内网IP|内网IP'),(11537,'admin','获取系统所有URL',26,'com.febs.web.controller.admin.system.MenuController.getAllUrl()','','127.0.0.1','2020-10-10 05:59:10','内网IP|0|0|内网IP|内网IP'),(11538,'admin','获取在线用户信息',4,'com.febs.web.controller.security.SessionController.online()','','127.0.0.1','2020-10-10 05:59:25','内网IP|0|0|内网IP|内网IP'),(11539,'admin','获取定时任务信息',4,'com.febs.web.controller.quartz.JobController.index()','','127.0.0.1','2020-10-10 05:59:32','内网IP|0|0|内网IP|内网IP'),(11540,'admin','获取调度日志信息',4,'com.febs.web.controller.quartz.JobLogController.index()','','127.0.0.1','2020-10-10 05:59:33','内网IP|0|0|内网IP|内网IP'),(11541,'admin','文章列表',5,'com.febs.web.controller.admin.cms.ArticleController.index()','','127.0.0.1','2020-10-10 05:59:36','内网IP|0|0|内网IP|内网IP'),(11542,'admin','获取文章列表信息',76,'com.febs.web.controller.admin.cms.ArticleController.articleList()','request: com.febs.security.xss.XssHttpServletRequestWrapper@14ddced4  queryRequest: \"QueryRequest{pageSize=10, pageNum=1}\"  article: \"com.febs.cms.domain.Article@48d07859\"','127.0.0.1','2020-10-10 05:59:36','内网IP|0|0|内网IP|内网IP'),(11543,'admin','获取分类信息',1,'com.febs.web.controller.admin.cms.ArticleCategoryController.index()','','127.0.0.1','2020-10-10 05:59:41','内网IP|0|0|内网IP|内网IP'),(11544,'admin','文章列表',0,'com.febs.web.controller.admin.cms.ArticleController.index()','','127.0.0.1','2020-10-10 06:22:58','内网IP|0|0|内网IP|内网IP'),(11545,'admin','获取文章列表信息',14,'com.febs.web.controller.admin.cms.ArticleController.articleList()','request: com.febs.security.xss.XssHttpServletRequestWrapper@65587dff  queryRequest: \"QueryRequest{pageSize=10, pageNum=1}\"  article: \"com.febs.cms.domain.Article@1c219670\"','127.0.0.1','2020-10-10 06:22:58','内网IP|0|0|内网IP|内网IP'),(11546,'admin','文章列表',0,'com.febs.web.controller.admin.cms.ArticleController.index()','','127.0.0.1','2020-10-10 06:23:32','内网IP|0|0|内网IP|内网IP'),(11547,'admin','获取文章列表信息',12,'com.febs.web.controller.admin.cms.ArticleController.articleList()','request: com.febs.security.xss.XssHttpServletRequestWrapper@49aafa58  queryRequest: \"QueryRequest{pageSize=10, pageNum=1}\"  article: \"com.febs.cms.domain.Article@bc17f9b\"','127.0.0.1','2020-10-10 06:23:32','内网IP|0|0|内网IP|内网IP'),(11548,'admin','文章列表',0,'com.febs.web.controller.admin.cms.ArticleController.index()','','127.0.0.1','2020-10-10 06:24:29','内网IP|0|0|内网IP|内网IP'),(11549,'admin','获取文章列表信息',21,'com.febs.web.controller.admin.cms.ArticleController.articleList()','request: com.febs.security.xss.XssHttpServletRequestWrapper@47b1015b  queryRequest: \"QueryRequest{pageSize=10, pageNum=1}\"  article: \"com.febs.cms.domain.Article@187a84d3\"','127.0.0.1','2020-10-10 06:24:29','内网IP|0|0|内网IP|内网IP'),(11550,'admin','文章列表',0,'com.febs.web.controller.admin.cms.ArticleController.index()','','127.0.0.1','2020-10-10 06:24:59','内网IP|0|0|内网IP|内网IP'),(11551,'admin','获取文章列表信息',4,'com.febs.web.controller.admin.cms.ArticleController.articleList()','request: com.febs.security.xss.XssHttpServletRequestWrapper@57e90227  queryRequest: \"QueryRequest{pageSize=10, pageNum=1}\"  article: \"com.febs.cms.domain.Article@75c55f6\"','127.0.0.1','2020-10-10 06:24:59','内网IP|0|0|内网IP|内网IP'),(11552,'admin','文章列表',5,'com.febs.web.controller.admin.cms.ArticleController.index()','','127.0.0.1','2020-10-10 06:49:25','内网IP|0|0|内网IP|内网IP'),(11553,'admin','获取文章列表信息',17,'com.febs.web.controller.admin.cms.ArticleController.articleList()','request: com.febs.security.xss.XssHttpServletRequestWrapper@6c46d45d  queryRequest: \"QueryRequest{pageSize=10, pageNum=1}\"  article: \"com.febs.cms.domain.Article@57f4cf75\"','127.0.0.1','2020-10-10 06:49:25','内网IP|0|0|内网IP|内网IP'),(11554,'admin','文章列表',11,'com.febs.web.controller.admin.cms.ArticleController.index()','','127.0.0.1','2020-10-10 06:52:45','内网IP|0|0|内网IP|内网IP'),(11555,'admin','获取文章列表信息',26,'com.febs.web.controller.admin.cms.ArticleController.articleList()','request: com.febs.security.xss.XssHttpServletRequestWrapper@773a8a75  queryRequest: \"QueryRequest{pageSize=10, pageNum=1}\"  article: \"com.febs.cms.domain.Article@77adae11\"','127.0.0.1','2020-10-10 06:52:46','内网IP|0|0|内网IP|内网IP'),(11556,'admin','文章列表',1,'com.febs.web.controller.admin.cms.ArticleController.index()','','127.0.0.1','2020-10-10 06:53:17','内网IP|0|0|内网IP|内网IP'),(11557,'admin','获取文章列表信息',17,'com.febs.web.controller.admin.cms.ArticleController.articleList()','request: com.febs.security.xss.XssHttpServletRequestWrapper@2fbdc1e5  queryRequest: \"QueryRequest{pageSize=10, pageNum=1}\"  article: \"com.febs.cms.domain.Article@4de15353\"','127.0.0.1','2020-10-10 06:53:17','内网IP|0|0|内网IP|内网IP'),(11558,'admin','文章列表',0,'com.febs.web.controller.admin.cms.ArticleController.index()','','127.0.0.1','2020-10-10 07:01:10','内网IP|0|0|内网IP|内网IP'),(11559,'admin','获取文章列表信息',13,'com.febs.web.controller.admin.cms.ArticleController.articleList()','request: com.febs.security.xss.XssHttpServletRequestWrapper@7db8b814  queryRequest: \"QueryRequest{pageSize=10, pageNum=1}\"  article: \"com.febs.cms.domain.Article@63705bfd\"','127.0.0.1','2020-10-10 07:01:10','内网IP|0|0|内网IP|内网IP'),(11560,'admin','文章列表',4,'com.febs.web.controller.admin.cms.ArticleController.index()','','127.0.0.1','2020-10-11 06:09:08','内网IP|0|0|内网IP|内网IP'),(11561,'admin','获取文章列表信息',17,'com.febs.web.controller.admin.cms.ArticleController.articleList()','request: com.febs.security.xss.XssHttpServletRequestWrapper@5348a304  queryRequest: \"QueryRequest{pageSize=10, pageNum=1}\"  article: \"com.febs.cms.domain.Article@5121c759\"','127.0.0.1','2020-10-11 06:09:08','内网IP|0|0|内网IP|内网IP'),(11562,'admin','文章列表',1,'com.febs.web.controller.admin.cms.ArticleController.index()','','127.0.0.1','2020-10-11 06:09:48','内网IP|0|0|内网IP|内网IP'),(11563,'admin','获取文章列表信息',12,'com.febs.web.controller.admin.cms.ArticleController.articleList()','request: com.febs.security.xss.XssHttpServletRequestWrapper@c567365  queryRequest: \"QueryRequest{pageSize=10, pageNum=1}\"  article: \"com.febs.cms.domain.Article@142372ee\"','127.0.0.1','2020-10-11 06:09:48','内网IP|0|0|内网IP|内网IP'),(11564,'admin','文章列表',1,'com.febs.web.controller.admin.cms.ArticleController.index()','','127.0.0.1','2020-10-11 06:21:54','内网IP|0|0|内网IP|内网IP'),(11565,'admin','获取文章列表信息',5,'com.febs.web.controller.admin.cms.ArticleController.articleList()','request: com.febs.security.xss.XssHttpServletRequestWrapper@4b29ae4f  queryRequest: \"QueryRequest{pageSize=10, pageNum=1}\"  article: \"com.febs.cms.domain.Article@3b28be27\"','127.0.0.1','2020-10-11 06:21:54','内网IP|0|0|内网IP|内网IP'),(11566,'admin','文章列表',0,'com.febs.web.controller.admin.cms.ArticleController.index()','','127.0.0.1','2020-10-11 06:22:50','内网IP|0|0|内网IP|内网IP'),(11567,'admin','获取文章列表信息',7,'com.febs.web.controller.admin.cms.ArticleController.articleList()','request: com.febs.security.xss.XssHttpServletRequestWrapper@6e784039  queryRequest: \"QueryRequest{pageSize=10, pageNum=1}\"  article: \"com.febs.cms.domain.Article@37c3a218\"','127.0.0.1','2020-10-11 06:22:50','内网IP|0|0|内网IP|内网IP'),(11568,'admin','文章列表',1,'com.febs.web.controller.admin.cms.ArticleController.index()','','127.0.0.1','2020-10-11 06:23:11','内网IP|0|0|内网IP|内网IP'),(11569,'admin','获取文章列表信息',5,'com.febs.web.controller.admin.cms.ArticleController.articleList()','request: com.febs.security.xss.XssHttpServletRequestWrapper@6764bf65  queryRequest: \"QueryRequest{pageSize=10, pageNum=1}\"  article: \"com.febs.cms.domain.Article@549b294f\"','127.0.0.1','2020-10-11 06:23:12','内网IP|0|0|内网IP|内网IP'),(11570,'admin','文章列表',1,'com.febs.web.controller.admin.cms.ArticleController.index()','','127.0.0.1','2020-10-11 06:24:29','内网IP|0|0|内网IP|内网IP'),(11571,'admin','获取文章列表信息',9,'com.febs.web.controller.admin.cms.ArticleController.articleList()','request: com.febs.security.xss.XssHttpServletRequestWrapper@71fc533b  queryRequest: \"QueryRequest{pageSize=10, pageNum=1}\"  article: \"com.febs.cms.domain.Article@2440a9ca\"','127.0.0.1','2020-10-11 06:24:29','内网IP|0|0|内网IP|内网IP'),(11572,'admin','文章列表',0,'com.febs.web.controller.admin.cms.ArticleController.index()','','127.0.0.1','2020-10-11 06:34:36','内网IP|0|0|内网IP|内网IP'),(11573,'admin','获取文章列表信息',10,'com.febs.web.controller.admin.cms.ArticleController.articleList()','request: com.febs.security.xss.XssHttpServletRequestWrapper@6619c5d5  queryRequest: \"QueryRequest{pageSize=10, pageNum=1}\"  article: \"com.febs.cms.domain.Article@31c77f57\"','127.0.0.1','2020-10-11 06:34:36','内网IP|0|0|内网IP|内网IP'),(11574,'admin','文章列表',0,'com.febs.web.controller.admin.cms.ArticleController.index()','','127.0.0.1','2020-10-11 06:35:13','内网IP|0|0|内网IP|内网IP'),(11575,'admin','获取文章列表信息',6,'com.febs.web.controller.admin.cms.ArticleController.articleList()','request: com.febs.security.xss.XssHttpServletRequestWrapper@5b34d82c  queryRequest: \"QueryRequest{pageSize=10, pageNum=1}\"  article: \"com.febs.cms.domain.Article@12be4f00\"','127.0.0.1','2020-10-11 06:35:14','内网IP|0|0|内网IP|内网IP'),(11576,'admin','文章列表',0,'com.febs.web.controller.admin.cms.ArticleController.index()','','127.0.0.1','2020-10-11 06:36:11','内网IP|0|0|内网IP|内网IP'),(11577,'admin','获取文章列表信息',5,'com.febs.web.controller.admin.cms.ArticleController.articleList()','request: com.febs.security.xss.XssHttpServletRequestWrapper@5fb1489  queryRequest: \"QueryRequest{pageSize=10, pageNum=1}\"  article: \"com.febs.cms.domain.Article@2111de5\"','127.0.0.1','2020-10-11 06:36:11','内网IP|0|0|内网IP|内网IP'),(11578,'admin','文章列表',1,'com.febs.web.controller.admin.cms.ArticleController.index()','','127.0.0.1','2020-10-11 06:42:36','内网IP|0|0|内网IP|内网IP'),(11579,'admin','获取文章列表信息',4,'com.febs.web.controller.admin.cms.ArticleController.articleList()','request: com.febs.security.xss.XssHttpServletRequestWrapper@5cc48aeb  queryRequest: \"QueryRequest{pageSize=10, pageNum=1}\"  article: \"com.febs.cms.domain.Article@70f63ff0\"','127.0.0.1','2020-10-11 06:42:36','内网IP|0|0|内网IP|内网IP'),(11580,'admin','文章列表',0,'com.febs.web.controller.admin.cms.ArticleController.index()','','127.0.0.1','2020-10-11 06:43:22','内网IP|0|0|内网IP|内网IP'),(11581,'admin','获取文章列表信息',5,'com.febs.web.controller.admin.cms.ArticleController.articleList()','request: com.febs.security.xss.XssHttpServletRequestWrapper@7b1eaad9  queryRequest: \"QueryRequest{pageSize=10, pageNum=1}\"  article: \"com.febs.cms.domain.Article@6811a03a\"','127.0.0.1','2020-10-11 06:43:22','内网IP|0|0|内网IP|内网IP'),(11582,'admin','文章列表',0,'com.febs.web.controller.admin.cms.ArticleController.index()','','127.0.0.1','2020-10-11 06:47:32','内网IP|0|0|内网IP|内网IP'),(11583,'admin','获取文章列表信息',4,'com.febs.web.controller.admin.cms.ArticleController.articleList()','request: com.febs.security.xss.XssHttpServletRequestWrapper@4adaaf21  queryRequest: \"QueryRequest{pageSize=10, pageNum=1}\"  article: \"com.febs.cms.domain.Article@7dd5bf1f\"','127.0.0.1','2020-10-11 06:47:33','内网IP|0|0|内网IP|内网IP'),(11584,'admin','文章列表',0,'com.febs.web.controller.admin.cms.ArticleController.index()','','127.0.0.1','2020-10-11 06:50:37','内网IP|0|0|内网IP|内网IP'),(11585,'admin','获取文章列表信息',5,'com.febs.web.controller.admin.cms.ArticleController.articleList()','request: com.febs.security.xss.XssHttpServletRequestWrapper@7b5bc9d0  queryRequest: \"QueryRequest{pageSize=10, pageNum=1}\"  article: \"com.febs.cms.domain.Article@16061c30\"','127.0.0.1','2020-10-11 06:50:37','内网IP|0|0|内网IP|内网IP'),(11586,'admin','文章列表',1,'com.febs.web.controller.admin.cms.ArticleController.index()','','127.0.0.1','2020-10-11 06:51:37','内网IP|0|0|内网IP|内网IP'),(11587,'admin','获取文章列表信息',7,'com.febs.web.controller.admin.cms.ArticleController.articleList()','request: com.febs.security.xss.XssHttpServletRequestWrapper@21ff021c  queryRequest: \"QueryRequest{pageSize=10, pageNum=1}\"  article: \"com.febs.cms.domain.Article@4bec7443\"','127.0.0.1','2020-10-11 06:51:37','内网IP|0|0|内网IP|内网IP'),(11588,'admin','文章列表',0,'com.febs.web.controller.admin.cms.ArticleController.index()','','127.0.0.1','2020-10-11 06:53:04','内网IP|0|0|内网IP|内网IP'),(11589,'admin','获取文章列表信息',5,'com.febs.web.controller.admin.cms.ArticleController.articleList()','request: com.febs.security.xss.XssHttpServletRequestWrapper@7f8e7de0  queryRequest: \"QueryRequest{pageSize=10, pageNum=1}\"  article: \"com.febs.cms.domain.Article@24549061\"','127.0.0.1','2020-10-11 06:53:04','内网IP|0|0|内网IP|内网IP'),(11590,'admin','文章列表',0,'com.febs.web.controller.admin.cms.ArticleController.index()','','127.0.0.1','2020-10-11 06:54:02','内网IP|0|0|内网IP|内网IP'),(11591,'admin','获取文章列表信息',4,'com.febs.web.controller.admin.cms.ArticleController.articleList()','request: com.febs.security.xss.XssHttpServletRequestWrapper@7ffefbe6  queryRequest: \"QueryRequest{pageSize=10, pageNum=1}\"  article: \"com.febs.cms.domain.Article@25ff604e\"','127.0.0.1','2020-10-11 06:54:02','内网IP|0|0|内网IP|内网IP'),(11592,'admin','文章列表',0,'com.febs.web.controller.admin.cms.ArticleController.index()','','127.0.0.1','2020-10-11 07:01:26','内网IP|0|0|内网IP|内网IP'),(11593,'admin','获取文章列表信息',6,'com.febs.web.controller.admin.cms.ArticleController.articleList()','request: com.febs.security.xss.XssHttpServletRequestWrapper@25aca5b5  queryRequest: \"QueryRequest{pageSize=10, pageNum=1}\"  article: \"com.febs.cms.domain.Article@65697abc\"','127.0.0.1','2020-10-11 07:01:26','内网IP|0|0|内网IP|内网IP'),(11594,'admin','文章列表',0,'com.febs.web.controller.admin.cms.ArticleController.index()','','127.0.0.1','2020-10-11 07:01:43','内网IP|0|0|内网IP|内网IP'),(11595,'admin','获取文章列表信息',5,'com.febs.web.controller.admin.cms.ArticleController.articleList()','request: com.febs.security.xss.XssHttpServletRequestWrapper@31901214  queryRequest: \"QueryRequest{pageSize=10, pageNum=1}\"  article: \"com.febs.cms.domain.Article@f4b753e\"','127.0.0.1','2020-10-11 07:01:43','内网IP|0|0|内网IP|内网IP'),(11596,'admin','新增文章',12,'com.febs.web.controller.admin.cms.ArticleController.addArticle()','article: \"com.febs.cms.domain.Article@314f5026\"  request: com.febs.security.xss.XssHttpServletRequestWrapper@1447faaa','127.0.0.1','2020-10-11 07:01:48','内网IP|0|0|内网IP|内网IP'),(11597,'admin','文章列表',1,'com.febs.web.controller.admin.cms.ArticleController.index()','','127.0.0.1','2020-10-11 07:03:30','内网IP|0|0|内网IP|内网IP'),(11598,'admin','获取文章列表信息',4,'com.febs.web.controller.admin.cms.ArticleController.articleList()','request: com.febs.security.xss.XssHttpServletRequestWrapper@70440b85  queryRequest: \"QueryRequest{pageSize=10, pageNum=1}\"  article: \"com.febs.cms.domain.Article@db2029a\"','127.0.0.1','2020-10-11 07:03:30','内网IP|0|0|内网IP|内网IP'),(11599,'admin','新增文章',32,'com.febs.web.controller.admin.cms.ArticleController.addArticle()','article: \"com.febs.cms.domain.Article@3eea7aee\"  request: com.febs.security.xss.XssHttpServletRequestWrapper@464ffc4b','127.0.0.1','2020-10-11 07:06:01','内网IP|0|0|内网IP|内网IP'),(11600,'admin','获取文章列表信息',4,'com.febs.web.controller.admin.cms.ArticleController.articleList()','request: com.febs.security.xss.XssHttpServletRequestWrapper@1ce3e00b  queryRequest: \"QueryRequest{pageSize=10, pageNum=1}\"  article: \"com.febs.cms.domain.Article@75d4d0e4\"','127.0.0.1','2020-10-11 07:06:12','内网IP|0|0|内网IP|内网IP'),(11601,'admin','获取文章列表信息',5,'com.febs.web.controller.admin.cms.ArticleController.articleList()','request: com.febs.security.xss.XssHttpServletRequestWrapper@b656331  queryRequest: \"QueryRequest{pageSize=10, pageNum=1}\"  article: \"com.febs.cms.domain.Article@62478dde\"','127.0.0.1','2020-10-11 07:06:13','内网IP|0|0|内网IP|内网IP'),(11602,'admin','获取文章列表信息',4,'com.febs.web.controller.admin.cms.ArticleController.articleList()','request: com.febs.security.xss.XssHttpServletRequestWrapper@595a4d5a  queryRequest: \"QueryRequest{pageSize=10, pageNum=1}\"  article: \"com.febs.cms.domain.Article@1a165e7a\"','127.0.0.1','2020-10-11 07:06:13','内网IP|0|0|内网IP|内网IP'),(11603,'admin','获取文章列表信息',4,'com.febs.web.controller.admin.cms.ArticleController.articleList()','request: com.febs.security.xss.XssHttpServletRequestWrapper@6f5777f3  queryRequest: \"QueryRequest{pageSize=10, pageNum=1}\"  article: \"com.febs.cms.domain.Article@158a11c8\"','127.0.0.1','2020-10-11 07:06:13','内网IP|0|0|内网IP|内网IP'),(11604,'admin','获取文章列表信息',4,'com.febs.web.controller.admin.cms.ArticleController.articleList()','request: com.febs.security.xss.XssHttpServletRequestWrapper@65f6cfec  queryRequest: \"QueryRequest{pageSize=10, pageNum=1}\"  article: \"com.febs.cms.domain.Article@38db8f72\"','127.0.0.1','2020-10-11 07:06:14','内网IP|0|0|内网IP|内网IP'),(11605,'admin','获取文章列表信息',4,'com.febs.web.controller.admin.cms.ArticleController.articleList()','request: com.febs.security.xss.XssHttpServletRequestWrapper@4296a5d1  queryRequest: \"QueryRequest{pageSize=10, pageNum=1}\"  article: \"com.febs.cms.domain.Article@7abbd7c2\"','127.0.0.1','2020-10-11 07:06:14','内网IP|0|0|内网IP|内网IP'),(11606,'admin','获取文章列表信息',5,'com.febs.web.controller.admin.cms.ArticleController.articleList()','request: com.febs.security.xss.XssHttpServletRequestWrapper@5f4dcd6c  queryRequest: \"QueryRequest{pageSize=10, pageNum=1}\"  article: \"com.febs.cms.domain.Article@11c3308d\"','127.0.0.1','2020-10-11 07:06:14','内网IP|0|0|内网IP|内网IP'),(11607,'admin','获取文章列表信息',3,'com.febs.web.controller.admin.cms.ArticleController.articleList()','request: com.febs.security.xss.XssHttpServletRequestWrapper@19e0e3b  queryRequest: \"QueryRequest{pageSize=10, pageNum=1}\"  article: \"com.febs.cms.domain.Article@6a2deb95\"','127.0.0.1','2020-10-11 07:06:14','内网IP|0|0|内网IP|内网IP'),(11608,'admin','获取文章列表信息',3,'com.febs.web.controller.admin.cms.ArticleController.articleList()','request: com.febs.security.xss.XssHttpServletRequestWrapper@1191b88a  queryRequest: \"QueryRequest{pageSize=10, pageNum=3}\"  article: \"com.febs.cms.domain.Article@7402ad89\"','127.0.0.1','2020-10-11 07:06:32','内网IP|0|0|内网IP|内网IP'),(11609,'admin','删除文章',13,'com.febs.web.controller.admin.cms.ArticleController.deleteArticles()','ids: \"32\"','127.0.0.1','2020-10-11 07:06:38','内网IP|0|0|内网IP|内网IP'),(11610,'admin','文章列表',0,'com.febs.web.controller.admin.cms.ArticleController.index()','','127.0.0.1','2020-10-11 07:07:12','内网IP|0|0|内网IP|内网IP'),(11611,'admin','获取文章列表信息',4,'com.febs.web.controller.admin.cms.ArticleController.articleList()','request: com.febs.security.xss.XssHttpServletRequestWrapper@654c4a5c  queryRequest: \"QueryRequest{pageSize=10, pageNum=1}\"  article: \"com.febs.cms.domain.Article@4fa508d5\"','127.0.0.1','2020-10-11 07:07:12','内网IP|0|0|内网IP|内网IP'),(11612,'admin','获取文章列表信息',4,'com.febs.web.controller.admin.cms.ArticleController.articleList()','request: com.febs.security.xss.XssHttpServletRequestWrapper@154dcb6a  queryRequest: \"QueryRequest{pageSize=10, pageNum=3}\"  article: \"com.febs.cms.domain.Article@11441df2\"','127.0.0.1','2020-10-11 07:07:15','内网IP|0|0|内网IP|内网IP'),(11613,'admin','文章列表',1,'com.febs.web.controller.admin.cms.ArticleController.index()','','127.0.0.1','2020-10-11 07:15:50','内网IP|0|0|内网IP|内网IP'),(11614,'admin','获取文章列表信息',3,'com.febs.web.controller.admin.cms.ArticleController.articleList()','request: com.febs.security.xss.XssHttpServletRequestWrapper@75d8a946  queryRequest: \"QueryRequest{pageSize=10, pageNum=1}\"  article: \"com.febs.cms.domain.Article@2f3d7cd0\"','127.0.0.1','2020-10-11 07:15:50','内网IP|0|0|内网IP|内网IP'),(11615,'admin','获取分类信息',0,'com.febs.web.controller.admin.cms.ArticleCategoryController.index()','','127.0.0.1','2020-10-11 07:48:04','内网IP|0|0|内网IP|内网IP'),(11616,'admin','文章列表',0,'com.febs.web.controller.admin.cms.ArticleController.index()','','127.0.0.1','2020-10-11 08:03:10','内网IP|0|0|内网IP|内网IP'),(11617,'admin','获取文章列表信息',5,'com.febs.web.controller.admin.cms.ArticleController.articleList()','request: com.febs.security.xss.XssHttpServletRequestWrapper@5f7a8d52  queryRequest: \"QueryRequest{pageSize=10, pageNum=1}\"  article: \"com.febs.cms.domain.Article@230e42bf\"','127.0.0.1','2020-10-11 08:03:10','内网IP|0|0|内网IP|内网IP'),(11618,'admin','文章列表',0,'com.febs.web.controller.admin.cms.ArticleController.index()','','127.0.0.1','2020-10-11 08:05:25','内网IP|0|0|内网IP|内网IP'),(11619,'admin','获取文章列表信息',4,'com.febs.web.controller.admin.cms.ArticleController.articleList()','request: com.febs.security.xss.XssHttpServletRequestWrapper@6d2fc9e6  queryRequest: \"QueryRequest{pageSize=10, pageNum=1}\"  article: \"com.febs.cms.domain.Article@4335b024\"','127.0.0.1','2020-10-11 08:05:25','内网IP|0|0|内网IP|内网IP'),(11620,'admin','文章列表',0,'com.febs.web.controller.admin.cms.ArticleController.index()','','127.0.0.1','2020-10-11 08:06:50','内网IP|0|0|内网IP|内网IP'),(11621,'admin','获取文章列表信息',4,'com.febs.web.controller.admin.cms.ArticleController.articleList()','request: com.febs.security.xss.XssHttpServletRequestWrapper@17f04211  queryRequest: \"QueryRequest{pageSize=10, pageNum=1}\"  article: \"com.febs.cms.domain.Article@128eaa40\"','127.0.0.1','2020-10-11 08:06:50','内网IP|0|0|内网IP|内网IP'),(11622,'admin','文章列表',0,'com.febs.web.controller.admin.cms.ArticleController.index()','','127.0.0.1','2020-10-11 08:08:29','内网IP|0|0|内网IP|内网IP'),(11623,'admin','获取文章列表信息',3,'com.febs.web.controller.admin.cms.ArticleController.articleList()','request: com.febs.security.xss.XssHttpServletRequestWrapper@4ce25c4e  queryRequest: \"QueryRequest{pageSize=10, pageNum=1}\"  article: \"com.febs.cms.domain.Article@3153e612\"','127.0.0.1','2020-10-11 08:08:30','内网IP|0|0|内网IP|内网IP'),(11624,'admin','文章列表',0,'com.febs.web.controller.admin.cms.ArticleController.index()','','127.0.0.1','2020-10-11 08:10:20','内网IP|0|0|内网IP|内网IP'),(11625,'admin','获取文章列表信息',5,'com.febs.web.controller.admin.cms.ArticleController.articleList()','request: com.febs.security.xss.XssHttpServletRequestWrapper@6f93df6d  queryRequest: \"QueryRequest{pageSize=10, pageNum=1}\"  article: \"com.febs.cms.domain.Article@322d0ce2\"','127.0.0.1','2020-10-11 08:10:20','内网IP|0|0|内网IP|内网IP'),(11626,'admin','文章列表',0,'com.febs.web.controller.admin.cms.ArticleController.index()','','127.0.0.1','2020-10-11 08:10:47','内网IP|0|0|内网IP|内网IP'),(11627,'admin','获取文章列表信息',5,'com.febs.web.controller.admin.cms.ArticleController.articleList()','request: com.febs.security.xss.XssHttpServletRequestWrapper@51bf810c  queryRequest: \"QueryRequest{pageSize=10, pageNum=1}\"  article: \"com.febs.cms.domain.Article@78f7b9f4\"','127.0.0.1','2020-10-11 08:10:47','内网IP|0|0|内网IP|内网IP'),(11628,'admin','文章列表',0,'com.febs.web.controller.admin.cms.ArticleController.index()','','127.0.0.1','2020-10-11 08:12:10','内网IP|0|0|内网IP|内网IP'),(11629,'admin','获取文章列表信息',3,'com.febs.web.controller.admin.cms.ArticleController.articleList()','request: com.febs.security.xss.XssHttpServletRequestWrapper@794522d9  queryRequest: \"QueryRequest{pageSize=10, pageNum=1}\"  article: \"com.febs.cms.domain.Article@89dd463\"','127.0.0.1','2020-10-11 08:12:11','内网IP|0|0|内网IP|内网IP'),(11630,'admin','文章列表',0,'com.febs.web.controller.admin.cms.ArticleController.index()','','127.0.0.1','2020-10-11 08:12:15','内网IP|0|0|内网IP|内网IP'),(11631,'admin','获取文章列表信息',4,'com.febs.web.controller.admin.cms.ArticleController.articleList()','request: com.febs.security.xss.XssHttpServletRequestWrapper@586e19c7  queryRequest: \"QueryRequest{pageSize=10, pageNum=1}\"  article: \"com.febs.cms.domain.Article@261badaf\"','127.0.0.1','2020-10-11 08:12:16','内网IP|0|0|内网IP|内网IP'),(11632,'admin','文章列表',0,'com.febs.web.controller.admin.cms.ArticleController.index()','','127.0.0.1','2020-10-11 08:18:16','内网IP|0|0|内网IP|内网IP'),(11633,'admin','获取文章列表信息',5,'com.febs.web.controller.admin.cms.ArticleController.articleList()','request: com.febs.security.xss.XssHttpServletRequestWrapper@fe04163  queryRequest: \"QueryRequest{pageSize=10, pageNum=1}\"  article: \"com.febs.cms.domain.Article@41a05a54\"','127.0.0.1','2020-10-11 08:18:16','内网IP|0|0|内网IP|内网IP'),(11634,'admin','文章列表',0,'com.febs.web.controller.admin.cms.ArticleController.index()','','127.0.0.1','2020-10-11 08:18:46','内网IP|0|0|内网IP|内网IP'),(11635,'admin','获取文章列表信息',5,'com.febs.web.controller.admin.cms.ArticleController.articleList()','request: com.febs.security.xss.XssHttpServletRequestWrapper@3c95f902  queryRequest: \"QueryRequest{pageSize=10, pageNum=1}\"  article: \"com.febs.cms.domain.Article@19ca2e63\"','127.0.0.1','2020-10-11 08:18:46','内网IP|0|0|内网IP|内网IP'),(11636,'admin','文章列表',0,'com.febs.web.controller.admin.cms.ArticleController.index()','','127.0.0.1','2020-10-11 08:19:15','内网IP|0|0|内网IP|内网IP'),(11637,'admin','获取文章列表信息',3,'com.febs.web.controller.admin.cms.ArticleController.articleList()','request: com.febs.security.xss.XssHttpServletRequestWrapper@22c84c5a  queryRequest: \"QueryRequest{pageSize=10, pageNum=1}\"  article: \"com.febs.cms.domain.Article@5bd4e0fb\"','127.0.0.1','2020-10-11 08:19:16','内网IP|0|0|内网IP|内网IP'),(11638,'admin','文章列表',0,'com.febs.web.controller.admin.cms.ArticleController.index()','','127.0.0.1','2020-10-11 08:20:17','内网IP|0|0|内网IP|内网IP'),(11639,'admin','获取文章列表信息',3,'com.febs.web.controller.admin.cms.ArticleController.articleList()','request: com.febs.security.xss.XssHttpServletRequestWrapper@449b1b4e  queryRequest: \"QueryRequest{pageSize=10, pageNum=1}\"  article: \"com.febs.cms.domain.Article@40b495d4\"','127.0.0.1','2020-10-11 08:20:17','内网IP|0|0|内网IP|内网IP'),(11640,'admin','文章列表',5,'com.febs.web.controller.admin.cms.ArticleController.index()','','127.0.0.1','2020-10-12 01:13:29','内网IP|0|0|内网IP|内网IP'),(11641,'admin','获取文章列表信息',21,'com.febs.web.controller.admin.cms.ArticleController.articleList()','request: com.febs.security.xss.XssHttpServletRequestWrapper@4f278a13  queryRequest: \"QueryRequest{pageSize=10, pageNum=1}\"  article: \"com.febs.cms.domain.Article@179f0cff\"','127.0.0.1','2020-10-12 01:13:29','内网IP|0|0|内网IP|内网IP'),(11642,'admin','文章列表',0,'com.febs.web.controller.admin.cms.ArticleController.index()','','127.0.0.1','2020-10-12 01:14:51','内网IP|0|0|内网IP|内网IP'),(11643,'admin','获取文章列表信息',13,'com.febs.web.controller.admin.cms.ArticleController.articleList()','request: com.febs.security.xss.XssHttpServletRequestWrapper@39593c5a  queryRequest: \"QueryRequest{pageSize=10, pageNum=1}\"  article: \"com.febs.cms.domain.Article@5a9621e5\"','127.0.0.1','2020-10-12 01:14:51','内网IP|0|0|内网IP|内网IP'),(11644,'admin','文章列表',1,'com.febs.web.controller.admin.cms.ArticleController.index()','','127.0.0.1','2020-10-12 01:45:47','内网IP|0|0|内网IP|内网IP'),(11645,'admin','获取文章列表信息',8,'com.febs.web.controller.admin.cms.ArticleController.articleList()','request: com.febs.security.xss.XssHttpServletRequestWrapper@65871ae2  queryRequest: \"QueryRequest{pageSize=10, pageNum=1}\"  article: \"com.febs.cms.domain.Article@eeb3d11\"','127.0.0.1','2020-10-12 01:45:47','内网IP|0|0|内网IP|内网IP'),(11646,'admin','文章列表',1,'com.febs.web.controller.admin.cms.ArticleController.index()','','127.0.0.1','2020-10-12 02:46:22','内网IP|0|0|内网IP|内网IP'),(11647,'admin','获取文章列表信息',9,'com.febs.web.controller.admin.cms.ArticleController.articleList()','request: com.febs.security.xss.XssHttpServletRequestWrapper@17f16d08  queryRequest: \"QueryRequest{pageSize=10, pageNum=1}\"  article: \"com.febs.cms.domain.Article@6062e8c3\"','127.0.0.1','2020-10-12 02:46:22','内网IP|0|0|内网IP|内网IP'),(11648,'admin','获取文章列表信息',9,'com.febs.web.controller.admin.cms.ArticleController.articleList()','request: com.febs.security.xss.XssHttpServletRequestWrapper@254c7c84  queryRequest: \"QueryRequest{pageSize=10, pageNum=1}\"  article: \"com.febs.cms.domain.Article@39c7b93\"','127.0.0.1','2020-10-12 02:54:06','内网IP|0|0|内网IP|内网IP'),(11649,'admin','获取文章列表信息',7,'com.febs.web.controller.admin.cms.ArticleController.articleList()','request: com.febs.security.xss.XssHttpServletRequestWrapper@4cb7dcc3  queryRequest: \"QueryRequest{pageSize=10, pageNum=1}\"  article: \"com.febs.cms.domain.Article@4fe82a0c\"','127.0.0.1','2020-10-12 02:54:07','内网IP|0|0|内网IP|内网IP'),(11650,'admin','获取文章列表信息',5,'com.febs.web.controller.admin.cms.ArticleController.articleList()','request: com.febs.security.xss.XssHttpServletRequestWrapper@1d8a59bd  queryRequest: \"QueryRequest{pageSize=10, pageNum=1}\"  article: \"com.febs.cms.domain.Article@6c2539d6\"','127.0.0.1','2020-10-12 02:54:08','内网IP|0|0|内网IP|内网IP'),(11651,'admin','获取文章列表信息',5,'com.febs.web.controller.admin.cms.ArticleController.articleList()','request: com.febs.security.xss.XssHttpServletRequestWrapper@2b4eba4c  queryRequest: \"QueryRequest{pageSize=10, pageNum=1}\"  article: \"com.febs.cms.domain.Article@3556e291\"','127.0.0.1','2020-10-12 02:54:08','内网IP|0|0|内网IP|内网IP'),(11652,'admin','获取文章列表信息',4,'com.febs.web.controller.admin.cms.ArticleController.articleList()','request: com.febs.security.xss.XssHttpServletRequestWrapper@4448051  queryRequest: \"QueryRequest{pageSize=10, pageNum=3}\"  article: \"com.febs.cms.domain.Article@5c348e30\"','127.0.0.1','2020-10-12 02:54:12','内网IP|0|0|内网IP|内网IP'),(11653,'admin','获取文章列表信息',4,'com.febs.web.controller.admin.cms.ArticleController.articleList()','request: com.febs.security.xss.XssHttpServletRequestWrapper@76dfcd8d  queryRequest: \"QueryRequest{pageSize=10, pageNum=1}\"  article: \"com.febs.cms.domain.Article@35158056\"','127.0.0.1','2020-10-12 02:54:14','内网IP|0|0|内网IP|内网IP'),(11654,'admin','文章列表',0,'com.febs.web.controller.admin.cms.ArticleController.index()','','127.0.0.1','2020-10-12 02:59:36','内网IP|0|0|内网IP|内网IP'),(11655,'admin','获取文章列表信息',8,'com.febs.web.controller.admin.cms.ArticleController.articleList()','request: com.febs.security.xss.XssHttpServletRequestWrapper@5ba221a0  queryRequest: \"QueryRequest{pageSize=10, pageNum=1}\"  article: \"com.febs.cms.domain.Article@2706d902\"','127.0.0.1','2020-10-12 02:59:36','内网IP|0|0|内网IP|内网IP'),(11656,'admin','获取文章列表信息',6,'com.febs.web.controller.admin.cms.ArticleController.articleList()','request: com.febs.security.xss.XssHttpServletRequestWrapper@1c93b332  queryRequest: \"QueryRequest{pageSize=10, pageNum=2}\"  article: \"com.febs.cms.domain.Article@74027a59\"','127.0.0.1','2020-10-12 02:59:41','内网IP|0|0|内网IP|内网IP'),(11657,'admin','获取文章列表信息',5,'com.febs.web.controller.admin.cms.ArticleController.articleList()','request: com.febs.security.xss.XssHttpServletRequestWrapper@330de0da  queryRequest: \"QueryRequest{pageSize=10, pageNum=3}\"  article: \"com.febs.cms.domain.Article@c3fdbeb\"','127.0.0.1','2020-10-12 02:59:42','内网IP|0|0|内网IP|内网IP'),(11658,'admin','获取文章列表信息',5,'com.febs.web.controller.admin.cms.ArticleController.articleList()','request: com.febs.security.xss.XssHttpServletRequestWrapper@1630fe96  queryRequest: \"QueryRequest{pageSize=10, pageNum=1}\"  article: \"com.febs.cms.domain.Article@37693bc7\"','127.0.0.1','2020-10-12 02:59:44','内网IP|0|0|内网IP|内网IP'),(11659,'admin','文章列表',0,'com.febs.web.controller.admin.cms.ArticleController.index()','','127.0.0.1','2020-10-12 03:22:44','内网IP|0|0|内网IP|内网IP'),(11660,'admin','获取文章列表信息',6,'com.febs.web.controller.admin.cms.ArticleController.articleList()','request: com.febs.security.xss.XssHttpServletRequestWrapper@4a01a470  queryRequest: \"QueryRequest{pageSize=10, pageNum=1}\"  article: \"com.febs.cms.domain.Article@4c538679\"','127.0.0.1','2020-10-12 03:22:45','内网IP|0|0|内网IP|内网IP'),(11661,'admin','文章列表',0,'com.febs.web.controller.admin.cms.ArticleController.index()','','127.0.0.1','2020-10-12 06:10:35','内网IP|0|0|内网IP|内网IP'),(11662,'admin','获取文章列表信息',6,'com.febs.web.controller.admin.cms.ArticleController.articleList()','request: com.febs.security.xss.XssHttpServletRequestWrapper@7bdc8081  queryRequest: \"QueryRequest{pageSize=10, pageNum=1}\"  article: \"com.febs.cms.domain.Article@3ac63881\"','127.0.0.1','2020-10-12 06:10:35','内网IP|0|0|内网IP|内网IP'),(11663,'admin','获取文章列表信息',6,'com.febs.web.controller.admin.cms.ArticleController.articleList()','request: com.febs.security.xss.XssHttpServletRequestWrapper@241a005b  queryRequest: \"QueryRequest{pageSize=10, pageNum=1}\"  article: \"com.febs.cms.domain.Article@182b6043\"','127.0.0.1','2020-10-12 06:11:35','内网IP|0|0|内网IP|内网IP'),(11664,'admin','获取文章列表信息',5,'com.febs.web.controller.admin.cms.ArticleController.articleList()','request: com.febs.security.xss.XssHttpServletRequestWrapper@ea70501  queryRequest: \"QueryRequest{pageSize=10, pageNum=1}\"  article: \"com.febs.cms.domain.Article@5142b7bf\"','127.0.0.1','2020-10-12 06:11:36','内网IP|0|0|内网IP|内网IP'),(11665,'admin','获取文章列表信息',5,'com.febs.web.controller.admin.cms.ArticleController.articleList()','request: com.febs.security.xss.XssHttpServletRequestWrapper@596c4a31  queryRequest: \"QueryRequest{pageSize=10, pageNum=1}\"  article: \"com.febs.cms.domain.Article@7774b691\"','127.0.0.1','2020-10-12 06:11:36','内网IP|0|0|内网IP|内网IP'),(11666,'admin','获取文章列表信息',5,'com.febs.web.controller.admin.cms.ArticleController.articleList()','request: com.febs.security.xss.XssHttpServletRequestWrapper@13f2101  queryRequest: \"QueryRequest{pageSize=10, pageNum=1}\"  article: \"com.febs.cms.domain.Article@7dae0489\"','127.0.0.1','2020-10-12 06:11:37','内网IP|0|0|内网IP|内网IP'),(11667,'admin','获取文章列表信息',5,'com.febs.web.controller.admin.cms.ArticleController.articleList()','request: com.febs.security.xss.XssHttpServletRequestWrapper@39af81f6  queryRequest: \"QueryRequest{pageSize=10, pageNum=1}\"  article: \"com.febs.cms.domain.Article@777716f4\"','127.0.0.1','2020-10-12 06:11:37','内网IP|0|0|内网IP|内网IP'),(11668,'admin','获取文章列表信息',4,'com.febs.web.controller.admin.cms.ArticleController.articleList()','request: com.febs.security.xss.XssHttpServletRequestWrapper@2e8c6276  queryRequest: \"QueryRequest{pageSize=10, pageNum=1}\"  article: \"com.febs.cms.domain.Article@1c9d0c05\"','127.0.0.1','2020-10-12 06:11:37','内网IP|0|0|内网IP|内网IP'),(11669,'admin','获取文章列表信息',4,'com.febs.web.controller.admin.cms.ArticleController.articleList()','request: com.febs.security.xss.XssHttpServletRequestWrapper@566ff981  queryRequest: \"QueryRequest{pageSize=10, pageNum=1}\"  article: \"com.febs.cms.domain.Article@578950a8\"','127.0.0.1','2020-10-12 06:11:37','内网IP|0|0|内网IP|内网IP'),(11670,'admin','获取文章列表信息',5,'com.febs.web.controller.admin.cms.ArticleController.articleList()','request: com.febs.security.xss.XssHttpServletRequestWrapper@216701c8  queryRequest: \"QueryRequest{pageSize=10, pageNum=3}\"  article: \"com.febs.cms.domain.Article@149d2f6c\"','127.0.0.1','2020-10-12 06:11:39','内网IP|0|0|内网IP|内网IP'),(11671,'admin','获取文章列表信息',4,'com.febs.web.controller.admin.cms.ArticleController.articleList()','request: com.febs.security.xss.XssHttpServletRequestWrapper@28e7192a  queryRequest: \"QueryRequest{pageSize=10, pageNum=1}\"  article: \"com.febs.cms.domain.Article@13b262c1\"','127.0.0.1','2020-10-12 06:11:41','内网IP|0|0|内网IP|内网IP'),(11672,'admin','新增文章',56,'com.febs.web.controller.admin.cms.ArticleController.addArticle()','article: \"com.febs.cms.domain.Article@484e237\"  request: com.febs.security.xss.XssHttpServletRequestWrapper@1731bb95','127.0.0.1','2020-10-12 06:12:46','内网IP|0|0|内网IP|内网IP'),(11673,'admin','获取文章列表信息',5,'com.febs.web.controller.admin.cms.ArticleController.articleList()','request: com.febs.security.xss.XssHttpServletRequestWrapper@177f8859  queryRequest: \"QueryRequest{pageSize=10, pageNum=1}\"  article: \"com.febs.cms.domain.Article@594cc531\"','127.0.0.1','2020-10-12 06:12:52','内网IP|0|0|内网IP|内网IP'),(11674,'admin','文章列表',0,'com.febs.web.controller.admin.cms.ArticleController.index()','','127.0.0.1','2020-10-12 06:32:47','内网IP|0|0|内网IP|内网IP'),(11675,'admin','获取文章列表信息',4,'com.febs.web.controller.admin.cms.ArticleController.articleList()','request: com.febs.security.xss.XssHttpServletRequestWrapper@c30e761  queryRequest: \"QueryRequest{pageSize=10, pageNum=1}\"  article: \"com.febs.cms.domain.Article@7170d2fc\"','127.0.0.1','2020-10-12 06:32:47','内网IP|0|0|内网IP|内网IP'),(11676,'admin','文章列表',6,'com.febs.web.controller.admin.cms.ArticleController.index()','','127.0.0.1','2020-10-12 07:35:13','内网IP|0|0|内网IP|内网IP'),(11677,'admin','获取文章列表信息',17,'com.febs.web.controller.admin.cms.ArticleController.articleList()','request: com.febs.security.xss.XssHttpServletRequestWrapper@6f790705  queryRequest: \"QueryRequest{pageSize=10, pageNum=1}\"  article: \"com.febs.cms.domain.Article@1b503fd7\"','127.0.0.1','2020-10-12 07:35:13','内网IP|0|0|内网IP|内网IP'),(11678,'admin','文章列表',0,'com.febs.web.controller.admin.cms.ArticleController.index()','','127.0.0.1','2020-10-12 07:36:07','内网IP|0|0|内网IP|内网IP'),(11679,'admin','获取文章列表信息',14,'com.febs.web.controller.admin.cms.ArticleController.articleList()','request: com.febs.security.xss.XssHttpServletRequestWrapper@6536f820  queryRequest: \"QueryRequest{pageSize=10, pageNum=1}\"  article: \"com.febs.cms.domain.Article@5fd13e6f\"','127.0.0.1','2020-10-12 07:36:07','内网IP|0|0|内网IP|内网IP'),(11680,'admin','文章列表',1,'com.febs.web.controller.admin.cms.ArticleController.index()','','127.0.0.1','2020-10-12 07:38:34','内网IP|0|0|内网IP|内网IP'),(11681,'admin','获取文章列表信息',13,'com.febs.web.controller.admin.cms.ArticleController.articleList()','request: com.febs.security.xss.XssHttpServletRequestWrapper@48a4510a  queryRequest: \"QueryRequest{pageSize=10, pageNum=1}\"  article: \"com.febs.cms.domain.Article@7d687c50\"','127.0.0.1','2020-10-12 07:38:34','内网IP|0|0|内网IP|内网IP'),(11682,'admin','文章列表',1,'com.febs.web.controller.admin.cms.ArticleController.index()','','127.0.0.1','2020-10-12 07:40:01','内网IP|0|0|内网IP|内网IP'),(11683,'admin','获取文章列表信息',7,'com.febs.web.controller.admin.cms.ArticleController.articleList()','request: com.febs.security.xss.XssHttpServletRequestWrapper@12bb8fda  queryRequest: \"QueryRequest{pageSize=10, pageNum=1}\"  article: \"com.febs.cms.domain.Article@2fd00fc1\"','127.0.0.1','2020-10-12 07:40:01','内网IP|0|0|内网IP|内网IP'),(11684,'admin','文章列表',5,'com.febs.web.controller.admin.cms.ArticleController.index()','','127.0.0.1','2020-10-12 07:49:26','内网IP|0|0|内网IP|内网IP'),(11685,'admin','获取文章列表信息',19,'com.febs.web.controller.admin.cms.ArticleController.articleList()','request: com.febs.security.xss.XssHttpServletRequestWrapper@1844b802  queryRequest: \"QueryRequest{pageSize=10, pageNum=1}\"  article: \"com.febs.cms.domain.Article@4c08e9bf\"','127.0.0.1','2020-10-12 07:49:27','内网IP|0|0|内网IP|内网IP'),(11686,'admin','文章列表',1,'com.febs.web.controller.admin.cms.ArticleController.index()','','127.0.0.1','2020-10-12 07:51:35','内网IP|0|0|内网IP|内网IP'),(11687,'admin','获取文章列表信息',22,'com.febs.web.controller.admin.cms.ArticleController.articleList()','request: com.febs.security.xss.XssHttpServletRequestWrapper@377c4e6b  queryRequest: \"QueryRequest{pageSize=10, pageNum=1}\"  article: \"com.febs.cms.domain.Article@730567fe\"','127.0.0.1','2020-10-12 07:51:35','内网IP|0|0|内网IP|内网IP'),(11688,'admin','文章列表',1,'com.febs.web.controller.admin.cms.ArticleController.index()','','127.0.0.1','2020-10-12 08:09:45','内网IP|0|0|内网IP|内网IP'),(11689,'admin','获取文章列表信息',10,'com.febs.web.controller.admin.cms.ArticleController.articleList()','request: com.febs.security.xss.XssHttpServletRequestWrapper@4c90f5de  queryRequest: \"QueryRequest{pageSize=10, pageNum=1}\"  article: \"com.febs.cms.domain.Article@75ee6e6c\"','127.0.0.1','2020-10-12 08:09:45','内网IP|0|0|内网IP|内网IP'),(11690,'admin','文章列表',0,'com.febs.web.controller.admin.cms.ArticleController.index()','','127.0.0.1','2020-10-12 08:13:47','内网IP|0|0|内网IP|内网IP'),(11691,'admin','获取文章列表信息',9,'com.febs.web.controller.admin.cms.ArticleController.articleList()','request: com.febs.security.xss.XssHttpServletRequestWrapper@6d10ecc2  queryRequest: \"QueryRequest{pageSize=10, pageNum=1}\"  article: \"com.febs.cms.domain.Article@772a8609\"','127.0.0.1','2020-10-12 08:13:48','内网IP|0|0|内网IP|内网IP'),(11692,'admin','文章列表',0,'com.febs.web.controller.admin.cms.ArticleController.index()','','127.0.0.1','2020-10-12 08:47:55','内网IP|0|0|内网IP|内网IP'),(11693,'admin','获取文章列表信息',17,'com.febs.web.controller.admin.cms.ArticleController.articleList()','request: com.febs.security.xss.XssHttpServletRequestWrapper@57b272f5  queryRequest: \"QueryRequest{pageSize=10, pageNum=1}\"  article: \"com.febs.cms.domain.Article@16cc70d2\"','127.0.0.1','2020-10-12 08:47:55','内网IP|0|0|内网IP|内网IP'),(11694,'admin','文章列表',0,'com.febs.web.controller.admin.cms.ArticleController.index()','','127.0.0.1','2020-10-12 08:49:22','内网IP|0|0|内网IP|内网IP'),(11695,'admin','获取文章列表信息',14,'com.febs.web.controller.admin.cms.ArticleController.articleList()','request: com.febs.security.xss.XssHttpServletRequestWrapper@11a12ecb  queryRequest: \"QueryRequest{pageSize=10, pageNum=1}\"  article: \"com.febs.cms.domain.Article@6989d7b2\"','127.0.0.1','2020-10-12 08:49:22','内网IP|0|0|内网IP|内网IP'),(11696,'admin','文章列表',0,'com.febs.web.controller.admin.cms.ArticleController.index()','','127.0.0.1','2020-10-12 08:50:44','内网IP|0|0|内网IP|内网IP'),(11697,'admin','获取文章列表信息',7,'com.febs.web.controller.admin.cms.ArticleController.articleList()','request: com.febs.security.xss.XssHttpServletRequestWrapper@5cbd4973  queryRequest: \"QueryRequest{pageSize=10, pageNum=1}\"  article: \"com.febs.cms.domain.Article@2b7abf95\"','127.0.0.1','2020-10-12 08:50:44','内网IP|0|0|内网IP|内网IP'),(11698,'admin','文章列表',0,'com.febs.web.controller.admin.cms.ArticleController.index()','','127.0.0.1','2020-10-12 08:52:09','内网IP|0|0|内网IP|内网IP'),(11699,'admin','获取文章列表信息',5,'com.febs.web.controller.admin.cms.ArticleController.articleList()','request: com.febs.security.xss.XssHttpServletRequestWrapper@41ce315d  queryRequest: \"QueryRequest{pageSize=10, pageNum=1}\"  article: \"com.febs.cms.domain.Article@3be2f07b\"','127.0.0.1','2020-10-12 08:52:09','内网IP|0|0|内网IP|内网IP'),(11700,'admin','文章列表',0,'com.febs.web.controller.admin.cms.ArticleController.index()','','127.0.0.1','2020-10-12 09:07:31','内网IP|0|0|内网IP|内网IP'),(11701,'admin','获取文章列表信息',8,'com.febs.web.controller.admin.cms.ArticleController.articleList()','request: com.febs.security.xss.XssHttpServletRequestWrapper@67fecb9e  queryRequest: \"QueryRequest{pageSize=10, pageNum=1}\"  article: \"com.febs.cms.domain.Article@6c21f7ef\"','127.0.0.1','2020-10-12 09:07:31','内网IP|0|0|内网IP|内网IP'),(11702,'admin','文章列表',0,'com.febs.web.controller.admin.cms.ArticleController.index()','','127.0.0.1','2020-10-12 09:09:02','内网IP|0|0|内网IP|内网IP'),(11703,'admin','获取文章列表信息',8,'com.febs.web.controller.admin.cms.ArticleController.articleList()','request: com.febs.security.xss.XssHttpServletRequestWrapper@5334921d  queryRequest: \"QueryRequest{pageSize=10, pageNum=1}\"  article: \"com.febs.cms.domain.Article@1fc8cf83\"','127.0.0.1','2020-10-12 09:09:02','内网IP|0|0|内网IP|内网IP'),(11704,'admin','文章列表',0,'com.febs.web.controller.admin.cms.ArticleController.index()','','127.0.0.1','2020-10-12 09:09:32','内网IP|0|0|内网IP|内网IP'),(11705,'admin','获取文章列表信息',6,'com.febs.web.controller.admin.cms.ArticleController.articleList()','request: com.febs.security.xss.XssHttpServletRequestWrapper@55d473bd  queryRequest: \"QueryRequest{pageSize=10, pageNum=1}\"  article: \"com.febs.cms.domain.Article@6428c16f\"','127.0.0.1','2020-10-12 09:09:32','内网IP|0|0|内网IP|内网IP'),(11706,'admin','文章列表',0,'com.febs.web.controller.admin.cms.ArticleController.index()','','127.0.0.1','2020-10-12 09:10:48','内网IP|0|0|内网IP|内网IP'),(11707,'admin','获取文章列表信息',4,'com.febs.web.controller.admin.cms.ArticleController.articleList()','request: com.febs.security.xss.XssHttpServletRequestWrapper@3017b35a  queryRequest: \"QueryRequest{pageSize=10, pageNum=1}\"  article: \"com.febs.cms.domain.Article@1411232\"','127.0.0.1','2020-10-12 09:10:48','内网IP|0|0|内网IP|内网IP'),(11708,'admin','文章列表',0,'com.febs.web.controller.admin.cms.ArticleController.index()','','127.0.0.1','2020-10-12 09:11:42','内网IP|0|0|内网IP|内网IP'),(11709,'admin','获取文章列表信息',5,'com.febs.web.controller.admin.cms.ArticleController.articleList()','request: com.febs.security.xss.XssHttpServletRequestWrapper@7004b390  queryRequest: \"QueryRequest{pageSize=10, pageNum=1}\"  article: \"com.febs.cms.domain.Article@7829105c\"','127.0.0.1','2020-10-12 09:11:42','内网IP|0|0|内网IP|内网IP'),(11710,'admin','文章列表',0,'com.febs.web.controller.admin.cms.ArticleController.index()','','127.0.0.1','2020-10-12 09:12:38','内网IP|0|0|内网IP|内网IP'),(11711,'admin','获取文章列表信息',6,'com.febs.web.controller.admin.cms.ArticleController.articleList()','request: com.febs.security.xss.XssHttpServletRequestWrapper@6f3d57a6  queryRequest: \"QueryRequest{pageSize=10, pageNum=1}\"  article: \"com.febs.cms.domain.Article@48a3fcf2\"','127.0.0.1','2020-10-12 09:12:38','内网IP|0|0|内网IP|内网IP'),(11712,'admin','文章列表',0,'com.febs.web.controller.admin.cms.ArticleController.index()','','127.0.0.1','2020-10-12 09:13:48','内网IP|0|0|内网IP|内网IP'),(11713,'admin','获取文章列表信息',5,'com.febs.web.controller.admin.cms.ArticleController.articleList()','request: com.febs.security.xss.XssHttpServletRequestWrapper@38322647  queryRequest: \"QueryRequest{pageSize=10, pageNum=1}\"  article: \"com.febs.cms.domain.Article@3376b8b2\"','127.0.0.1','2020-10-12 09:13:48','内网IP|0|0|内网IP|内网IP'),(11714,'admin','文章列表',0,'com.febs.web.controller.admin.cms.ArticleController.index()','','127.0.0.1','2020-10-12 09:16:15','内网IP|0|0|内网IP|内网IP'),(11715,'admin','获取文章列表信息',8,'com.febs.web.controller.admin.cms.ArticleController.articleList()','request: com.febs.security.xss.XssHttpServletRequestWrapper@5bfc59ce  queryRequest: \"QueryRequest{pageSize=10, pageNum=1}\"  article: \"com.febs.cms.domain.Article@134e42d\"','127.0.0.1','2020-10-12 09:16:15','内网IP|0|0|内网IP|内网IP'),(11716,'admin','文章列表',1,'com.febs.web.controller.admin.cms.ArticleController.index()','','127.0.0.1','2020-10-12 09:16:33','内网IP|0|0|内网IP|内网IP'),(11717,'admin','获取文章列表信息',3,'com.febs.web.controller.admin.cms.ArticleController.articleList()','request: com.febs.security.xss.XssHttpServletRequestWrapper@395dcbbe  queryRequest: \"QueryRequest{pageSize=10, pageNum=1}\"  article: \"com.febs.cms.domain.Article@2606f144\"','127.0.0.1','2020-10-12 09:16:33','内网IP|0|0|内网IP|内网IP'),(11718,'admin','文章列表',0,'com.febs.web.controller.admin.cms.ArticleController.index()','','127.0.0.1','2020-10-12 09:19:14','内网IP|0|0|内网IP|内网IP'),(11719,'admin','获取文章列表信息',5,'com.febs.web.controller.admin.cms.ArticleController.articleList()','request: com.febs.security.xss.XssHttpServletRequestWrapper@e1dc65c  queryRequest: \"QueryRequest{pageSize=10, pageNum=1}\"  article: \"com.febs.cms.domain.Article@3c48ef6\"','127.0.0.1','2020-10-12 09:19:15','内网IP|0|0|内网IP|内网IP'),(11720,'admin','文章列表',1,'com.febs.web.controller.admin.cms.ArticleController.index()','','127.0.0.1','2020-10-12 09:25:29','内网IP|0|0|内网IP|内网IP'),(11721,'admin','获取文章列表信息',8,'com.febs.web.controller.admin.cms.ArticleController.articleList()','request: com.febs.security.xss.XssHttpServletRequestWrapper@188fceb4  queryRequest: \"QueryRequest{pageSize=10, pageNum=1}\"  article: \"com.febs.cms.domain.Article@15325a3c\"','127.0.0.1','2020-10-12 09:25:30','内网IP|0|0|内网IP|内网IP'),(11722,'admin','文章列表',0,'com.febs.web.controller.admin.cms.ArticleController.index()','','127.0.0.1','2020-10-12 09:26:29','内网IP|0|0|内网IP|内网IP'),(11723,'admin','获取文章列表信息',5,'com.febs.web.controller.admin.cms.ArticleController.articleList()','request: com.febs.security.xss.XssHttpServletRequestWrapper@6a1bdc82  queryRequest: \"QueryRequest{pageSize=10, pageNum=1}\"  article: \"com.febs.cms.domain.Article@323ba895\"','127.0.0.1','2020-10-12 09:26:29','内网IP|0|0|内网IP|内网IP'),(11724,'admin','文章列表',0,'com.febs.web.controller.admin.cms.ArticleController.index()','','127.0.0.1','2020-10-12 09:27:51','内网IP|0|0|内网IP|内网IP'),(11725,'admin','获取文章列表信息',5,'com.febs.web.controller.admin.cms.ArticleController.articleList()','request: com.febs.security.xss.XssHttpServletRequestWrapper@c83df5f  queryRequest: \"QueryRequest{pageSize=10, pageNum=1}\"  article: \"com.febs.cms.domain.Article@7deb6444\"','127.0.0.1','2020-10-12 09:27:51','内网IP|0|0|内网IP|内网IP'),(11726,'admin','文章列表',1,'com.febs.web.controller.admin.cms.ArticleController.index()','','127.0.0.1','2020-10-12 09:28:15','内网IP|0|0|内网IP|内网IP'),(11727,'admin','获取文章列表信息',4,'com.febs.web.controller.admin.cms.ArticleController.articleList()','request: com.febs.security.xss.XssHttpServletRequestWrapper@742a5661  queryRequest: \"QueryRequest{pageSize=10, pageNum=1}\"  article: \"com.febs.cms.domain.Article@558324ba\"','127.0.0.1','2020-10-12 09:28:15','内网IP|0|0|内网IP|内网IP'),(11728,'admin','文章列表',0,'com.febs.web.controller.admin.cms.ArticleController.index()','','127.0.0.1','2020-10-12 09:28:42','内网IP|0|0|内网IP|内网IP'),(11729,'admin','获取文章列表信息',6,'com.febs.web.controller.admin.cms.ArticleController.articleList()','request: com.febs.security.xss.XssHttpServletRequestWrapper@2114f1ff  queryRequest: \"QueryRequest{pageSize=10, pageNum=1}\"  article: \"com.febs.cms.domain.Article@793cd84\"','127.0.0.1','2020-10-12 09:28:42','内网IP|0|0|内网IP|内网IP'),(11730,'admin','文章列表',0,'com.febs.web.controller.admin.cms.ArticleController.index()','','127.0.0.1','2020-10-12 09:48:41','内网IP|0|0|内网IP|内网IP'),(11731,'admin','获取文章列表信息',6,'com.febs.web.controller.admin.cms.ArticleController.articleList()','request: com.febs.security.xss.XssHttpServletRequestWrapper@7e439301  queryRequest: \"QueryRequest{pageSize=10, pageNum=1}\"  article: \"com.febs.cms.domain.Article@43d41777\"','127.0.0.1','2020-10-12 09:48:41','内网IP|0|0|内网IP|内网IP'),(11732,'admin','文章列表',0,'com.febs.web.controller.admin.cms.ArticleController.index()','','127.0.0.1','2020-10-12 09:51:33','内网IP|0|0|内网IP|内网IP'),(11733,'admin','获取文章列表信息',5,'com.febs.web.controller.admin.cms.ArticleController.articleList()','request: com.febs.security.xss.XssHttpServletRequestWrapper@263df931  queryRequest: \"QueryRequest{pageSize=10, pageNum=1}\"  article: \"com.febs.cms.domain.Article@4c6cac68\"','127.0.0.1','2020-10-12 09:51:33','内网IP|0|0|内网IP|内网IP'),(11734,'admin','文章列表',0,'com.febs.web.controller.admin.cms.ArticleController.index()','','127.0.0.1','2020-10-12 10:06:52','内网IP|0|0|内网IP|内网IP'),(11735,'admin','获取文章列表信息',6,'com.febs.web.controller.admin.cms.ArticleController.articleList()','request: com.febs.security.xss.XssHttpServletRequestWrapper@6562dda4  queryRequest: \"QueryRequest{pageSize=10, pageNum=1}\"  article: \"com.febs.cms.domain.Article@728a151e\"','127.0.0.1','2020-10-12 10:06:53','内网IP|0|0|内网IP|内网IP'),(11736,'admin','文章列表',1,'com.febs.web.controller.admin.cms.ArticleController.index()','','127.0.0.1','2020-10-12 10:09:06','内网IP|0|0|内网IP|内网IP'),(11737,'admin','获取文章列表信息',4,'com.febs.web.controller.admin.cms.ArticleController.articleList()','request: com.febs.security.xss.XssHttpServletRequestWrapper@90a5ec6  queryRequest: \"QueryRequest{pageSize=10, pageNum=1}\"  article: \"com.febs.cms.domain.Article@6083c0ea\"','127.0.0.1','2020-10-12 10:09:06','内网IP|0|0|内网IP|内网IP'),(11738,'admin','文章列表',0,'com.febs.web.controller.admin.cms.ArticleController.index()','','127.0.0.1','2020-10-12 10:11:56','内网IP|0|0|内网IP|内网IP'),(11739,'admin','获取文章列表信息',5,'com.febs.web.controller.admin.cms.ArticleController.articleList()','request: com.febs.security.xss.XssHttpServletRequestWrapper@19adfe9e  queryRequest: \"QueryRequest{pageSize=10, pageNum=1}\"  article: \"com.febs.cms.domain.Article@87fc3a\"','127.0.0.1','2020-10-12 10:11:56','内网IP|0|0|内网IP|内网IP'),(11740,'admin','文章列表',0,'com.febs.web.controller.admin.cms.ArticleController.index()','','127.0.0.1','2020-10-12 10:12:30','内网IP|0|0|内网IP|内网IP'),(11741,'admin','获取文章列表信息',5,'com.febs.web.controller.admin.cms.ArticleController.articleList()','request: com.febs.security.xss.XssHttpServletRequestWrapper@5d0ad048  queryRequest: \"QueryRequest{pageSize=10, pageNum=1}\"  article: \"com.febs.cms.domain.Article@1c19c978\"','127.0.0.1','2020-10-12 10:12:30','内网IP|0|0|内网IP|内网IP'),(11742,'admin','文章列表',0,'com.febs.web.controller.admin.cms.ArticleController.index()','','127.0.0.1','2020-10-12 10:13:24','内网IP|0|0|内网IP|内网IP'),(11743,'admin','获取文章列表信息',4,'com.febs.web.controller.admin.cms.ArticleController.articleList()','request: com.febs.security.xss.XssHttpServletRequestWrapper@3f166007  queryRequest: \"QueryRequest{pageSize=10, pageNum=1}\"  article: \"com.febs.cms.domain.Article@23adb234\"','127.0.0.1','2020-10-12 10:13:24','内网IP|0|0|内网IP|内网IP'),(11744,'admin','删除文章',26,'com.febs.web.controller.admin.cms.ArticleController.deleteArticles()','ids: \"34\"','127.0.0.1','2020-10-12 10:13:28','内网IP|0|0|内网IP|内网IP'),(11745,'admin','获取文章列表信息',3,'com.febs.web.controller.admin.cms.ArticleController.articleList()','request: com.febs.security.xss.XssHttpServletRequestWrapper@2c2360cf  queryRequest: \"QueryRequest{pageSize=10, pageNum=1}\"  article: \"com.febs.cms.domain.Article@792319e8\"','127.0.0.1','2020-10-12 10:13:28','内网IP|0|0|内网IP|内网IP'),(11746,'admin','获取文章列表信息',4,'com.febs.web.controller.admin.cms.ArticleController.articleList()','request: com.febs.security.xss.XssHttpServletRequestWrapper@6332076e  queryRequest: \"QueryRequest{pageSize=10, pageNum=1}\"  article: \"com.febs.cms.domain.Article@33e11f47\"','127.0.0.1','2020-10-12 10:13:34','内网IP|0|0|内网IP|内网IP'),(11747,'admin','获取文章列表信息',4,'com.febs.web.controller.admin.cms.ArticleController.articleList()','request: com.febs.security.xss.XssHttpServletRequestWrapper@6fd65fdd  queryRequest: \"QueryRequest{pageSize=10, pageNum=1}\"  article: \"com.febs.cms.domain.Article@7d7c148a\"','127.0.0.1','2020-10-12 10:13:34','内网IP|0|0|内网IP|内网IP'),(11748,'admin','获取文章列表信息',4,'com.febs.web.controller.admin.cms.ArticleController.articleList()','request: com.febs.security.xss.XssHttpServletRequestWrapper@4ab7c6fa  queryRequest: \"QueryRequest{pageSize=10, pageNum=1}\"  article: \"com.febs.cms.domain.Article@78e3e541\"','127.0.0.1','2020-10-12 10:13:35','内网IP|0|0|内网IP|内网IP'),(11749,'admin','获取分类信息',0,'com.febs.web.controller.admin.cms.ArticleCategoryController.index()','','127.0.0.1','2020-10-12 10:13:49','内网IP|0|0|内网IP|内网IP'),(11750,'admin','获取分类信息',0,'com.febs.web.controller.admin.cms.ArticleCategoryController.index()','','127.0.0.1','2020-10-12 10:18:52','内网IP|0|0|内网IP|内网IP'),(11751,'admin','获取分类信息',0,'com.febs.web.controller.admin.cms.ArticleCategoryController.index()','','127.0.0.1','2020-10-12 10:23:33','内网IP|0|0|内网IP|内网IP'),(11752,'admin','文章列表',0,'com.febs.web.controller.admin.cms.ArticleController.index()','','127.0.0.1','2020-10-12 10:27:15','内网IP|0|0|内网IP|内网IP'),(11753,'admin','获取文章列表信息',4,'com.febs.web.controller.admin.cms.ArticleController.articleList()','request: com.febs.security.xss.XssHttpServletRequestWrapper@296b9735  queryRequest: \"QueryRequest{pageSize=10, pageNum=1}\"  article: \"com.febs.cms.domain.Article@23d9546a\"','127.0.0.1','2020-10-12 10:27:15','内网IP|0|0|内网IP|内网IP'),(11754,'admin','获取分类信息',0,'com.febs.web.controller.admin.cms.ArticleCategoryController.index()','','127.0.0.1','2020-10-12 10:27:17','内网IP|0|0|内网IP|内网IP'),(11755,'admin','获取分类信息',0,'com.febs.web.controller.admin.cms.ArticleCategoryController.index()','','127.0.0.1','2020-10-12 10:28:40','内网IP|0|0|内网IP|内网IP'),(11756,'admin','获取分类信息',0,'com.febs.web.controller.admin.cms.ArticleCategoryController.index()','','127.0.0.1','2020-10-12 10:34:21','内网IP|0|0|内网IP|内网IP'),(11757,'admin','获取分类信息',0,'com.febs.web.controller.admin.cms.ArticleCategoryController.index()','','127.0.0.1','2020-10-12 10:35:26','内网IP|0|0|内网IP|内网IP'),(11758,'admin','获取分类信息',6,'com.febs.web.controller.admin.cms.ArticleCategoryController.index()','','127.0.0.1','2020-10-13 05:43:58','内网IP|0|0|内网IP|内网IP'),(11759,'admin','获取分类信息',1,'com.febs.web.controller.admin.cms.ArticleCategoryController.index()','','127.0.0.1','2020-10-13 06:14:25','内网IP|0|0|内网IP|内网IP'),(11760,'admin','获取分类信息',1,'com.febs.web.controller.admin.cms.ArticleCategoryController.index()','','127.0.0.1','2020-10-13 06:15:11','内网IP|0|0|内网IP|内网IP'),(11761,'admin','获取分类信息',0,'com.febs.web.controller.admin.cms.ArticleCategoryController.index()','','127.0.0.1','2020-10-13 06:15:54','内网IP|0|0|内网IP|内网IP'),(11762,'admin','获取分类信息',0,'com.febs.web.controller.admin.cms.ArticleCategoryController.index()','','127.0.0.1','2020-10-13 06:17:31','内网IP|0|0|内网IP|内网IP'),(11763,'admin','获取分类信息',0,'com.febs.web.controller.admin.cms.ArticleCategoryController.index()','','127.0.0.1','2020-10-13 06:17:42','内网IP|0|0|内网IP|内网IP'),(11764,'admin','获取分类信息',1,'com.febs.web.controller.admin.cms.ArticleCategoryController.index()','','127.0.0.1','2020-10-13 06:19:24','内网IP|0|0|内网IP|内网IP'),(11765,'admin','获取分类信息',1,'com.febs.web.controller.admin.cms.ArticleCategoryController.index()','','127.0.0.1','2020-10-13 06:22:55','内网IP|0|0|内网IP|内网IP'),(11766,'admin','获取分类信息',0,'com.febs.web.controller.admin.cms.ArticleCategoryController.index()','','127.0.0.1','2020-10-13 06:38:14','内网IP|0|0|内网IP|内网IP'),(11767,'admin','获取分类信息',0,'com.febs.web.controller.admin.cms.ArticleCategoryController.index()','','127.0.0.1','2020-10-13 06:39:02','内网IP|0|0|内网IP|内网IP'),(11768,'admin','获取分类信息',0,'com.febs.web.controller.admin.cms.ArticleCategoryController.index()','','127.0.0.1','2020-10-13 06:39:46','内网IP|0|0|内网IP|内网IP'),(11769,'admin','获取分类信息',0,'com.febs.web.controller.admin.cms.ArticleCategoryController.index()','','127.0.0.1','2020-10-13 06:40:17','内网IP|0|0|内网IP|内网IP'),(11770,'admin','获取分类信息',0,'com.febs.web.controller.admin.cms.ArticleCategoryController.index()','','127.0.0.1','2020-10-13 06:41:42','内网IP|0|0|内网IP|内网IP'),(11771,'admin','获取分类信息',0,'com.febs.web.controller.admin.cms.ArticleCategoryController.index()','','127.0.0.1','2020-10-13 06:51:05','内网IP|0|0|内网IP|内网IP'),(11772,'admin','获取分类信息',0,'com.febs.web.controller.admin.cms.ArticleCategoryController.index()','','127.0.0.1','2020-10-13 06:52:43','内网IP|0|0|内网IP|内网IP'),(11773,'admin','获取分类信息',1,'com.febs.web.controller.admin.cms.ArticleCategoryController.index()','','127.0.0.1','2020-10-13 06:53:33','内网IP|0|0|内网IP|内网IP'),(11774,'admin','获取分类信息',0,'com.febs.web.controller.admin.cms.ArticleCategoryController.index()','','127.0.0.1','2020-10-13 06:55:26','内网IP|0|0|内网IP|内网IP'),(11775,'admin','获取分类信息',0,'com.febs.web.controller.admin.cms.ArticleCategoryController.index()','','127.0.0.1','2020-10-13 06:56:01','内网IP|0|0|内网IP|内网IP'),(11776,'admin','获取分类信息',0,'com.febs.web.controller.admin.cms.ArticleCategoryController.index()','','127.0.0.1','2020-10-13 07:10:14','内网IP|0|0|内网IP|内网IP'),(11777,'admin','获取分类信息',0,'com.febs.web.controller.admin.cms.ArticleCategoryController.index()','','127.0.0.1','2020-10-13 07:11:03','内网IP|0|0|内网IP|内网IP'),(11778,'admin','获取分类信息',1,'com.febs.web.controller.admin.cms.ArticleCategoryController.index()','','127.0.0.1','2020-10-13 07:11:33','内网IP|0|0|内网IP|内网IP'),(11779,'admin','新增分类',27,'com.febs.web.controller.admin.cms.ArticleCategoryController.addCategory()','category: \"com.febs.cms.domain.ArticleCategory@4526c676\"','127.0.0.1','2020-10-13 07:11:51','内网IP|0|0|内网IP|内网IP'),(11780,'admin','获取分类信息',1,'com.febs.web.controller.admin.cms.ArticleCategoryController.index()','','127.0.0.1','2020-10-13 07:12:09','内网IP|0|0|内网IP|内网IP'),(11781,'admin','修改分类',12,'com.febs.web.controller.admin.cms.ArticleCategoryController.updateCategory()','category: \"com.febs.cms.domain.ArticleCategory@5ffba232\"','127.0.0.1','2020-10-13 07:12:18','内网IP|0|0|内网IP|内网IP'),(11782,'admin','获取分类信息',1,'com.febs.web.controller.admin.cms.ArticleCategoryController.index()','','127.0.0.1','2020-10-13 07:14:11','内网IP|0|0|内网IP|内网IP'),(11783,'admin','修改分类',12,'com.febs.web.controller.admin.cms.ArticleCategoryController.updateCategory()','category: \"com.febs.cms.domain.ArticleCategory@451d6c78\"','127.0.0.1','2020-10-13 07:14:19','内网IP|0|0|内网IP|内网IP'),(11784,'admin','获取分类信息',0,'com.febs.web.controller.admin.cms.ArticleCategoryController.index()','','127.0.0.1','2020-10-13 07:21:49','内网IP|0|0|内网IP|内网IP'),(11785,'admin','修改分类',11,'com.febs.web.controller.admin.cms.ArticleCategoryController.updateCategory()','category: \"com.febs.cms.domain.ArticleCategory@67308f\"','127.0.0.1','2020-10-13 07:21:52','内网IP|0|0|内网IP|内网IP'),(11786,'admin','获取分类信息',0,'com.febs.web.controller.admin.cms.ArticleCategoryController.index()','','127.0.0.1','2020-10-13 07:22:43','内网IP|0|0|内网IP|内网IP'),(11787,'admin','修改分类',16,'com.febs.web.controller.admin.cms.ArticleCategoryController.updateCategory()','category: \"com.febs.cms.domain.ArticleCategory@6f0c9f30\"','127.0.0.1','2020-10-13 07:22:51','内网IP|0|0|内网IP|内网IP'),(11788,'admin','获取分类信息',0,'com.febs.web.controller.admin.cms.ArticleCategoryController.index()','','127.0.0.1','2020-10-13 07:24:48','内网IP|0|0|内网IP|内网IP'),(11789,'admin','修改分类',10,'com.febs.web.controller.admin.cms.ArticleCategoryController.updateCategory()','category: \"com.febs.cms.domain.ArticleCategory@6f9fbac8\"','127.0.0.1','2020-10-13 07:24:54','内网IP|0|0|内网IP|内网IP'),(11790,'admin','获取分类信息',0,'com.febs.web.controller.admin.cms.ArticleCategoryController.index()','','127.0.0.1','2020-10-13 07:26:00','内网IP|0|0|内网IP|内网IP'),(11791,'admin','修改分类',10,'com.febs.web.controller.admin.cms.ArticleCategoryController.updateCategory()','category: \"com.febs.cms.domain.ArticleCategory@e967298\"','127.0.0.1','2020-10-13 07:26:03','内网IP|0|0|内网IP|内网IP'),(11792,'admin','修改分类',9,'com.febs.web.controller.admin.cms.ArticleCategoryController.updateCategory()','category: \"com.febs.cms.domain.ArticleCategory@780ee8d\"','127.0.0.1','2020-10-13 07:26:11','内网IP|0|0|内网IP|内网IP'),(11793,'admin','获取分类信息',0,'com.febs.web.controller.admin.cms.ArticleCategoryController.index()','','127.0.0.1','2020-10-13 07:26:30','内网IP|0|0|内网IP|内网IP'),(11794,'admin','修改分类',9,'com.febs.web.controller.admin.cms.ArticleCategoryController.updateCategory()','category: \"com.febs.cms.domain.ArticleCategory@f947182\"','127.0.0.1','2020-10-13 07:26:36','内网IP|0|0|内网IP|内网IP'),(11795,'admin','修改分类',11,'com.febs.web.controller.admin.cms.ArticleCategoryController.updateCategory()','category: \"com.febs.cms.domain.ArticleCategory@3fb66bd0\"','127.0.0.1','2020-10-13 07:26:52','内网IP|0|0|内网IP|内网IP'),(11796,'admin','获取分类信息',0,'com.febs.web.controller.admin.cms.ArticleCategoryController.index()','','127.0.0.1','2020-10-13 07:32:00','内网IP|0|0|内网IP|内网IP'),(11797,'admin','修改分类',9,'com.febs.web.controller.admin.cms.ArticleCategoryController.updateCategory()','category: \"com.febs.cms.domain.ArticleCategory@37d828f3\"','127.0.0.1','2020-10-13 07:32:11','内网IP|0|0|内网IP|内网IP'),(11798,'admin','获取分类信息',0,'com.febs.web.controller.admin.cms.ArticleCategoryController.index()','','127.0.0.1','2020-10-13 07:34:14','内网IP|0|0|内网IP|内网IP'),(11799,'admin','修改分类',13,'com.febs.web.controller.admin.cms.ArticleCategoryController.updateCategory()','category: \"com.febs.cms.domain.ArticleCategory@50331d9a\"','127.0.0.1','2020-10-13 07:34:20','内网IP|0|0|内网IP|内网IP'),(11800,'admin','获取分类信息',1,'com.febs.web.controller.admin.cms.ArticleCategoryController.index()','','127.0.0.1','2020-10-13 07:35:29','内网IP|0|0|内网IP|内网IP'),(11801,'admin','修改分类',15,'com.febs.web.controller.admin.cms.ArticleCategoryController.updateCategory()','category: \"com.febs.cms.domain.ArticleCategory@6ef72589\"','127.0.0.1','2020-10-13 07:35:36','内网IP|0|0|内网IP|内网IP'),(11802,'admin','获取分类信息',1,'com.febs.web.controller.admin.cms.ArticleCategoryController.index()','','127.0.0.1','2020-10-13 07:36:57','内网IP|0|0|内网IP|内网IP'),(11803,'admin','修改分类',10,'com.febs.web.controller.admin.cms.ArticleCategoryController.updateCategory()','category: \"com.febs.cms.domain.ArticleCategory@7682991f\"','127.0.0.1','2020-10-13 07:37:03','内网IP|0|0|内网IP|内网IP'),(11804,'admin','获取分类信息',1,'com.febs.web.controller.admin.cms.ArticleCategoryController.index()','','127.0.0.1','2020-10-13 08:29:40','内网IP|0|0|内网IP|内网IP'),(11805,'admin','修改分类',11,'com.febs.web.controller.admin.cms.ArticleCategoryController.updateCategory()','category: \"com.febs.cms.domain.ArticleCategory@1acbff94\"','127.0.0.1','2020-10-13 08:29:47','内网IP|0|0|内网IP|内网IP'),(11806,'admin','修改分类',9,'com.febs.web.controller.admin.cms.ArticleCategoryController.updateCategory()','category: \"com.febs.cms.domain.ArticleCategory@55be104b\"','127.0.0.1','2020-10-13 08:39:54','内网IP|0|0|内网IP|内网IP'),(11807,'admin','获取分类信息',0,'com.febs.web.controller.admin.cms.ArticleCategoryController.index()','','127.0.0.1','2020-10-13 08:39:59','内网IP|0|0|内网IP|内网IP'),(11808,'admin','修改分类',13,'com.febs.web.controller.admin.cms.ArticleCategoryController.updateCategory()','category: \"com.febs.cms.domain.ArticleCategory@2772fb4d\"','127.0.0.1','2020-10-13 08:40:09','内网IP|0|0|内网IP|内网IP'),(11809,'admin','获取分类信息',0,'com.febs.web.controller.admin.cms.ArticleCategoryController.index()','','127.0.0.1','2020-10-13 09:04:03','内网IP|0|0|内网IP|内网IP'),(11810,'admin','修改分类',12,'com.febs.web.controller.admin.cms.ArticleCategoryController.updateCategory()','category: \"com.febs.cms.domain.ArticleCategory@7706e235\"','127.0.0.1','2020-10-13 09:04:11','内网IP|0|0|内网IP|内网IP'),(11811,'admin','获取分类信息',0,'com.febs.web.controller.admin.cms.ArticleCategoryController.index()','','127.0.0.1','2020-10-13 09:04:46','内网IP|0|0|内网IP|内网IP'),(11812,'admin','修改分类',10,'com.febs.web.controller.admin.cms.ArticleCategoryController.updateCategory()','category: \"com.febs.cms.domain.ArticleCategory@306b130e\"','127.0.0.1','2020-10-13 09:04:55','内网IP|0|0|内网IP|内网IP'),(11813,'admin','修改分类',10,'com.febs.web.controller.admin.cms.ArticleCategoryController.updateCategory()','category: \"com.febs.cms.domain.ArticleCategory@44b3a585\"','127.0.0.1','2020-10-13 09:05:04','内网IP|0|0|内网IP|内网IP'),(11814,'admin','获取分类信息',0,'com.febs.web.controller.admin.cms.ArticleCategoryController.index()','','127.0.0.1','2020-10-13 09:05:55','内网IP|0|0|内网IP|内网IP'),(11815,'admin','修改分类',10,'com.febs.web.controller.admin.cms.ArticleCategoryController.updateCategory()','category: \"com.febs.cms.domain.ArticleCategory@113eeb11\"','127.0.0.1','2020-10-13 09:06:05','内网IP|0|0|内网IP|内网IP'),(11816,'admin','修改分类',9,'com.febs.web.controller.admin.cms.ArticleCategoryController.updateCategory()','category: \"com.febs.cms.domain.ArticleCategory@56008f9d\"','127.0.0.1','2020-10-13 09:06:14','内网IP|0|0|内网IP|内网IP'),(11817,'admin','获取分类信息',0,'com.febs.web.controller.admin.cms.ArticleCategoryController.index()','','127.0.0.1','2020-10-13 09:07:08','内网IP|0|0|内网IP|内网IP'),(11818,'admin','修改分类',10,'com.febs.web.controller.admin.cms.ArticleCategoryController.updateCategory()','category: \"com.febs.cms.domain.ArticleCategory@4c8eff50\"','127.0.0.1','2020-10-13 09:07:12','内网IP|0|0|内网IP|内网IP'),(11819,'admin','修改分类',8,'com.febs.web.controller.admin.cms.ArticleCategoryController.updateCategory()','category: \"com.febs.cms.domain.ArticleCategory@3c4accea\"','127.0.0.1','2020-10-13 09:07:22','内网IP|0|0|内网IP|内网IP'),(11820,'admin','获取分类信息',0,'com.febs.web.controller.admin.cms.ArticleCategoryController.index()','','127.0.0.1','2020-10-13 09:08:40','内网IP|0|0|内网IP|内网IP'),(11821,'admin','修改分类',9,'com.febs.web.controller.admin.cms.ArticleCategoryController.updateCategory()','category: \"com.febs.cms.domain.ArticleCategory@46a760b1\"','127.0.0.1','2020-10-13 09:08:51','内网IP|0|0|内网IP|内网IP'),(11822,'admin','修改分类',9,'com.febs.web.controller.admin.cms.ArticleCategoryController.updateCategory()','category: \"com.febs.cms.domain.ArticleCategory@65f1bcf1\"','127.0.0.1','2020-10-13 09:30:06','内网IP|0|0|内网IP|内网IP'),(11823,'admin','获取分类信息',0,'com.febs.web.controller.admin.cms.ArticleCategoryController.index()','','127.0.0.1','2020-10-13 09:33:45','内网IP|0|0|内网IP|内网IP'),(11824,'admin','修改分类',7,'com.febs.web.controller.admin.cms.ArticleCategoryController.updateCategory()','category: \"com.febs.cms.domain.ArticleCategory@5acbd4ad\"','127.0.0.1','2020-10-13 09:33:51','内网IP|0|0|内网IP|内网IP'),(11825,'admin','单页列表',4,'com.febs.web.controller.admin.cms.SinglePageController.index()','','127.0.0.1','2020-10-13 09:34:54','内网IP|0|0|内网IP|内网IP'),(11826,'admin','获取单页列表信息',20,'com.febs.web.controller.admin.cms.SinglePageController.singlePageList()','request: \"QueryRequest{pageSize=10, pageNum=1}\"  singlePage: \"com.febs.cms.domain.SinglePage@729de1dd\"','127.0.0.1','2020-10-13 09:34:54','内网IP|0|0|内网IP|内网IP'),(11827,'admin','文章列表',3,'com.febs.web.controller.admin.cms.ArticleController.index()','','127.0.0.1','2020-10-13 09:51:58','内网IP|0|0|内网IP|内网IP'),(11828,'admin','获取文章列表信息',18,'com.febs.web.controller.admin.cms.ArticleController.articleList()','request: com.febs.security.xss.XssHttpServletRequestWrapper@2613a11d  queryRequest: \"QueryRequest{pageSize=10, pageNum=1}\"  article: \"com.febs.cms.domain.Article@5f42bee1\"','127.0.0.1','2020-10-13 09:51:58','内网IP|0|0|内网IP|内网IP'),(11829,'admin','获取定时任务信息',4,'com.febs.web.controller.quartz.JobController.index()','','127.0.0.1','2020-10-13 09:52:02','内网IP|0|0|内网IP|内网IP'),(11830,'admin','获取调度日志信息',3,'com.febs.web.controller.quartz.JobLogController.index()','','127.0.0.1','2020-10-13 09:52:03','内网IP|0|0|内网IP|内网IP'),(11831,'admin','获取在线用户信息',3,'com.febs.web.controller.security.SessionController.online()','','127.0.0.1','2020-10-13 09:52:05','内网IP|0|0|内网IP|内网IP'),(11832,'admin','获取用户信息',26,'com.febs.web.controller.admin.system.UserController.userList()','request: \"QueryRequest{pageSize=10, pageNum=1}\"  user: \"MyUser{userId=null, username=\'null\', password=\'null\', deptId=null, deptName=\'null\', email=\'null\', mobile=\'null\', status=\'null\', createTime=null, modifyTime=null, lastLoginTime=null, ssex=\'null\', theme=\'null\', avatar=\'null\', description=\'null\', roleName=\'null\'}\"','127.0.0.1','2020-10-13 09:52:12','内网IP|0|0|内网IP|内网IP'),(11833,'admin','获取角色信息',1,'com.febs.web.controller.admin.system.RoleController.index()','','127.0.0.1','2020-10-13 09:52:12','内网IP|0|0|内网IP|内网IP'),(11834,'admin','获取系统所有URL',18,'com.febs.web.controller.admin.system.MenuController.getAllUrl()','','127.0.0.1','2020-10-13 09:52:14','内网IP|0|0|内网IP|内网IP'),(11835,'admin','获取部门信息',0,'com.febs.web.controller.admin.system.DeptController.index()','','127.0.0.1','2020-10-13 09:52:15','内网IP|0|0|内网IP|内网IP'),(11836,'admin','单页列表',0,'com.febs.web.controller.admin.cms.SinglePageController.index()','','127.0.0.1','2020-10-13 09:57:02','内网IP|0|0|内网IP|内网IP'),(11837,'admin','获取单页列表信息',6,'com.febs.web.controller.admin.cms.SinglePageController.singlePageList()','request: \"QueryRequest{pageSize=10, pageNum=1}\"  singlePage: \"com.febs.cms.domain.SinglePage@65d0a439\"','127.0.0.1','2020-10-13 09:57:02','内网IP|0|0|内网IP|内网IP'),(11838,'admin','文章列表',0,'com.febs.web.controller.admin.cms.ArticleController.index()','','127.0.0.1','2020-10-13 09:57:59','内网IP|0|0|内网IP|内网IP'),(11839,'admin','获取文章列表信息',6,'com.febs.web.controller.admin.cms.ArticleController.articleList()','request: com.febs.security.xss.XssHttpServletRequestWrapper@1da7ed2d  queryRequest: \"QueryRequest{pageSize=10, pageNum=1}\"  article: \"com.febs.cms.domain.Article@2e24d326\"','127.0.0.1','2020-10-13 09:57:59','内网IP|0|0|内网IP|内网IP'),(11840,'admin','修改文章',437,'com.febs.web.controller.admin.cms.ArticleController.updateArticle()','article: \"com.febs.cms.domain.Article@1f2dd870\"  request: com.febs.security.xss.XssHttpServletRequestWrapper@2567b703','127.0.0.1','2020-10-13 09:58:04','内网IP|0|0|内网IP|内网IP'),(11841,'admin','文章列表',0,'com.febs.web.controller.admin.cms.ArticleController.index()','','127.0.0.1','2020-10-13 09:59:32','内网IP|0|0|内网IP|内网IP'),(11842,'admin','获取文章列表信息',5,'com.febs.web.controller.admin.cms.ArticleController.articleList()','request: com.febs.security.xss.XssHttpServletRequestWrapper@85a0deb  queryRequest: \"QueryRequest{pageSize=10, pageNum=1}\"  article: \"com.febs.cms.domain.Article@6e6807f4\"','127.0.0.1','2020-10-13 09:59:32','内网IP|0|0|内网IP|内网IP'),(11843,'admin','修改文章',17,'com.febs.web.controller.admin.cms.ArticleController.updateArticle()','article: \"com.febs.cms.domain.Article@3d8f741b\"  request: com.febs.security.xss.XssHttpServletRequestWrapper@658b2bc8','127.0.0.1','2020-10-13 09:59:39','内网IP|0|0|内网IP|内网IP'),(11844,'admin','文章列表',0,'com.febs.web.controller.admin.cms.ArticleController.index()','','127.0.0.1','2020-10-13 10:00:49','内网IP|0|0|内网IP|内网IP'),(11845,'admin','获取文章列表信息',3,'com.febs.web.controller.admin.cms.ArticleController.articleList()','request: com.febs.security.xss.XssHttpServletRequestWrapper@64f00769  queryRequest: \"QueryRequest{pageSize=10, pageNum=1}\"  article: \"com.febs.cms.domain.Article@79620e51\"','127.0.0.1','2020-10-13 10:00:49','内网IP|0|0|内网IP|内网IP'),(11846,'admin','修改文章',15,'com.febs.web.controller.admin.cms.ArticleController.updateArticle()','article: \"com.febs.cms.domain.Article@248ff2cf\"  request: com.febs.security.xss.XssHttpServletRequestWrapper@25fde2cc','127.0.0.1','2020-10-13 10:00:53','内网IP|0|0|内网IP|内网IP'),(11847,'admin','获取分类信息',0,'com.febs.web.controller.admin.cms.ArticleCategoryController.index()','','127.0.0.1','2020-10-13 10:03:11','内网IP|0|0|内网IP|内网IP'),(11848,'admin','文章列表',1,'com.febs.web.controller.admin.cms.ArticleController.index()','','127.0.0.1','2020-10-13 10:03:14','内网IP|0|0|内网IP|内网IP'),(11849,'admin','获取文章列表信息',4,'com.febs.web.controller.admin.cms.ArticleController.articleList()','request: com.febs.security.xss.XssHttpServletRequestWrapper@5e0aba4e  queryRequest: \"QueryRequest{pageSize=10, pageNum=1}\"  article: \"com.febs.cms.domain.Article@2f81624b\"','127.0.0.1','2020-10-13 10:03:14','内网IP|0|0|内网IP|内网IP'),(11850,'admin','修改文章',15,'com.febs.web.controller.admin.cms.ArticleController.updateArticle()','article: \"com.febs.cms.domain.Article@7bf439ec\"  request: com.febs.security.xss.XssHttpServletRequestWrapper@1a44fdc2','127.0.0.1','2020-10-13 10:03:17','内网IP|0|0|内网IP|内网IP'),(11851,'admin','文章列表',1,'com.febs.web.controller.admin.cms.ArticleController.index()','','127.0.0.1','2020-10-13 10:05:58','内网IP|0|0|内网IP|内网IP'),(11852,'admin','获取文章列表信息',4,'com.febs.web.controller.admin.cms.ArticleController.articleList()','request: com.febs.security.xss.XssHttpServletRequestWrapper@1944ed4f  queryRequest: \"QueryRequest{pageSize=10, pageNum=1}\"  article: \"com.febs.cms.domain.Article@54c5ca72\"','127.0.0.1','2020-10-13 10:05:58','内网IP|0|0|内网IP|内网IP'),(11853,'admin','修改文章',16,'com.febs.web.controller.admin.cms.ArticleController.updateArticle()','article: \"com.febs.cms.domain.Article@1d603b2d\"  request: com.febs.security.xss.XssHttpServletRequestWrapper@4dd93d3e','127.0.0.1','2020-10-13 10:06:02','内网IP|0|0|内网IP|内网IP'),(11854,'admin','获取文章列表信息',4,'com.febs.web.controller.admin.cms.ArticleController.articleList()','request: com.febs.security.xss.XssHttpServletRequestWrapper@484b4420  queryRequest: \"QueryRequest{pageSize=10, pageNum=1}\"  article: \"com.febs.cms.domain.Article@33e91fce\"','127.0.0.1','2020-10-13 10:06:11','内网IP|0|0|内网IP|内网IP'),(11855,'admin','修改文章',15,'com.febs.web.controller.admin.cms.ArticleController.updateArticle()','article: \"com.febs.cms.domain.Article@690f0cf8\"  request: com.febs.security.xss.XssHttpServletRequestWrapper@3c64d459','127.0.0.1','2020-10-13 10:06:25','内网IP|0|0|内网IP|内网IP'),(11856,'admin','获取文章列表信息',4,'com.febs.web.controller.admin.cms.ArticleController.articleList()','request: com.febs.security.xss.XssHttpServletRequestWrapper@3dc0c2d5  queryRequest: \"QueryRequest{pageSize=10, pageNum=1}\"  article: \"com.febs.cms.domain.Article@e844e33\"','127.0.0.1','2020-10-13 10:06:27','内网IP|0|0|内网IP|内网IP'),(11857,'admin','获取分类信息',1,'com.febs.web.controller.admin.cms.ArticleCategoryController.index()','','127.0.0.1','2020-10-13 10:06:32','内网IP|0|0|内网IP|内网IP'),(11858,'admin','单页列表',0,'com.febs.web.controller.admin.cms.SinglePageController.index()','','127.0.0.1','2020-10-13 10:06:34','内网IP|0|0|内网IP|内网IP'),(11859,'admin','获取单页列表信息',5,'com.febs.web.controller.admin.cms.SinglePageController.singlePageList()','request: \"QueryRequest{pageSize=10, pageNum=1}\"  singlePage: \"com.febs.cms.domain.SinglePage@5b831794\"','127.0.0.1','2020-10-13 10:06:34','内网IP|0|0|内网IP|内网IP'),(11860,'admin','单页列表',1,'com.febs.web.controller.admin.cms.SinglePageController.index()','','127.0.0.1','2020-10-13 10:08:34','内网IP|0|0|内网IP|内网IP'),(11861,'admin','单页列表',0,'com.febs.web.controller.admin.cms.SinglePageController.index()','','127.0.0.1','2020-10-13 10:09:06','内网IP|0|0|内网IP|内网IP'),(11862,'admin','获取单页列表信息',15,'com.febs.web.controller.admin.cms.SinglePageController.singlePageList()','request: \"QueryRequest{pageSize=10, pageNum=1}\"  singlePage: \"com.febs.cms.domain.SinglePage@72a19754\"','127.0.0.1','2020-10-13 10:09:06','内网IP|0|0|内网IP|内网IP'),(11863,'admin','获取分类信息',9,'com.febs.web.controller.admin.cms.ArticleCategoryController.index()','','127.0.0.1','2020-10-14 00:54:44','内网IP|0|0|内网IP|内网IP'),(11864,'admin','删除分类',15,'com.febs.web.controller.admin.cms.ArticleCategoryController.deleteCategorys()','ids: \"28\"','127.0.0.1','2020-10-14 00:54:50','内网IP|0|0|内网IP|内网IP'),(11865,'admin','获取分类信息',0,'com.febs.web.controller.admin.cms.ArticleCategoryController.index()','','127.0.0.1','2020-10-14 00:55:45','内网IP|0|0|内网IP|内网IP'),(11866,'admin','删除分类',7,'com.febs.web.controller.admin.cms.ArticleCategoryController.deleteCategorys()','ids: \"28\"','127.0.0.1','2020-10-14 00:56:16','内网IP|0|0|内网IP|内网IP'),(11867,'admin','删除分类',57869,'com.febs.web.controller.admin.cms.ArticleCategoryController.deleteCategorys()','ids: \"28\"','127.0.0.1','2020-10-14 00:58:38','内网IP|0|0|内网IP|内网IP'),(11868,'admin','获取分类信息',8,'com.febs.web.controller.admin.cms.ArticleCategoryController.index()','','127.0.0.1','2020-10-14 01:04:08','内网IP|0|0|内网IP|内网IP'),(11869,'admin','删除分类',5383,'com.febs.web.controller.admin.cms.ArticleCategoryController.deleteCategorys()','ids: \"28\"','127.0.0.1','2020-10-14 01:04:17','内网IP|0|0|内网IP|内网IP'),(11870,'admin','单页列表',5,'com.febs.web.controller.admin.cms.SinglePageController.index()','','127.0.0.1','2020-10-14 02:02:48','内网IP|0|0|内网IP|内网IP'),(11871,'admin','获取单页列表信息',36,'com.febs.web.controller.admin.cms.SinglePageController.singlePageList()','request: \"QueryRequest{pageSize=10, pageNum=1}\"  singlePage: \"com.febs.cms.domain.SinglePage@503d248f\"','127.0.0.1','2020-10-14 02:02:49','内网IP|0|0|内网IP|内网IP'),(11872,'admin','单页列表',0,'com.febs.web.controller.admin.cms.SinglePageController.index()','','127.0.0.1','2020-10-14 02:06:41','内网IP|0|0|内网IP|内网IP'),(11873,'admin','获取单页列表信息',11,'com.febs.web.controller.admin.cms.SinglePageController.singlePageList()','request: \"QueryRequest{pageSize=10, pageNum=1}\"  singlePage: \"com.febs.cms.domain.SinglePage@78f61417\"','127.0.0.1','2020-10-14 02:06:41','内网IP|0|0|内网IP|内网IP'),(11874,'admin','单页列表',1,'com.febs.web.controller.admin.cms.SinglePageController.index()','','127.0.0.1','2020-10-14 03:22:43','内网IP|0|0|内网IP|内网IP'),(11875,'admin','获取单页列表信息',8,'com.febs.web.controller.admin.cms.SinglePageController.singlePageList()','request: \"QueryRequest{pageSize=10, pageNum=1}\"  singlePage: \"com.febs.cms.domain.SinglePage@9cc6c1a\"','127.0.0.1','2020-10-14 03:22:44','内网IP|0|0|内网IP|内网IP'),(11876,'admin','单页列表',0,'com.febs.web.controller.admin.cms.SinglePageController.index()','','127.0.0.1','2020-10-14 03:24:13','内网IP|0|0|内网IP|内网IP'),(11877,'admin','获取单页列表信息',14,'com.febs.web.controller.admin.cms.SinglePageController.singlePageList()','request: \"QueryRequest{pageSize=10, pageNum=1}\"  singlePage: \"com.febs.cms.domain.SinglePage@17530eef\"','127.0.0.1','2020-10-14 03:24:13','内网IP|0|0|内网IP|内网IP'),(11878,'admin','单页列表',0,'com.febs.web.controller.admin.cms.SinglePageController.index()','','127.0.0.1','2020-10-14 05:31:26','内网IP|0|0|内网IP|内网IP'),(11879,'admin','获取单页列表信息',8,'com.febs.web.controller.admin.cms.SinglePageController.singlePageList()','request: \"QueryRequest{pageSize=10, pageNum=1}\"  singlePage: \"com.febs.cms.domain.SinglePage@5e08f0fa\"','127.0.0.1','2020-10-14 05:31:26','内网IP|0|0|内网IP|内网IP'),(11880,'admin','文章列表',4,'com.febs.web.controller.admin.cms.ArticleController.index()','','127.0.0.1','2020-10-14 05:36:53','内网IP|0|0|内网IP|内网IP'),(11881,'admin','获取文章列表信息',21,'com.febs.web.controller.admin.cms.ArticleController.articleList()','request: com.febs.security.xss.XssHttpServletRequestWrapper@7dc49673  queryRequest: \"QueryRequest{pageSize=10, pageNum=1}\"  article: \"com.febs.cms.domain.Article@39f40245\"','127.0.0.1','2020-10-14 05:36:53','内网IP|0|0|内网IP|内网IP'),(11882,'admin','单页列表',1,'com.febs.web.controller.admin.cms.SinglePageController.index()','','127.0.0.1','2020-10-14 05:37:38','内网IP|0|0|内网IP|内网IP'),(11883,'admin','获取单页列表信息',8,'com.febs.web.controller.admin.cms.SinglePageController.singlePageList()','request: \"QueryRequest{pageSize=10, pageNum=1}\"  singlePage: \"com.febs.cms.domain.SinglePage@546acd42\"','127.0.0.1','2020-10-14 05:37:38','内网IP|0|0|内网IP|内网IP'),(11884,'admin','单页列表',0,'com.febs.web.controller.admin.cms.SinglePageController.index()','','127.0.0.1','2020-10-14 05:46:11','内网IP|0|0|内网IP|内网IP'),(11885,'admin','获取单页列表信息',5,'com.febs.web.controller.admin.cms.SinglePageController.singlePageList()','request: \"QueryRequest{pageSize=10, pageNum=1}\"  singlePage: \"com.febs.cms.domain.SinglePage@2dd7524c\"','127.0.0.1','2020-10-14 05:46:11','内网IP|0|0|内网IP|内网IP'),(11886,'admin','单页列表',0,'com.febs.web.controller.admin.cms.SinglePageController.index()','','127.0.0.1','2020-10-14 05:48:30','内网IP|0|0|内网IP|内网IP'),(11887,'admin','获取单页列表信息',6,'com.febs.web.controller.admin.cms.SinglePageController.singlePageList()','request: \"QueryRequest{pageSize=10, pageNum=1}\"  singlePage: \"com.febs.cms.domain.SinglePage@2bc690d5\"','127.0.0.1','2020-10-14 05:48:30','内网IP|0|0|内网IP|内网IP'),(11888,'admin','单页列表',0,'com.febs.web.controller.admin.cms.SinglePageController.index()','','127.0.0.1','2020-10-14 05:50:54','内网IP|0|0|内网IP|内网IP'),(11889,'admin','获取单页列表信息',5,'com.febs.web.controller.admin.cms.SinglePageController.singlePageList()','request: \"QueryRequest{pageSize=10, pageNum=1}\"  singlePage: \"com.febs.cms.domain.SinglePage@41d9e41e\"','127.0.0.1','2020-10-14 05:50:54','内网IP|0|0|内网IP|内网IP'),(11890,'admin','修改单页',30,'com.febs.web.controller.admin.cms.SinglePageController.updateSinglePage()','singlePage: \"com.febs.cms.domain.SinglePage@7f9a90a5\"','127.0.0.1','2020-10-14 05:52:30','内网IP|0|0|内网IP|内网IP'),(11891,'admin','获取单页列表信息',6,'com.febs.web.controller.admin.cms.SinglePageController.singlePageList()','request: \"QueryRequest{pageSize=10, pageNum=1}\"  singlePage: \"com.febs.cms.domain.SinglePage@5007d11d\"','127.0.0.1','2020-10-14 05:52:34','内网IP|0|0|内网IP|内网IP'),(11892,'admin','获取友情链接信息',3,'com.febs.web.controller.admin.cms.FriendLinkController.index()','','127.0.0.1','2020-10-14 05:54:03','内网IP|0|0|内网IP|内网IP'),(11893,'admin','标签列表',4,'com.febs.web.controller.admin.cms.ArticleTagController.index()','','127.0.0.1','2020-10-14 05:54:07','内网IP|0|0|内网IP|内网IP'),(11894,'admin','获取标签列表信息',16,'com.febs.web.controller.admin.cms.ArticleTagController.articleList()','request: \"QueryRequest{pageSize=10, pageNum=1}\"  articleTag: \"com.febs.cms.domain.ArticleTag@76061b23\"','127.0.0.1','2020-10-14 05:54:07','内网IP|0|0|内网IP|内网IP'),(11895,'admin','评论列表',4,'com.febs.web.controller.admin.cms.ArticleCommentController.index()','','127.0.0.1','2020-10-14 05:54:08','内网IP|0|0|内网IP|内网IP'),(11896,'admin','获取文章评论列表信息',20,'com.febs.web.controller.admin.cms.ArticleCommentController.articleCommentList()','request: \"QueryRequest{pageSize=10, pageNum=1}\"  articleComment: \"com.febs.cms.domain.ArticleComment@c64fb09\"','127.0.0.1','2020-10-14 05:54:08','内网IP|0|0|内网IP|内网IP'),(11897,'admin','订单列表',5,'com.febs.web.controller.admin.shop.OrderController.index()','','127.0.0.1','2020-10-14 05:54:10','内网IP|0|0|内网IP|内网IP'),(11898,'admin','获取订单列表信息',6,'com.febs.web.controller.admin.shop.OrderController.orderList()','request: com.febs.security.xss.XssHttpServletRequestWrapper@2006e5f7  queryRequest: \"QueryRequest{pageSize=10, pageNum=1}\"  order: \"com.febs.shop.domain.Order@5169727\"','127.0.0.1','2020-10-14 05:54:11','内网IP|0|0|内网IP|内网IP'),(11899,'admin','文章列表',0,'com.febs.web.controller.admin.cms.ArticleController.index()','','127.0.0.1','2020-10-14 07:08:05','内网IP|0|0|内网IP|内网IP'),(11900,'admin','获取文章列表信息',14,'com.febs.web.controller.admin.cms.ArticleController.articleList()','request: com.febs.security.xss.XssHttpServletRequestWrapper@18d9f04d  queryRequest: \"QueryRequest{pageSize=10, pageNum=1}\"  article: \"com.febs.cms.domain.Article@78c0b665\"','127.0.0.1','2020-10-14 07:08:05','内网IP|0|0|内网IP|内网IP'),(11901,'admin','获取分类信息',0,'com.febs.web.controller.admin.cms.ArticleCategoryController.index()','','127.0.0.1','2020-10-14 07:08:05','内网IP|0|0|内网IP|内网IP'),(11902,'admin','单页列表',1,'com.febs.web.controller.admin.cms.SinglePageController.index()','','127.0.0.1','2020-10-14 07:08:06','内网IP|0|0|内网IP|内网IP'),(11903,'admin','获取单页列表信息',4,'com.febs.web.controller.admin.cms.SinglePageController.singlePageList()','request: \"QueryRequest{pageSize=10, pageNum=1}\"  singlePage: \"com.febs.cms.domain.SinglePage@68968b85\"','127.0.0.1','2020-10-14 07:08:06','内网IP|0|0|内网IP|内网IP'),(11904,'admin','获取友情链接信息',0,'com.febs.web.controller.admin.cms.FriendLinkController.index()','','127.0.0.1','2020-10-14 07:41:22','内网IP|0|0|内网IP|内网IP'),(11905,'admin','获取友情链接信息',1,'com.febs.web.controller.admin.cms.FriendLinkController.index()','','127.0.0.1','2020-10-14 07:42:58','内网IP|0|0|内网IP|内网IP'),(11906,'admin','获取友情链接信息',0,'com.febs.web.controller.admin.cms.FriendLinkController.index()','','127.0.0.1','2020-10-14 07:43:56','内网IP|0|0|内网IP|内网IP'),(11907,'admin','获取友情链接信息',0,'com.febs.web.controller.admin.cms.FriendLinkController.index()','','127.0.0.1','2020-10-14 07:44:47','内网IP|0|0|内网IP|内网IP'),(11908,'admin','获取友情链接信息',0,'com.febs.web.controller.admin.cms.FriendLinkController.index()','','127.0.0.1','2020-10-14 07:45:25','内网IP|0|0|内网IP|内网IP'),(11909,'admin','获取友情链接信息',0,'com.febs.web.controller.admin.cms.FriendLinkController.index()','','127.0.0.1','2020-10-14 07:49:43','内网IP|0|0|内网IP|内网IP'),(11910,'admin','获取友情链接信息',0,'com.febs.web.controller.admin.cms.FriendLinkController.index()','','127.0.0.1','2020-10-14 07:52:34','内网IP|0|0|内网IP|内网IP'),(11911,'admin','获取友情链接信息',1,'com.febs.web.controller.admin.cms.FriendLinkController.index()','','127.0.0.1','2020-10-14 08:02:37','内网IP|0|0|内网IP|内网IP'),(11912,'admin','修改友情链接',7,'com.febs.web.controller.admin.cms.FriendLinkController.updateFriendLink()','friendLink: \"com.febs.cms.domain.FriendLink@2899fe61\"','127.0.0.1','2020-10-14 08:02:42','内网IP|0|0|内网IP|内网IP'),(11913,'admin','单页列表',0,'com.febs.web.controller.admin.cms.SinglePageController.index()','','127.0.0.1','2020-10-14 08:03:07','内网IP|0|0|内网IP|内网IP'),(11914,'admin','获取单页列表信息',12,'com.febs.web.controller.admin.cms.SinglePageController.singlePageList()','request: \"QueryRequest{pageSize=10, pageNum=1}\"  singlePage: \"com.febs.cms.domain.SinglePage@a914d40\"','127.0.0.1','2020-10-14 08:03:08','内网IP|0|0|内网IP|内网IP'),(11915,'admin','获取友情链接信息',1,'com.febs.web.controller.admin.cms.FriendLinkController.index()','','127.0.0.1','2020-10-14 08:03:56','内网IP|0|0|内网IP|内网IP'),(11916,'admin','获取友情链接信息',0,'com.febs.web.controller.admin.cms.FriendLinkController.index()','','127.0.0.1','2020-10-14 08:04:13','内网IP|0|0|内网IP|内网IP'),(11917,'admin','标签列表',0,'com.febs.web.controller.admin.cms.ArticleTagController.index()','','127.0.0.1','2020-10-14 08:04:15','内网IP|0|0|内网IP|内网IP'),(11918,'admin','获取标签列表信息',5,'com.febs.web.controller.admin.cms.ArticleTagController.articleList()','request: \"QueryRequest{pageSize=10, pageNum=1}\"  articleTag: \"com.febs.cms.domain.ArticleTag@4716aff0\"','127.0.0.1','2020-10-14 08:04:15','内网IP|0|0|内网IP|内网IP'),(11919,'admin','标签列表',0,'com.febs.web.controller.admin.cms.ArticleTagController.index()','','127.0.0.1','2020-10-14 08:13:48','内网IP|0|0|内网IP|内网IP'),(11920,'admin','获取标签列表信息',5,'com.febs.web.controller.admin.cms.ArticleTagController.articleList()','request: \"QueryRequest{pageSize=10, pageNum=1}\"  articleTag: \"com.febs.cms.domain.ArticleTag@41f353d0\"','127.0.0.1','2020-10-14 08:13:48','内网IP|0|0|内网IP|内网IP'),(11921,'admin','标签列表',0,'com.febs.web.controller.admin.cms.ArticleTagController.index()','','127.0.0.1','2020-10-14 08:15:35','内网IP|0|0|内网IP|内网IP'),(11922,'admin','标签列表',0,'com.febs.web.controller.admin.cms.ArticleTagController.index()','','127.0.0.1','2020-10-14 08:17:34','内网IP|0|0|内网IP|内网IP'),(11923,'admin','获取标签列表信息',4,'com.febs.web.controller.admin.cms.ArticleTagController.articleList()','request: \"QueryRequest{pageSize=10, pageNum=1}\"  articleTag: \"com.febs.cms.domain.ArticleTag@14303f0b\"','127.0.0.1','2020-10-14 08:17:34','内网IP|0|0|内网IP|内网IP'),(11924,'admin','标签列表',0,'com.febs.web.controller.admin.cms.ArticleTagController.index()','','127.0.0.1','2020-10-14 08:18:04','内网IP|0|0|内网IP|内网IP'),(11925,'admin','获取标签列表信息',4,'com.febs.web.controller.admin.cms.ArticleTagController.articleList()','request: \"QueryRequest{pageSize=10, pageNum=1}\"  articleTag: \"com.febs.cms.domain.ArticleTag@32ad17e1\"','127.0.0.1','2020-10-14 08:18:04','内网IP|0|0|内网IP|内网IP'),(11926,'admin','获取标签列表信息',3,'com.febs.web.controller.admin.cms.ArticleTagController.articleList()','request: \"QueryRequest{pageSize=10, pageNum=2}\"  articleTag: \"com.febs.cms.domain.ArticleTag@bb3ccc5\"','127.0.0.1','2020-10-14 08:18:07','内网IP|0|0|内网IP|内网IP'),(11927,'admin','获取标签列表信息',3,'com.febs.web.controller.admin.cms.ArticleTagController.articleList()','request: \"QueryRequest{pageSize=10, pageNum=1}\"  articleTag: \"com.febs.cms.domain.ArticleTag@509bc23d\"','127.0.0.1','2020-10-14 08:18:09','内网IP|0|0|内网IP|内网IP'),(11928,'admin','标签列表',0,'com.febs.web.controller.admin.cms.ArticleTagController.index()','','127.0.0.1','2020-10-14 08:19:26','内网IP|0|0|内网IP|内网IP'),(11929,'admin','获取标签列表信息',5,'com.febs.web.controller.admin.cms.ArticleTagController.articleList()','request: \"QueryRequest{pageSize=10, pageNum=1}\"  articleTag: \"com.febs.cms.domain.ArticleTag@2d7007d9\"','127.0.0.1','2020-10-14 08:19:27','内网IP|0|0|内网IP|内网IP'),(11930,'admin','标签列表',0,'com.febs.web.controller.admin.cms.ArticleTagController.index()','','127.0.0.1','2020-10-14 08:20:09','内网IP|0|0|内网IP|内网IP'),(11931,'admin','获取标签列表信息',5,'com.febs.web.controller.admin.cms.ArticleTagController.articleList()','request: \"QueryRequest{pageSize=10, pageNum=1}\"  articleTag: \"com.febs.cms.domain.ArticleTag@1a04ea5a\"','127.0.0.1','2020-10-14 08:20:10','内网IP|0|0|内网IP|内网IP'),(11932,'admin','删除标签',7,'com.febs.web.controller.admin.cms.ArticleTagController.deleteArticleTags()','ids: \"13\"','127.0.0.1','2020-10-14 08:20:15','内网IP|0|0|内网IP|内网IP'),(11933,'admin','标签列表',0,'com.febs.web.controller.admin.cms.ArticleTagController.index()','','127.0.0.1','2020-10-14 08:20:36','内网IP|0|0|内网IP|内网IP'),(11934,'admin','获取标签列表信息',4,'com.febs.web.controller.admin.cms.ArticleTagController.articleList()','request: \"QueryRequest{pageSize=10, pageNum=1}\"  articleTag: \"com.febs.cms.domain.ArticleTag@2821dd30\"','127.0.0.1','2020-10-14 08:20:36','内网IP|0|0|内网IP|内网IP'),(11935,'admin','获取标签列表信息',3,'com.febs.web.controller.admin.cms.ArticleTagController.articleList()','request: \"QueryRequest{pageSize=10, pageNum=2}\"  articleTag: \"com.febs.cms.domain.ArticleTag@3c4f2b60\"','127.0.0.1','2020-10-14 08:20:39','内网IP|0|0|内网IP|内网IP'),(11936,'admin','删除标签',4,'com.febs.web.controller.admin.cms.ArticleTagController.deleteArticleTags()','ids: \"16\"','127.0.0.1','2020-10-14 08:20:43','内网IP|0|0|内网IP|内网IP'),(11937,'admin','获取标签列表信息',2,'com.febs.web.controller.admin.cms.ArticleTagController.articleList()','request: \"QueryRequest{pageSize=10, pageNum=2}\"  articleTag: \"com.febs.cms.domain.ArticleTag@1b266b\"','127.0.0.1','2020-10-14 08:20:43','内网IP|0|0|内网IP|内网IP'),(11938,'admin','获取标签列表信息',4,'com.febs.web.controller.admin.cms.ArticleTagController.articleList()','request: \"QueryRequest{pageSize=10, pageNum=1}\"  articleTag: \"com.febs.cms.domain.ArticleTag@67ac46ef\"','127.0.0.1','2020-10-14 08:20:45','内网IP|0|0|内网IP|内网IP'),(11939,'admin','新增标签',8,'com.febs.web.controller.admin.cms.ArticleTagController.addArticleTag()','articleTag: \"com.febs.cms.domain.ArticleTag@6f200b07\"','127.0.0.1','2020-10-14 08:21:00','内网IP|0|0|内网IP|内网IP'),(11940,'admin','获取标签列表信息',3,'com.febs.web.controller.admin.cms.ArticleTagController.articleList()','request: \"QueryRequest{pageSize=10, pageNum=1}\"  articleTag: \"com.febs.cms.domain.ArticleTag@31255ae7\"','127.0.0.1','2020-10-14 08:21:00','内网IP|0|0|内网IP|内网IP'),(11941,'admin','获取标签列表信息',4,'com.febs.web.controller.admin.cms.ArticleTagController.articleList()','request: \"QueryRequest{pageSize=10, pageNum=2}\"  articleTag: \"com.febs.cms.domain.ArticleTag@309d2809\"','127.0.0.1','2020-10-14 08:21:03','内网IP|0|0|内网IP|内网IP'),(11942,'admin','修改标签',3,'com.febs.web.controller.admin.cms.ArticleTagController.updateRole()','articleTag: \"com.febs.cms.domain.ArticleTag@2e512639\"','127.0.0.1','2020-10-14 08:21:07','内网IP|0|0|内网IP|内网IP'),(11943,'admin','获取标签列表信息',2,'com.febs.web.controller.admin.cms.ArticleTagController.articleList()','request: \"QueryRequest{pageSize=10, pageNum=2}\"  articleTag: \"com.febs.cms.domain.ArticleTag@22da6a49\"','127.0.0.1','2020-10-14 08:21:07','内网IP|0|0|内网IP|内网IP'),(11944,'admin','删除标签',2,'com.febs.web.controller.admin.cms.ArticleTagController.deleteArticleTags()','ids: \"18\"','127.0.0.1','2020-10-14 08:21:11','内网IP|0|0|内网IP|内网IP'),(11945,'admin','获取标签列表信息',2,'com.febs.web.controller.admin.cms.ArticleTagController.articleList()','request: \"QueryRequest{pageSize=10, pageNum=2}\"  articleTag: \"com.febs.cms.domain.ArticleTag@46043a78\"','127.0.0.1','2020-10-14 08:21:11','内网IP|0|0|内网IP|内网IP'),(11946,'admin','评论列表',0,'com.febs.web.controller.admin.cms.ArticleCommentController.index()','','127.0.0.1','2020-10-14 08:21:13','内网IP|0|0|内网IP|内网IP'),(11947,'admin','获取文章评论列表信息',4,'com.febs.web.controller.admin.cms.ArticleCommentController.articleCommentList()','request: \"QueryRequest{pageSize=10, pageNum=1}\"  articleComment: \"com.febs.cms.domain.ArticleComment@316b050a\"','127.0.0.1','2020-10-14 08:21:14','内网IP|0|0|内网IP|内网IP'),(11948,'admin','评论列表',1,'com.febs.web.controller.admin.cms.ArticleCommentController.index()','','127.0.0.1','2020-10-14 08:24:50','内网IP|0|0|内网IP|内网IP'),(11949,'admin','评论列表',0,'com.febs.web.controller.admin.cms.ArticleCommentController.index()','','127.0.0.1','2020-10-14 08:25:22','内网IP|0|0|内网IP|内网IP'),(11950,'admin','获取文章评论列表信息',5,'com.febs.web.controller.admin.cms.ArticleCommentController.articleCommentList()','request: \"QueryRequest{pageSize=10, pageNum=1}\"  articleComment: \"com.febs.cms.domain.ArticleComment@b08a44e\"','127.0.0.1','2020-10-14 08:25:23','内网IP|0|0|内网IP|内网IP'),(11951,'admin','评论列表',0,'com.febs.web.controller.admin.cms.ArticleCommentController.index()','','127.0.0.1','2020-10-14 08:26:33','内网IP|0|0|内网IP|内网IP'),(11952,'admin','获取文章评论列表信息',5,'com.febs.web.controller.admin.cms.ArticleCommentController.articleCommentList()','request: \"QueryRequest{pageSize=10, pageNum=1}\"  articleComment: \"com.febs.cms.domain.ArticleComment@e48417a\"','127.0.0.1','2020-10-14 08:26:33','内网IP|0|0|内网IP|内网IP'),(11953,'admin','评论列表',0,'com.febs.web.controller.admin.cms.ArticleCommentController.index()','','127.0.0.1','2020-10-14 08:29:14','内网IP|0|0|内网IP|内网IP'),(11954,'admin','获取文章评论列表信息',4,'com.febs.web.controller.admin.cms.ArticleCommentController.articleCommentList()','request: \"QueryRequest{pageSize=10, pageNum=1}\"  articleComment: \"com.febs.cms.domain.ArticleComment@190aa628\"','127.0.0.1','2020-10-14 08:29:14','内网IP|0|0|内网IP|内网IP'),(11955,'admin','评论列表',1,'com.febs.web.controller.admin.cms.ArticleCommentController.index()','','127.0.0.1','2020-10-14 08:29:46','内网IP|0|0|内网IP|内网IP'),(11956,'admin','获取文章评论列表信息',4,'com.febs.web.controller.admin.cms.ArticleCommentController.articleCommentList()','request: \"QueryRequest{pageSize=10, pageNum=1}\"  articleComment: \"com.febs.cms.domain.ArticleComment@5c7a6490\"','127.0.0.1','2020-10-14 08:29:46','内网IP|0|0|内网IP|内网IP'),(11957,'admin','新增文章评论',13,'com.febs.web.controller.admin.cms.ArticleCommentController.addArticleComment()','articleComment: \"com.febs.cms.domain.ArticleComment@3baaa6ad\"  request: com.febs.security.xss.XssHttpServletRequestWrapper@d57373d','127.0.0.1','2020-10-14 08:29:58','内网IP|0|0|内网IP|内网IP'),(11958,'admin','获取文章评论列表信息',3,'com.febs.web.controller.admin.cms.ArticleCommentController.articleCommentList()','request: \"QueryRequest{pageSize=10, pageNum=1}\"  articleComment: \"com.febs.cms.domain.ArticleComment@49e51dda\"','127.0.0.1','2020-10-14 08:29:58','内网IP|0|0|内网IP|内网IP'),(11959,'admin','评论列表',3,'com.febs.web.controller.admin.shop.ProductCommentController.index()','','127.0.0.1','2020-10-14 08:47:28','内网IP|0|0|内网IP|内网IP'),(11960,'admin','获取商品评论列表信息',13,'com.febs.web.controller.admin.shop.ProductCommentController.productCommentList()','request: \"QueryRequest{pageSize=10, pageNum=1}\"  productComment: \"com.febs.shop.domain.ProductComment@1d05ed50\"','127.0.0.1','2020-10-14 08:47:28','内网IP|0|0|内网IP|内网IP'),(11961,'admin','评论列表',0,'com.febs.web.controller.admin.cms.ArticleCommentController.index()','','127.0.0.1','2020-10-14 08:47:39','内网IP|0|0|内网IP|内网IP'),(11962,'admin','获取文章评论列表信息',3,'com.febs.web.controller.admin.cms.ArticleCommentController.articleCommentList()','request: \"QueryRequest{pageSize=10, pageNum=1}\"  articleComment: \"com.febs.cms.domain.ArticleComment@3485e9ec\"','127.0.0.1','2020-10-14 08:47:39','内网IP|0|0|内网IP|内网IP'),(11963,'admin','评论列表',0,'com.febs.web.controller.admin.cms.ArticleCommentController.index()','','127.0.0.1','2020-10-14 08:47:54','内网IP|0|0|内网IP|内网IP'),(11964,'admin','获取文章评论列表信息',5,'com.febs.web.controller.admin.cms.ArticleCommentController.articleCommentList()','request: \"QueryRequest{pageSize=10, pageNum=1}\"  articleComment: \"com.febs.cms.domain.ArticleComment@246eb383\"','127.0.0.1','2020-10-14 08:47:54','内网IP|0|0|内网IP|内网IP'),(11965,'admin','获取分类信息',4,'com.febs.web.controller.admin.shop.ProductCategoryController.index()','','127.0.0.1','2020-10-14 08:53:13','内网IP|0|0|内网IP|内网IP'),(11966,'admin','获取分类信息',0,'com.febs.web.controller.admin.shop.ProductCategoryController.index()','','127.0.0.1','2020-10-14 09:24:01','内网IP|0|0|内网IP|内网IP'),(11967,'admin','获取分类信息',0,'com.febs.web.controller.admin.shop.ProductCategoryController.index()','','127.0.0.1','2020-10-14 09:24:22','内网IP|0|0|内网IP|内网IP'),(11968,'admin','获取分类信息',0,'com.febs.web.controller.admin.shop.ProductCategoryController.index()','','127.0.0.1','2020-10-14 09:25:18','内网IP|0|0|内网IP|内网IP'),(11969,'admin','获取分类信息',1,'com.febs.web.controller.admin.shop.ProductCategoryController.index()','','127.0.0.1','2020-10-14 09:25:24','内网IP|0|0|内网IP|内网IP'),(11970,'admin','获取分类信息',0,'com.febs.web.controller.admin.shop.ProductCategoryController.index()','','127.0.0.1','2020-10-14 09:28:28','内网IP|0|0|内网IP|内网IP'),(11971,'admin','获取分类信息',0,'com.febs.web.controller.admin.shop.ProductCategoryController.index()','','127.0.0.1','2020-10-14 09:28:34','内网IP|0|0|内网IP|内网IP'),(11972,'admin','获取分类信息',0,'com.febs.web.controller.admin.shop.ProductCategoryController.index()','','127.0.0.1','2020-10-14 09:28:55','内网IP|0|0|内网IP|内网IP'),(11973,'admin','获取分类信息',0,'com.febs.web.controller.admin.shop.ProductCategoryController.index()','','127.0.0.1','2020-10-14 09:29:38','内网IP|0|0|内网IP|内网IP'),(11974,'admin','获取分类信息',0,'com.febs.web.controller.admin.shop.ProductCategoryController.index()','','127.0.0.1','2020-10-14 09:30:12','内网IP|0|0|内网IP|内网IP'),(11975,'admin','获取分类信息',0,'com.febs.web.controller.admin.shop.ProductCategoryController.index()','','127.0.0.1','2020-10-14 09:33:30','内网IP|0|0|内网IP|内网IP'),(11976,'admin','评论列表',5,'com.febs.web.controller.admin.cms.ArticleCommentController.index()','','127.0.0.1','2020-10-15 00:55:35','内网IP|0|0|内网IP|内网IP'),(11977,'admin','获取文章评论列表信息',18,'com.febs.web.controller.admin.cms.ArticleCommentController.articleCommentList()','request: \"QueryRequest{pageSize=10, pageNum=1}\"  articleComment: \"com.febs.cms.domain.ArticleComment@48b11eb4\"','127.0.0.1','2020-10-15 00:55:35','内网IP|0|0|内网IP|内网IP'),(11978,'admin','标签列表',4,'com.febs.web.controller.admin.cms.ArticleTagController.index()','','127.0.0.1','2020-10-15 00:55:36','内网IP|0|0|内网IP|内网IP'),(11979,'admin','获取标签列表信息',16,'com.febs.web.controller.admin.cms.ArticleTagController.articleList()','request: \"QueryRequest{pageSize=10, pageNum=1}\"  articleTag: \"com.febs.cms.domain.ArticleTag@53de6f9c\"','127.0.0.1','2020-10-15 00:55:36','内网IP|0|0|内网IP|内网IP'),(11980,'admin','获取友情链接信息',4,'com.febs.web.controller.admin.cms.FriendLinkController.index()','','127.0.0.1','2020-10-15 00:55:37','内网IP|0|0|内网IP|内网IP'),(11981,'admin','单页列表',4,'com.febs.web.controller.admin.cms.SinglePageController.index()','','127.0.0.1','2020-10-15 00:55:40','内网IP|0|0|内网IP|内网IP'),(11982,'admin','获取单页列表信息',29,'com.febs.web.controller.admin.cms.SinglePageController.singlePageList()','request: \"QueryRequest{pageSize=10, pageNum=1}\"  singlePage: \"com.febs.cms.domain.SinglePage@5efab271\"','127.0.0.1','2020-10-15 00:55:40','内网IP|0|0|内网IP|内网IP'),(11983,'admin','获取分类信息',3,'com.febs.web.controller.admin.cms.ArticleCategoryController.index()','','127.0.0.1','2020-10-15 00:55:41','内网IP|0|0|内网IP|内网IP'),(11984,'admin','文章列表',3,'com.febs.web.controller.admin.cms.ArticleController.index()','','127.0.0.1','2020-10-15 00:55:41','内网IP|0|0|内网IP|内网IP'),(11985,'admin','获取文章列表信息',19,'com.febs.web.controller.admin.cms.ArticleController.articleList()','request: com.febs.security.xss.XssHttpServletRequestWrapper@3012501c  queryRequest: \"QueryRequest{pageSize=10, pageNum=1}\"  article: \"com.febs.cms.domain.Article@2c31020f\"','127.0.0.1','2020-10-15 00:55:41','内网IP|0|0|内网IP|内网IP'),(11986,'admin','获取分类信息',5,'com.febs.web.controller.admin.shop.ProductCategoryController.index()','','127.0.0.1','2020-10-15 00:55:48','内网IP|0|0|内网IP|内网IP'),(11987,'admin','获取分类信息',1,'com.febs.web.controller.admin.shop.ProductCategoryController.index()','','127.0.0.1','2020-10-15 01:19:27','内网IP|0|0|内网IP|内网IP'),(11988,'admin','修改分类',28,'com.febs.web.controller.admin.shop.ProductCategoryController.updateProductCategory()','productCategory: \"com.febs.shop.domain.ProductCategory@2277a35b\"','127.0.0.1','2020-10-15 01:19:33','内网IP|0|0|内网IP|内网IP'),(11989,'admin','获取分类信息',0,'com.febs.web.controller.admin.shop.ProductCategoryController.index()','','127.0.0.1','2020-10-15 01:40:01','内网IP|0|0|内网IP|内网IP'),(11990,'admin','修改分类',13,'com.febs.web.controller.admin.shop.ProductCategoryController.updateProductCategory()','productCategory: \"com.febs.shop.domain.ProductCategory@6621f437\"','127.0.0.1','2020-10-15 01:40:09','内网IP|0|0|内网IP|内网IP'),(11991,'admin','订单列表',6,'com.febs.web.controller.admin.shop.OrderController.index()','','127.0.0.1','2020-10-15 05:36:04','内网IP|0|0|内网IP|内网IP'),(11992,'admin','获取订单列表信息',12,'com.febs.web.controller.admin.shop.OrderController.orderList()','request: com.febs.security.xss.XssHttpServletRequestWrapper@78955093  queryRequest: \"QueryRequest{pageSize=10, pageNum=1}\"  order: \"com.febs.shop.domain.Order@2b91be6f\"','127.0.0.1','2020-10-15 05:36:05','内网IP|0|0|内网IP|内网IP'),(11993,'admin','订单列表',0,'com.febs.web.controller.admin.shop.OrderController.index()','','127.0.0.1','2020-10-15 07:41:35','内网IP|0|0|内网IP|内网IP'),(11994,'admin','获取订单列表信息',6,'com.febs.web.controller.admin.shop.OrderController.orderList()','request: com.febs.security.xss.XssHttpServletRequestWrapper@74734475  queryRequest: \"QueryRequest{pageSize=10, pageNum=1}\"  order: \"com.febs.shop.domain.Order@1445b65d\"','127.0.0.1','2020-10-15 07:41:36','内网IP|0|0|内网IP|内网IP'),(11995,'admin','订单列表',1,'com.febs.web.controller.admin.shop.OrderController.index()','','127.0.0.1','2020-10-15 07:45:24','内网IP|0|0|内网IP|内网IP'),(11996,'admin','获取订单列表信息',4,'com.febs.web.controller.admin.shop.OrderController.orderList()','request: com.febs.security.xss.XssHttpServletRequestWrapper@18b02df  queryRequest: \"QueryRequest{pageSize=10, pageNum=1}\"  order: \"com.febs.shop.domain.Order@3f6719e1\"','127.0.0.1','2020-10-15 07:45:24','内网IP|0|0|内网IP|内网IP'),(11997,'admin','订单列表',1,'com.febs.web.controller.admin.shop.OrderController.index()','','127.0.0.1','2020-10-15 07:53:45','内网IP|0|0|内网IP|内网IP'),(11998,'admin','获取订单列表信息',7,'com.febs.web.controller.admin.shop.OrderController.orderList()','request: com.febs.security.xss.XssHttpServletRequestWrapper@19e191c6  queryRequest: \"QueryRequest{pageSize=10, pageNum=1}\"  order: \"com.febs.shop.domain.Order@7e2696c9\"','127.0.0.1','2020-10-15 07:53:45','内网IP|0|0|内网IP|内网IP'),(11999,'admin','订单列表',0,'com.febs.web.controller.admin.shop.OrderController.index()','','127.0.0.1','2020-10-15 07:55:25','内网IP|0|0|内网IP|内网IP'),(12000,'admin','获取订单列表信息',5,'com.febs.web.controller.admin.shop.OrderController.orderList()','request: com.febs.security.xss.XssHttpServletRequestWrapper@24a1313a  queryRequest: \"QueryRequest{pageSize=10, pageNum=1}\"  order: \"com.febs.shop.domain.Order@5e28b5be\"','127.0.0.1','2020-10-15 07:55:25','内网IP|0|0|内网IP|内网IP'),(12001,'admin','订单列表',0,'com.febs.web.controller.admin.shop.OrderController.index()','','127.0.0.1','2020-10-15 07:57:53','内网IP|0|0|内网IP|内网IP'),(12002,'admin','获取订单列表信息',6,'com.febs.web.controller.admin.shop.OrderController.orderList()','request: com.febs.security.xss.XssHttpServletRequestWrapper@29938ba7  queryRequest: \"QueryRequest{pageSize=10, pageNum=1}\"  order: \"com.febs.shop.domain.Order@5d636a6c\"','127.0.0.1','2020-10-15 07:57:53','内网IP|0|0|内网IP|内网IP'),(12003,'admin','订单列表',0,'com.febs.web.controller.admin.shop.OrderController.index()','','127.0.0.1','2020-10-15 07:59:06','内网IP|0|0|内网IP|内网IP'),(12004,'admin','获取订单列表信息',5,'com.febs.web.controller.admin.shop.OrderController.orderList()','request: com.febs.security.xss.XssHttpServletRequestWrapper@165ce49e  queryRequest: \"QueryRequest{pageSize=10, pageNum=1}\"  order: \"com.febs.shop.domain.Order@3e537715\"','127.0.0.1','2020-10-15 07:59:06','内网IP|0|0|内网IP|内网IP'),(12005,'admin','订单列表',0,'com.febs.web.controller.admin.shop.OrderController.index()','','127.0.0.1','2020-10-15 07:59:47','内网IP|0|0|内网IP|内网IP'),(12006,'admin','获取订单列表信息',6,'com.febs.web.controller.admin.shop.OrderController.orderList()','request: com.febs.security.xss.XssHttpServletRequestWrapper@683a6bb2  queryRequest: \"QueryRequest{pageSize=10, pageNum=1}\"  order: \"com.febs.shop.domain.Order@48ab341a\"','127.0.0.1','2020-10-15 07:59:47','内网IP|0|0|内网IP|内网IP'),(12007,'admin','订单列表',0,'com.febs.web.controller.admin.shop.OrderController.index()','','127.0.0.1','2020-10-15 08:01:15','内网IP|0|0|内网IP|内网IP'),(12008,'admin','获取订单列表信息',5,'com.febs.web.controller.admin.shop.OrderController.orderList()','request: com.febs.security.xss.XssHttpServletRequestWrapper@25dccd37  queryRequest: \"QueryRequest{pageSize=10, pageNum=1}\"  order: \"com.febs.shop.domain.Order@7f55dc71\"','127.0.0.1','2020-10-15 08:01:15','内网IP|0|0|内网IP|内网IP'),(12009,'admin','获取订单列表信息',3,'com.febs.web.controller.admin.shop.OrderController.orderList()','request: com.febs.security.xss.XssHttpServletRequestWrapper@7fc19fcb  queryRequest: \"QueryRequest{pageSize=10, pageNum=2}\"  order: \"com.febs.shop.domain.Order@1d649323\"','127.0.0.1','2020-10-15 08:01:32','内网IP|0|0|内网IP|内网IP'),(12010,'admin','订单列表',0,'com.febs.web.controller.admin.shop.OrderController.index()','','127.0.0.1','2020-10-15 08:08:22','内网IP|0|0|内网IP|内网IP'),(12011,'admin','获取订单列表信息',3,'com.febs.web.controller.admin.shop.OrderController.orderList()','request: com.febs.security.xss.XssHttpServletRequestWrapper@3b185fea  queryRequest: \"QueryRequest{pageSize=10, pageNum=1}\"  order: \"com.febs.shop.domain.Order@510dbd2e\"','127.0.0.1','2020-10-15 08:08:22','内网IP|0|0|内网IP|内网IP'),(12012,'admin','订单列表',0,'com.febs.web.controller.admin.shop.OrderController.index()','','127.0.0.1','2020-10-15 08:13:10','内网IP|0|0|内网IP|内网IP'),(12013,'admin','获取订单列表信息',6,'com.febs.web.controller.admin.shop.OrderController.orderList()','request: com.febs.security.xss.XssHttpServletRequestWrapper@65cd1c09  queryRequest: \"QueryRequest{pageSize=10, pageNum=1}\"  order: \"com.febs.shop.domain.Order@7d2fee24\"','127.0.0.1','2020-10-15 08:13:10','内网IP|0|0|内网IP|内网IP'),(12014,'admin','订单列表',0,'com.febs.web.controller.admin.shop.OrderController.index()','','127.0.0.1','2020-10-15 08:20:16','内网IP|0|0|内网IP|内网IP'),(12015,'admin','获取订单列表信息',6,'com.febs.web.controller.admin.shop.OrderController.orderList()','request: com.febs.security.xss.XssHttpServletRequestWrapper@742c76a6  queryRequest: \"QueryRequest{pageSize=10, pageNum=1}\"  order: \"com.febs.shop.domain.Order@63a16093\"','127.0.0.1','2020-10-15 08:20:16','内网IP|0|0|内网IP|内网IP'),(12016,'admin','订单列表',1,'com.febs.web.controller.admin.shop.OrderController.index()','','127.0.0.1','2020-10-15 08:22:46','内网IP|0|0|内网IP|内网IP'),(12017,'admin','获取订单列表信息',3,'com.febs.web.controller.admin.shop.OrderController.orderList()','request: com.febs.security.xss.XssHttpServletRequestWrapper@33d162f  queryRequest: \"QueryRequest{pageSize=10, pageNum=1}\"  order: \"com.febs.shop.domain.Order@7b363a20\"','127.0.0.1','2020-10-15 08:22:47','内网IP|0|0|内网IP|内网IP'),(12018,'admin','订单列表',0,'com.febs.web.controller.admin.shop.OrderController.index()','','127.0.0.1','2020-10-15 08:23:28','内网IP|0|0|内网IP|内网IP'),(12019,'admin','获取订单列表信息',5,'com.febs.web.controller.admin.shop.OrderController.orderList()','request: com.febs.security.xss.XssHttpServletRequestWrapper@772e5b84  queryRequest: \"QueryRequest{pageSize=10, pageNum=1}\"  order: \"com.febs.shop.domain.Order@1710767d\"','127.0.0.1','2020-10-15 08:23:28','内网IP|0|0|内网IP|内网IP'),(12020,'admin','评论列表',3,'com.febs.web.controller.admin.shop.ProductCommentController.index()','','127.0.0.1','2020-10-15 09:18:12','内网IP|0|0|内网IP|内网IP'),(12021,'admin','获取商品评论列表信息',12,'com.febs.web.controller.admin.shop.ProductCommentController.productCommentList()','request: \"QueryRequest{pageSize=10, pageNum=1}\"  productComment: \"com.febs.shop.domain.ProductComment@581efc5a\"','127.0.0.1','2020-10-15 09:18:12','内网IP|0|0|内网IP|内网IP'),(12022,'admin','评论列表',1,'com.febs.web.controller.admin.shop.ProductCommentController.index()','','127.0.0.1','2020-10-15 09:40:23','内网IP|0|0|内网IP|内网IP'),(12023,'admin','获取商品评论列表信息',6,'com.febs.web.controller.admin.shop.ProductCommentController.productCommentList()','request: \"QueryRequest{pageSize=10, pageNum=1}\"  productComment: \"com.febs.shop.domain.ProductComment@1b6dab7c\"','127.0.0.1','2020-10-15 09:40:23','内网IP|0|0|内网IP|内网IP'),(12024,'admin','评论列表',0,'com.febs.web.controller.admin.shop.ProductCommentController.index()','','127.0.0.1','2020-10-15 09:42:07','内网IP|0|0|内网IP|内网IP'),(12025,'admin','获取商品评论列表信息',4,'com.febs.web.controller.admin.shop.ProductCommentController.productCommentList()','request: \"QueryRequest{pageSize=10, pageNum=1}\"  productComment: \"com.febs.shop.domain.ProductComment@2bf5034f\"','127.0.0.1','2020-10-15 09:42:07','内网IP|0|0|内网IP|内网IP'),(12026,'admin','更新商品评论',8,'com.febs.web.controller.admin.shop.ProductCommentController.updateProductComment()','productComment: \"com.febs.shop.domain.ProductComment@465b4cae\"  request: com.febs.security.xss.XssHttpServletRequestWrapper@160a3f2e','127.0.0.1','2020-10-15 09:42:15','内网IP|0|0|内网IP|内网IP'),(12027,'admin','获取商品评论列表信息',4,'com.febs.web.controller.admin.shop.ProductCommentController.productCommentList()','request: \"QueryRequest{pageSize=10, pageNum=1}\"  productComment: \"com.febs.shop.domain.ProductComment@63e2a443\"','127.0.0.1','2020-10-15 09:42:15','内网IP|0|0|内网IP|内网IP'),(12028,'admin','获取商品评论列表信息',3,'com.febs.web.controller.admin.shop.ProductCommentController.productCommentList()','request: \"QueryRequest{pageSize=10, pageNum=1}\"  productComment: \"com.febs.shop.domain.ProductComment@1fafac6c\"','127.0.0.1','2020-10-15 09:42:23','内网IP|0|0|内网IP|内网IP'),(12029,'admin','设置列表',5,'com.febs.web.controller.admin.cms.SettingController.index()','templates: \"[Ljava.lang.String;@2352e8fe\"','127.0.0.1','2020-10-15 10:00:17','内网IP|0|0|内网IP|内网IP'),(12030,'admin','获取设置列表信息',5,'com.febs.web.controller.admin.cms.SettingController.settingList()','request: \"QueryRequest{pageSize=0, pageNum=0}\"  setting: \"com.febs.cms.domain.Setting@197a5e46\"','127.0.0.1','2020-10-15 10:00:17','内网IP|0|0|内网IP|内网IP'),(12031,'admin','获取导航信息',4,'com.febs.web.controller.admin.cms.NavMenuController.index()','','127.0.0.1','2020-10-15 10:00:19','内网IP|0|0|内网IP|内网IP'),(12032,'admin','设置列表',8,'com.febs.web.controller.admin.cms.ThemeController.index()','templates: \"[{id=Light-Year-Blog, authorWebsite=http://www.febs.com, versionCode=1, updateUrl=, author=undead, version=1.0, screenshot=screenshot.png, title=Light-Year-Blog 模板, description=这是一个学习模板}, {id=layuiNetCompany, authorWebsite=http://www.febs.com, versionCode=1, updateUrl=, author=undead, version=1.0, screenshot=screenshot.png, title=layuiNetCompany 模板, description=这是一个学习模板}, {id=essence, authorWebsite=http://www.febs.com, versionCode=1, updateUrl=, author=wtsoftware, version=1.0, screenshot=screenshot.png, title=essence 模板, description=这是一个学习模板}]\"  theme: \"essence\"','127.0.0.1','2020-10-15 10:00:23','内网IP|0|0|内网IP|内网IP'),(12033,'admin','设置列表',0,'com.febs.web.controller.admin.cms.SettingController.index()','templates: \"[Ljava.lang.String;@79490aa2\"','127.0.0.1','2020-10-15 10:02:37','内网IP|0|0|内网IP|内网IP'),(12034,'admin','获取设置列表信息',2,'com.febs.web.controller.admin.cms.SettingController.settingList()','request: \"QueryRequest{pageSize=0, pageNum=0}\"  setting: \"com.febs.cms.domain.Setting@4825f814\"','127.0.0.1','2020-10-15 10:02:37','内网IP|0|0|内网IP|内网IP'),(12035,'admin','设置列表',1,'com.febs.web.controller.admin.cms.SettingController.index()','templates: \"[Ljava.lang.String;@5d30d54f\"','127.0.0.1','2020-10-15 10:03:20','内网IP|0|0|内网IP|内网IP'),(12036,'admin','获取设置列表信息',3,'com.febs.web.controller.admin.cms.SettingController.settingList()','request: \"QueryRequest{pageSize=0, pageNum=0}\"  setting: \"com.febs.cms.domain.Setting@4dbf9a21\"','127.0.0.1','2020-10-15 10:03:21','内网IP|0|0|内网IP|内网IP'),(12037,'admin','设置列表',2,'com.febs.web.controller.admin.cms.ThemeController.index()','templates: \"[{id=Light-Year-Blog, authorWebsite=http://www.febs.com, versionCode=1, updateUrl=, author=undead, version=1.0, screenshot=screenshot.png, title=Light-Year-Blog 模板, description=这是一个学习模板}, {id=layuiNetCompany, authorWebsite=http://www.febs.com, versionCode=1, updateUrl=, author=undead, version=1.0, screenshot=screenshot.png, title=layuiNetCompany 模板, description=这是一个学习模板}, {id=essence, authorWebsite=http://www.febs.com, versionCode=1, updateUrl=, author=wtsoftware, version=1.0, screenshot=screenshot.png, title=essence 模板, description=这是一个学习模板}]\"  theme: \"essence\"','127.0.0.1','2020-10-15 10:03:34','内网IP|0|0|内网IP|内网IP'),(12038,'admin','设置列表',3,'com.febs.web.controller.admin.cms.ThemeController.index()','templates: \"[{id=Light-Year-Blog, authorWebsite=http://www.febs.com, versionCode=1, updateUrl=, author=undead, version=1.0, screenshot=screenshot.png, title=Light-Year-Blog 模板, description=这是一个学习模板}, {id=layuiNetCompany, authorWebsite=http://www.febs.com, versionCode=1, updateUrl=, author=undead, version=1.0, screenshot=screenshot.png, title=layuiNetCompany 模板, description=这是一个学习模板}, {id=essence, authorWebsite=http://www.febs.com, versionCode=1, updateUrl=, author=wtsoftware, version=1.0, screenshot=screenshot.png, title=essence 模板, description=这是一个学习模板}]\"  theme: \"essence\"','127.0.0.1','2020-10-15 10:05:40','内网IP|0|0|内网IP|内网IP'),(12039,'admin','评论列表',4,'com.febs.web.controller.admin.shop.ProductCommentController.index()','','127.0.0.1','2020-10-16 00:53:02','内网IP|0|0|内网IP|内网IP'),(12040,'admin','获取商品评论列表信息',15,'com.febs.web.controller.admin.shop.ProductCommentController.productCommentList()','request: \"QueryRequest{pageSize=10, pageNum=1}\"  productComment: \"com.febs.shop.domain.ProductComment@5e7bebbf\"','127.0.0.1','2020-10-16 00:53:02','内网IP|0|0|内网IP|内网IP'),(12041,'admin','设置列表',4,'com.febs.web.controller.admin.cms.SettingController.index()','templates: \"[Ljava.lang.String;@284b7c9f\"','127.0.0.1','2020-10-16 00:53:08','内网IP|0|0|内网IP|内网IP'),(12042,'admin','获取设置列表信息',6,'com.febs.web.controller.admin.cms.SettingController.settingList()','request: \"QueryRequest{pageSize=0, pageNum=0}\"  setting: \"com.febs.cms.domain.Setting@6fcbbcb7\"','127.0.0.1','2020-10-16 00:53:08','内网IP|0|0|内网IP|内网IP'),(12043,'admin','设置列表',10,'com.febs.web.controller.admin.cms.ThemeController.index()','templates: \"[{id=Light-Year-Blog, authorWebsite=http://www.febs.com, versionCode=1, updateUrl=, author=undead, version=1.0, screenshot=screenshot.png, title=Light-Year-Blog 模板, description=这是一个学习模板}, {id=layuiNetCompany, authorWebsite=http://www.febs.com, versionCode=1, updateUrl=, author=undead, version=1.0, screenshot=screenshot.png, title=layuiNetCompany 模板, description=这是一个学习模板}, {id=essence, authorWebsite=http://www.febs.com, versionCode=1, updateUrl=, author=wtsoftware, version=1.0, screenshot=screenshot.png, title=essence 模板, description=这是一个学习模板}]\"  theme: \"essence\"','127.0.0.1','2020-10-16 00:53:27','内网IP|0|0|内网IP|内网IP'),(12044,'admin','设置更新主题',11,'com.febs.web.controller.admin.cms.ThemeController.updateTheme()','themeId: \"layuiNetCompany\"  request: com.febs.security.xss.XssHttpServletRequestWrapper@22ab21b7  response: org.springframework.security.web.header.HeaderWriterFilter$HeaderWriterResponse@357c51d4','127.0.0.1','2020-10-16 00:53:31','内网IP|0|0|内网IP|内网IP'),(12045,'admin','设置列表',5,'com.febs.web.controller.admin.cms.ThemeController.index()','templates: \"[{id=Light-Year-Blog, authorWebsite=http://www.febs.com, versionCode=1, updateUrl=, author=undead, version=1.0, screenshot=screenshot.png, title=Light-Year-Blog 模板, description=这是一个学习模板}, {id=layuiNetCompany, authorWebsite=http://www.febs.com, versionCode=1, updateUrl=, author=undead, version=1.0, screenshot=screenshot.png, title=layuiNetCompany 模板, description=这是一个学习模板}, {id=essence, authorWebsite=http://www.febs.com, versionCode=1, updateUrl=, author=wtsoftware, version=1.0, screenshot=screenshot.png, title=essence 模板, description=这是一个学习模板}]\"  theme: \"layuiNetCompany\"','127.0.0.1','2020-10-16 00:53:31','内网IP|0|0|内网IP|内网IP'),(12046,'admin','设置更新主题',8,'com.febs.web.controller.admin.cms.ThemeController.updateTheme()','themeId: \"essence\"  request: com.febs.security.xss.XssHttpServletRequestWrapper@5151624b  response: org.springframework.security.web.header.HeaderWriterFilter$HeaderWriterResponse@2e5fd455','127.0.0.1','2020-10-16 00:53:33','内网IP|0|0|内网IP|内网IP'),(12047,'admin','设置列表',3,'com.febs.web.controller.admin.cms.ThemeController.index()','templates: \"[{id=Light-Year-Blog, authorWebsite=http://www.febs.com, versionCode=1, updateUrl=, author=undead, version=1.0, screenshot=screenshot.png, title=Light-Year-Blog 模板, description=这是一个学习模板}, {id=layuiNetCompany, authorWebsite=http://www.febs.com, versionCode=1, updateUrl=, author=undead, version=1.0, screenshot=screenshot.png, title=layuiNetCompany 模板, description=这是一个学习模板}, {id=essence, authorWebsite=http://www.febs.com, versionCode=1, updateUrl=, author=wtsoftware, version=1.0, screenshot=screenshot.png, title=essence 模板, description=这是一个学习模板}]\"  theme: \"essence\"','127.0.0.1','2020-10-16 00:53:33','内网IP|0|0|内网IP|内网IP'),(12048,'admin','获取导航信息',3,'com.febs.web.controller.admin.cms.NavMenuController.index()','','127.0.0.1','2020-10-16 00:53:35','内网IP|0|0|内网IP|内网IP'),(12049,'admin','设置列表',1,'com.febs.web.controller.admin.cms.SettingController.index()','templates: \"[Ljava.lang.String;@16a4b245\"','127.0.0.1','2020-10-16 00:53:37','内网IP|0|0|内网IP|内网IP'),(12050,'admin','获取设置列表信息',3,'com.febs.web.controller.admin.cms.SettingController.settingList()','request: \"QueryRequest{pageSize=0, pageNum=0}\"  setting: \"com.febs.cms.domain.Setting@776cd74f\"','127.0.0.1','2020-10-16 00:53:37','内网IP|0|0|内网IP|内网IP'),(12051,'admin','获取导航信息',1,'com.febs.web.controller.admin.cms.NavMenuController.index()','','127.0.0.1','2020-10-16 01:13:49','内网IP|0|0|内网IP|内网IP'),(12052,'admin','获取导航信息',0,'com.febs.web.controller.admin.cms.NavMenuController.index()','','127.0.0.1','2020-10-16 01:14:28','内网IP|0|0|内网IP|内网IP'),(12053,'admin','获取导航信息',0,'com.febs.web.controller.admin.cms.NavMenuController.index()','','127.0.0.1','2020-10-16 01:16:28','内网IP|0|0|内网IP|内网IP'),(12054,'admin','获取导航信息',0,'com.febs.web.controller.admin.cms.NavMenuController.index()','','127.0.0.1','2020-10-16 01:21:05','内网IP|0|0|内网IP|内网IP'),(12055,'admin','获取导航信息',0,'com.febs.web.controller.admin.cms.NavMenuController.index()','','127.0.0.1','2020-10-16 01:22:21','内网IP|0|0|内网IP|内网IP'),(12056,'admin','修改导航',11,'com.febs.web.controller.admin.cms.NavMenuController.updateNavMenu()','navMenu: \"com.febs.cms.domain.NavMenu@7eda3939\"','127.0.0.1','2020-10-16 01:22:32','内网IP|0|0|内网IP|内网IP'),(12057,'admin','设置列表',3,'com.febs.web.controller.admin.cms.ThemeController.index()','templates: \"[{id=Light-Year-Blog, authorWebsite=http://www.febs.com, versionCode=1, updateUrl=, author=undead, version=1.0, screenshot=screenshot.png, title=Light-Year-Blog 模板, description=这是一个学习模板}, {id=layuiNetCompany, authorWebsite=http://www.febs.com, versionCode=1, updateUrl=, author=undead, version=1.0, screenshot=screenshot.png, title=layuiNetCompany 模板, description=这是一个学习模板}, {id=essence, authorWebsite=http://www.febs.com, versionCode=1, updateUrl=, author=wtsoftware, version=1.0, screenshot=screenshot.png, title=essence 模板, description=这是一个学习模板}]\"  theme: \"essence\"','127.0.0.1','2020-10-16 01:24:56','内网IP|0|0|内网IP|内网IP'),(12058,'admin','设置列表',0,'com.febs.web.controller.admin.cms.SettingController.index()','templates: \"[Ljava.lang.String;@2b06b273\"','127.0.0.1','2020-10-16 01:24:58','内网IP|0|0|内网IP|内网IP'),(12059,'admin','获取设置列表信息',3,'com.febs.web.controller.admin.cms.SettingController.settingList()','request: \"QueryRequest{pageSize=0, pageNum=0}\"  setting: \"com.febs.cms.domain.Setting@22ef644a\"','127.0.0.1','2020-10-16 01:24:58','内网IP|0|0|内网IP|内网IP'),(12060,'admin','设置列表',0,'com.febs.web.controller.admin.cms.SettingController.index()','templates: \"[Ljava.lang.String;@5e98ec46\"','127.0.0.1','2020-10-16 01:26:32','内网IP|0|0|内网IP|内网IP'),(12061,'admin','获取设置列表信息',3,'com.febs.web.controller.admin.cms.SettingController.settingList()','request: \"QueryRequest{pageSize=0, pageNum=0}\"  setting: \"com.febs.cms.domain.Setting@65bdb9f1\"','127.0.0.1','2020-10-16 01:26:32','内网IP|0|0|内网IP|内网IP'),(12062,'admin','修改设置',29,'com.febs.web.controller.admin.cms.SettingController.updateRole()','request: com.febs.security.xss.XssHttpServletRequestWrapper@695f79d1','127.0.0.1','2020-10-16 01:26:58','内网IP|0|0|内网IP|内网IP'),(12063,'admin','设置列表',1,'com.febs.web.controller.admin.cms.SettingController.index()','templates: \"[Ljava.lang.String;@37510072\"','127.0.0.1','2020-10-16 01:27:04','内网IP|0|0|内网IP|内网IP'),(12064,'admin','获取设置列表信息',3,'com.febs.web.controller.admin.cms.SettingController.settingList()','request: \"QueryRequest{pageSize=0, pageNum=0}\"  setting: \"com.febs.cms.domain.Setting@7558e016\"','127.0.0.1','2020-10-16 01:27:04','内网IP|0|0|内网IP|内网IP'),(12065,'admin','设置列表',0,'com.febs.web.controller.admin.cms.SettingController.index()','templates: \"[Ljava.lang.String;@693ad795\"','127.0.0.1','2020-10-16 01:27:22','内网IP|0|0|内网IP|内网IP'),(12066,'admin','获取设置列表信息',6,'com.febs.web.controller.admin.cms.SettingController.settingList()','request: \"QueryRequest{pageSize=0, pageNum=0}\"  setting: \"com.febs.cms.domain.Setting@21d7c61d\"','127.0.0.1','2020-10-16 01:27:23','内网IP|0|0|内网IP|内网IP'),(12067,'admin','订单列表',6,'com.febs.web.controller.admin.shop.OrderController.index()','','127.0.0.1','2020-10-16 03:06:24','内网IP|0|0|内网IP|内网IP'),(12068,'admin','获取订单列表信息',18,'com.febs.web.controller.admin.shop.OrderController.orderList()','request: com.febs.security.xss.XssHttpServletRequestWrapper@2457596f  queryRequest: \"QueryRequest{pageSize=10, pageNum=1}\"  order: \"com.febs.shop.domain.Order@429d6de6\"','127.0.0.1','2020-10-16 03:06:24','内网IP|0|0|内网IP|内网IP'),(12069,'admin','获取导航信息',3,'com.febs.web.controller.admin.cms.NavMenuController.index()','','127.0.0.1','2020-10-16 05:37:55','内网IP|0|0|内网IP|内网IP'),(12070,'admin','设置列表',8,'com.febs.web.controller.admin.cms.ThemeController.index()','templates: \"[{id=Light-Year-Blog, authorWebsite=http://www.febs.com, versionCode=1, updateUrl=, author=undead, version=1.0, screenshot=screenshot.png, title=Light-Year-Blog 模板, description=这是一个学习模板}, {id=layuiNetCompany, authorWebsite=http://www.febs.com, versionCode=1, updateUrl=, author=undead, version=1.0, screenshot=screenshot.png, title=layuiNetCompany 模板, description=这是一个学习模板}, {id=essence, authorWebsite=http://www.febs.com, versionCode=1, updateUrl=, author=wtsoftware, version=1.0, screenshot=screenshot.png, title=essence 模板, description=这是一个学习模板}]\"  theme: \"Light-Year-Blog\"','127.0.0.1','2020-10-16 05:37:56','内网IP|0|0|内网IP|内网IP'),(12071,'admin','设置列表',4,'com.febs.web.controller.admin.cms.ThemeController.index()','templates: \"[{id=Light-Year-Blog, authorWebsite=http://www.febs.com, versionCode=1, updateUrl=, author=undead, version=1.0, screenshot=screenshot.png, title=Light-Year-Blog 模板, description=这是一个学习模板}, {id=layuiNetCompany, authorWebsite=http://www.febs.com, versionCode=1, updateUrl=, author=undead, version=1.0, screenshot=screenshot.png, title=layuiNetCompany 模板, description=这是一个学习模板}, {id=essence, authorWebsite=http://www.febs.com, versionCode=1, updateUrl=, author=wtsoftware, version=1.0, screenshot=screenshot.png, title=essence 模板, description=这是一个学习模板}]\"  theme: \"Light-Year-Blog\"','127.0.0.1','2020-10-16 06:37:25','内网IP|0|0|内网IP|内网IP'),(12072,'admin','设置更新主题',11,'com.febs.web.controller.admin.cms.ThemeController.updateTheme()','themeId: \"essence\"  request: com.febs.security.xss.XssHttpServletRequestWrapper@39406ed4  response: org.springframework.security.web.header.HeaderWriterFilter$HeaderWriterResponse@1dd20b78','127.0.0.1','2020-10-16 06:37:30','内网IP|0|0|内网IP|内网IP'),(12073,'admin','设置列表',3,'com.febs.web.controller.admin.cms.ThemeController.index()','templates: \"[{id=Light-Year-Blog, authorWebsite=http://www.febs.com, versionCode=1, updateUrl=, author=undead, version=1.0, screenshot=screenshot.png, title=Light-Year-Blog 模板, description=这是一个学习模板}, {id=layuiNetCompany, authorWebsite=http://www.febs.com, versionCode=1, updateUrl=, author=undead, version=1.0, screenshot=screenshot.png, title=layuiNetCompany 模板, description=这是一个学习模板}, {id=essence, authorWebsite=http://www.febs.com, versionCode=1, updateUrl=, author=wtsoftware, version=1.0, screenshot=screenshot.png, title=essence 模板, description=这是一个学习模板}]\"  theme: \"essence\"','127.0.0.1','2020-10-16 06:37:30','内网IP|0|0|内网IP|内网IP'),(12074,'admin','获取用户信息',14,'com.febs.web.controller.admin.system.UserController.userList()','request: \"QueryRequest{pageSize=10, pageNum=1}\"  user: \"MyUser{userId=null, username=\'null\', password=\'null\', deptId=null, deptName=\'null\', email=\'null\', mobile=\'null\', status=\'null\', createTime=null, modifyTime=null, lastLoginTime=null, ssex=\'null\', theme=\'null\', avatar=\'null\', description=\'null\', roleName=\'null\'}\"','127.0.0.1','2020-10-16 07:27:10','内网IP|0|0|内网IP|内网IP'),(12075,'admin','获取用户信息',12,'com.febs.web.controller.admin.system.UserController.userList()','request: \"QueryRequest{pageSize=10, pageNum=1}\"  user: \"MyUser{userId=null, username=\'null\', password=\'null\', deptId=null, deptName=\'null\', email=\'null\', mobile=\'null\', status=\'null\', createTime=null, modifyTime=null, lastLoginTime=null, ssex=\'null\', theme=\'null\', avatar=\'null\', description=\'null\', roleName=\'null\'}\"','127.0.0.1','2020-10-16 07:27:15','内网IP|0|0|内网IP|内网IP'),(12076,'admin','获取在线用户信息',4,'com.febs.web.controller.security.SessionController.online()','','127.0.0.1','2020-10-16 07:27:57','内网IP|0|0|内网IP|内网IP'),(12077,'admin','获取定时任务信息',6,'com.febs.web.controller.quartz.JobController.index()','','127.0.0.1','2020-10-16 08:29:36','内网IP|0|0|内网IP|内网IP'),(12078,'admin','获取调度日志信息',4,'com.febs.web.controller.quartz.JobLogController.index()','','127.0.0.1','2020-10-16 08:29:37','内网IP|0|0|内网IP|内网IP'),(12079,'admin','获取分类信息',5,'com.febs.web.controller.admin.cms.ArticleCategoryController.index()','','127.0.0.1','2020-10-16 08:29:39','内网IP|0|0|内网IP|内网IP'),(12080,'admin','单页列表',6,'com.febs.web.controller.admin.cms.SinglePageController.index()','','127.0.0.1','2020-10-16 08:29:39','内网IP|0|0|内网IP|内网IP'),(12081,'admin','获取单页列表信息',28,'com.febs.web.controller.admin.cms.SinglePageController.singlePageList()','request: \"QueryRequest{pageSize=10, pageNum=1}\"  singlePage: \"com.febs.cms.domain.SinglePage@50a30186\"','127.0.0.1','2020-10-16 08:29:40','内网IP|0|0|内网IP|内网IP'),(12082,'admin','获取文章列表信息',19,'com.febs.web.controller.admin.cms.ArticleController.articleList()','request: com.febs.security.xss.XssHttpServletRequestWrapper@5392d00e  queryRequest: \"QueryRequest{pageSize=10, pageNum=1}\"  article: \"com.febs.cms.domain.Article@78c7bea1\"','127.0.0.1','2020-10-17 04:33:00','内网IP|0|0|内网IP|内网IP'),(12083,'admin','获取文章列表信息',11,'com.febs.web.controller.admin.cms.ArticleController.articleList()','request: com.febs.security.xss.XssHttpServletRequestWrapper@37f8ac29  queryRequest: \"QueryRequest{pageSize=10, pageNum=1}\"  article: \"com.febs.cms.domain.Article@73caa3dc\"','127.0.0.1','2020-10-17 04:33:02','内网IP|0|0|内网IP|内网IP'),(12084,'admin','获取文章列表信息',7,'com.febs.web.controller.admin.cms.ArticleController.articleList()','request: com.febs.security.xss.XssHttpServletRequestWrapper@6feec8b0  queryRequest: \"QueryRequest{pageSize=10, pageNum=1}\"  article: \"com.febs.cms.domain.Article@2b314c24\"','127.0.0.1','2020-10-17 04:33:18','内网IP|0|0|内网IP|内网IP'),(12085,'admin','获取文章列表信息',7,'com.febs.web.controller.admin.cms.ArticleController.articleList()','request: com.febs.security.xss.XssHttpServletRequestWrapper@22f6aafc  queryRequest: \"QueryRequest{pageSize=10, pageNum=1}\"  article: \"com.febs.cms.domain.Article@7661374b\"','127.0.0.1','2020-10-17 04:57:03','内网IP|0|0|内网IP|内网IP'),(12086,'admin','获取文章列表信息',6,'com.febs.web.controller.admin.cms.ArticleController.articleList()','request: com.febs.security.xss.XssHttpServletRequestWrapper@5d903664  queryRequest: \"QueryRequest{pageSize=10, pageNum=1}\"  article: \"com.febs.cms.domain.Article@22a90ca1\"','127.0.0.1','2020-10-17 05:22:40','内网IP|0|0|内网IP|内网IP'),(12087,'admin','获取文章列表信息',7,'com.febs.web.controller.admin.cms.ArticleController.articleList()','request: com.febs.security.xss.XssHttpServletRequestWrapper@4eb03b62  queryRequest: \"QueryRequest{pageSize=10, pageNum=1}\"  article: \"com.febs.cms.domain.Article@505c9055\"','127.0.0.1','2020-10-17 05:23:45','内网IP|0|0|内网IP|内网IP'),(12088,'admin','获取文章列表信息',6,'com.febs.web.controller.admin.cms.ArticleController.articleList()','request: com.febs.security.xss.XssHttpServletRequestWrapper@6869929e  queryRequest: \"QueryRequest{pageSize=10, pageNum=1}\"  article: \"com.febs.cms.domain.Article@75112c9e\"','127.0.0.1','2020-10-17 05:24:12','内网IP|0|0|内网IP|内网IP'),(12089,'admin','获取文章列表信息',6,'com.febs.web.controller.admin.cms.ArticleController.articleList()','request: com.febs.security.xss.XssHttpServletRequestWrapper@37397677  queryRequest: \"QueryRequest{pageSize=10, pageNum=1}\"  article: \"com.febs.cms.domain.Article@4a5e2556\"','127.0.0.1','2020-10-17 05:24:14','内网IP|0|0|内网IP|内网IP'),(12090,'admin','获取文章列表信息',5,'com.febs.web.controller.admin.cms.ArticleController.articleList()','request: com.febs.security.xss.XssHttpServletRequestWrapper@353b5608  queryRequest: \"QueryRequest{pageSize=10, pageNum=1}\"  article: \"com.febs.cms.domain.Article@4c42757a\"','127.0.0.1','2020-10-17 05:24:14','内网IP|0|0|内网IP|内网IP'),(12091,'admin','获取文章列表信息',7,'com.febs.web.controller.admin.cms.ArticleController.articleList()','request: com.febs.security.xss.XssHttpServletRequestWrapper@592caea7  queryRequest: \"QueryRequest{pageSize=10, pageNum=1}\"  article: \"com.febs.cms.domain.Article@1d65fa75\"','127.0.0.1','2020-10-17 05:25:27','内网IP|0|0|内网IP|内网IP'),(12092,'admin','获取文章列表信息',5,'com.febs.web.controller.admin.cms.ArticleController.articleList()','request: com.febs.security.xss.XssHttpServletRequestWrapper@f25054f  queryRequest: \"QueryRequest{pageSize=10, pageNum=1}\"  article: \"com.febs.cms.domain.Article@2f4ae029\"','127.0.0.1','2020-10-17 05:27:20','内网IP|0|0|内网IP|内网IP'),(12093,'admin','获取文章列表信息',4,'com.febs.web.controller.admin.cms.ArticleController.articleList()','request: com.febs.security.xss.XssHttpServletRequestWrapper@2c146e06  queryRequest: \"QueryRequest{pageSize=10, pageNum=1}\"  article: \"com.febs.cms.domain.Article@2092b55\"','127.0.0.1','2020-10-17 05:28:18','内网IP|0|0|内网IP|内网IP');
/*!40000 ALTER TABLE `t_log` ENABLE KEYS */;
UNLOCK TABLES;

--
-- Table structure for table `t_menu`
--

DROP TABLE IF EXISTS `t_menu`;
/*!40101 SET @saved_cs_client     = @@character_set_client */;
/*!50503 SET character_set_client = utf8mb4 */;
CREATE TABLE `t_menu` (
  `MENU_ID` bigint NOT NULL AUTO_INCREMENT COMMENT '菜单/按钮ID',
  `PARENT_ID` bigint NOT NULL COMMENT '上级菜单ID',
  `MENU_NAME` varchar(50) NOT NULL COMMENT '菜单/按钮名称',
  `URL` varchar(100) DEFAULT NULL COMMENT '菜单URL',
  `PERMS` text COMMENT '权限标识',
  `ICON` varchar(50) DEFAULT NULL COMMENT '图标',
  `TYPE` char(2) NOT NULL COMMENT '类型 0菜单 1按钮',
  `ORDER_NUM` bigint DEFAULT NULL COMMENT '排序',
  `CREATE_TIME` datetime NOT NULL COMMENT '创建时间',
  `MODIFY_TIME` datetime DEFAULT NULL COMMENT '修改时间',
  PRIMARY KEY (`MENU_ID`)
) ENGINE=InnoDB AUTO_INCREMENT=182 DEFAULT CHARSET=utf8;
/*!40101 SET character_set_client = @saved_cs_client */;

--
-- Dumping data for table `t_menu`
--

LOCK TABLES `t_menu` WRITE;
/*!40000 ALTER TABLE `t_menu` DISABLE KEYS */;
INSERT INTO `t_menu` VALUES (1,0,'系统管理','','','mdi mdi-airplay','0',1,'2017-12-27 16:39:07','2020-03-28 11:39:49'),(2,0,'系统监控','','','mdi mdi-cloud-sync','0',2,'2017-12-27 16:45:51','2020-03-28 11:35:05'),(3,1,'用户管理','admin/user','user:list','','0',1,'2017-12-27 16:47:13','2018-04-25 09:00:01'),(4,1,'角色管理','admin/role','role:list','mdi mdi-account-plus','0',2,'2017-12-27 16:48:09','2020-09-18 09:11:59'),(5,1,'菜单管理','admin/menu','menu:list','','0',3,'2017-12-27 16:48:57','2018-04-25 09:01:30'),(6,1,'部门管理','admin/dept','dept:list','','0',4,'2017-12-27 16:57:33','2018-04-25 09:01:40'),(8,2,'在线用户','session','session:list','','0',1,'2017-12-27 16:59:33','2018-04-25 09:02:04'),(10,2,'系统日志','admin/log','log:list','','0',3,'2017-12-27 17:00:50','2018-04-25 09:02:18'),(11,3,'新增用户','','user:add','','1',NULL,'2017-12-27 17:02:58','2020-02-01 17:05:48'),(12,3,'修改用户',NULL,'user:update',NULL,'1',NULL,'2017-12-27 17:04:07',NULL),(13,3,'删除用户',NULL,'user:delete',NULL,'1',NULL,'2017-12-27 17:04:58',NULL),(14,4,'新增角色','','role:add','','1',NULL,'2017-12-27 17:06:38','2020-09-18 09:11:19'),(15,4,'修改角色',NULL,'role:update',NULL,'1',NULL,'2017-12-27 17:06:38',NULL),(16,4,'删除角色',NULL,'role:delete',NULL,'1',NULL,'2017-12-27 17:06:38',NULL),(17,5,'新增菜单',NULL,'menu:add',NULL,'1',NULL,'2017-12-27 17:08:02',NULL),(18,5,'修改菜单',NULL,'menu:update',NULL,'1',NULL,'2017-12-27 17:08:02',NULL),(19,5,'删除菜单',NULL,'menu:delete',NULL,'1',NULL,'2017-12-27 17:08:02',NULL),(20,6,'新增部门',NULL,'dept:add',NULL,'1',NULL,'2017-12-27 17:09:24',NULL),(21,6,'修改部门',NULL,'dept:update',NULL,'1',NULL,'2017-12-27 17:09:24',NULL),(22,6,'删除部门',NULL,'dept:delete',NULL,'1',NULL,'2017-12-27 17:09:24',NULL),(23,8,'踢出用户','','session:kickout','','1',NULL,'2017-12-27 17:11:13','2018-09-06 18:45:27'),(24,10,'删除日志',NULL,'log:delete',NULL,'1',NULL,'2017-12-27 17:11:45',NULL),(64,1,'字典管理','admin/dict','dict:list','','0',NULL,'2018-01-18 10:38:25','2018-09-07 21:23:58'),(65,64,'新增字典',NULL,'dict:add',NULL,'1',NULL,'2018-01-18 19:10:08',NULL),(66,64,'修改字典',NULL,'dict:update',NULL,'1',NULL,'2018-01-18 19:10:27',NULL),(67,64,'删除字典',NULL,'dict:delete',NULL,'1',NULL,'2018-01-18 19:10:47',NULL),(101,0,'任务调度','','','mdi mdi-alarm-check','0',NULL,'2018-02-24 15:52:57','2020-03-28 11:13:56'),(102,101,'定时任务','admin/job','job:list','','0',NULL,'2018-02-24 15:53:53','2020-05-10 07:55:38'),(103,102,'新增任务',NULL,'job:add',NULL,'1',NULL,'2018-02-24 15:55:10',NULL),(104,102,'修改任务',NULL,'job:update',NULL,'1',NULL,'2018-02-24 15:55:53',NULL),(105,102,'删除任务',NULL,'job:delete',NULL,'1',NULL,'2018-02-24 15:56:18',NULL),(106,102,'暂停任务',NULL,'job:pause',NULL,'1',NULL,'2018-02-24 15:57:08',NULL),(107,102,'恢复任务',NULL,'job:resume',NULL,'1',NULL,'2018-02-24 15:58:21',NULL),(108,102,'立即执行任务',NULL,'job:run',NULL,'1',NULL,'2018-02-24 15:59:45',NULL),(109,101,'调度日志','admin/jobLog','jobLog:list','','0',NULL,'2018-02-24 16:00:45','2020-05-13 00:32:17'),(110,109,'删除日志',NULL,'jobLog:delete',NULL,'1',NULL,'2018-02-24 16:01:21',NULL),(113,2,'Redis监控','redis/info','redis:list','','0',NULL,'2018-06-28 14:29:42',NULL),(114,2,'Redis终端','redis/terminal','redis:terminal','','0',NULL,'2018-06-28 15:35:21',NULL),(117,135,'文章管理','admin/article','article:list','','0',NULL,'2020-02-03 12:02:13','2020-02-10 08:43:20'),(118,135,'分类管理','admin/category','category:list','','0',NULL,'2020-02-04 06:39:51','2020-02-10 08:43:50'),(119,118,'新增分类','','category:add','','1',NULL,'2020-02-04 06:40:54','2020-02-04 06:42:25'),(120,118,'修改分类','','category:update','','1',NULL,'2020-02-04 06:42:48',NULL),(121,118,'删除分类','','category:delete','','1',NULL,'2020-02-04 06:43:09',NULL),(122,117,'新增文章','','article:add','','1',NULL,'2020-02-04 09:40:51',NULL),(123,117,'修改文章','','article:update','','1',NULL,'2020-02-04 09:41:28',NULL),(124,117,'删除文章','','article:delete','','1',NULL,'2020-02-04 09:41:49',NULL),(125,167,'网站设置','admin/setting','setting:list','','0',NULL,'2020-02-09 01:30:18','2020-05-02 06:55:37'),(126,125,'修改设置','','setting:update','','1',NULL,'2020-02-09 01:31:17',NULL),(127,135,'单页管理','admin/singlePage','singlePage:list','','0',NULL,'2020-02-09 22:26:02','2020-02-10 08:44:17'),(128,127,'新增单页','','singlePage:add','','1',NULL,'2020-02-09 22:27:33','2020-02-09 22:32:45'),(129,127,'修改单页','','singlePage:update','','1',NULL,'2020-02-09 22:28:10','2020-02-09 22:33:01'),(130,127,'删除单页','','singlePage:delete','','1',NULL,'2020-02-09 22:28:32','2020-02-09 22:33:14'),(131,167,'导航管理','admin/navMenu','navMenu:list','','0',NULL,'2020-02-10 06:30:30','2020-05-05 19:22:33'),(132,131,'新增导航','','navMenu:add','','1',NULL,'2020-02-10 06:31:03',NULL),(133,131,'修改导航','','navMenu:update','','1',NULL,'2020-02-10 06:31:33',NULL),(134,131,'删除导航','','navMenu:delete','','1',NULL,'2020-02-10 06:31:55',NULL),(135,0,'内容管理','','','mdi mdi-auto-fix','0',NULL,'2020-02-10 08:42:46','2020-09-18 15:02:56'),(136,135,'轮播图管理','admin/banner','banner:list','','0',NULL,'2020-02-17 04:27:07',NULL),(137,136,'新增轮播图','','banner:add','','1',NULL,'2020-02-17 04:27:49',NULL),(138,136,'修改轮播图','','banner:update','','1',NULL,'2020-02-17 04:28:14',NULL),(139,136,'删除轮播图','','banner:delete','','1',NULL,'2020-02-17 04:28:38',NULL),(140,135,'友情链接','admin/friendLink','friendLink:list','','0',NULL,'2020-02-23 00:42:33','2020-02-23 01:48:47'),(141,140,'新增链接','','friendLink:add','','1',NULL,'2020-02-23 00:45:14',NULL),(142,140,'修改链接','','friendLink:update','','1',NULL,'2020-02-23 00:45:47',NULL),(143,140,'删除链接','','friendLink:delete','','1',NULL,'2020-02-23 00:46:17',NULL),(145,135,'Tag管理','admin/articleTag','articleTag:list','','0',NULL,'2020-03-13 01:34:55','2020-03-13 01:42:42'),(146,145,'新增Tag','','articleTag:add','','1',NULL,'2020-03-13 01:37:28',NULL),(147,145,'修改Tag','','articleTag:update','','1',NULL,'2020-03-13 01:38:00','2020-03-13 01:38:41'),(148,145,'删除Tag','','articleTag:delete','','1',NULL,'2020-03-13 01:38:21','2020-03-13 01:38:57'),(150,135,'文章评论','admin/articleComment','articleComment:list','','0',NULL,'2020-04-21 21:51:09','2020-06-15 11:00:05'),(151,150,'新增','','articleComment:add','','1',NULL,'2020-04-21 21:52:57',NULL),(152,150,'更新','','articleComment:update','','1',NULL,'2020-04-21 21:53:28',NULL),(153,150,'删除','','articleComment:delete','','1',NULL,'2020-04-21 21:54:02',NULL),(154,0,'商城管理','','','mdi mdi-shopping','0',NULL,'2020-04-23 23:30:15','2020-05-08 01:24:11'),(155,154,'商品分类','admin/productCategory','productCategory:list','','0',NULL,'2020-04-23 23:31:44',NULL),(156,155,'增加分类','','productCategory:add','','1',NULL,'2020-04-23 23:32:47',NULL),(157,155,'更新分类','','productCategory:update','','1',NULL,'2020-04-23 23:33:12',NULL),(158,155,'删除分类','','productCategory:delete','','1',NULL,'2020-04-23 23:33:34',NULL),(159,154,'商品','admin/product','product:list','mdi mdi-basket','0',NULL,'2020-04-24 02:53:16',NULL),(160,159,'添加商品','','product:add','','1',NULL,'2020-04-24 02:53:46',NULL),(161,159,'修改商品','','product:update','','1',NULL,'2020-04-24 02:54:04',NULL),(162,159,'删除商品','','product:delete','','1',NULL,'2020-04-24 02:54:20',NULL),(163,154,'订单','admin/order','order:list','mdi mdi-border-color','0',NULL,'2020-04-28 10:23:02','2020-04-28 10:27:08'),(164,163,'新增订单','','order:add','','1',NULL,'2020-04-28 10:24:55',NULL),(165,163,'修改订单','','order:update','','1',NULL,'2020-04-28 10:25:12',NULL),(166,163,'删除订单','','order:delete','','1',NULL,'2020-04-28 10:25:30',NULL),(167,0,'系统设置','','','mdi mdi-settings-box','0',NULL,'2020-05-02 06:53:25','2020-05-02 06:53:57'),(168,167,'主题设置','admin/theme','theme:list','','0',NULL,'2020-05-02 06:54:59',NULL),(169,168,'更新主题','','theme:update','','1',NULL,'2020-05-02 06:56:26',NULL),(170,154,'专题','admin/topic','topic:list','mdi mdi-access-point','0',NULL,'2020-05-14 16:02:51',NULL),(171,170,'新增','','topic:add','','1',NULL,'2020-05-14 16:03:23',NULL),(172,170,'修改','','topic:update','','1',NULL,'2020-05-14 16:03:49',NULL),(173,170,'删除','','topic:delete','','1',NULL,'2020-05-14 16:04:07',NULL),(174,154,'优惠券','admin/coupon','coupon:list','','0',NULL,'2020-05-26 09:53:36',NULL),(175,174,'新增优惠券','','coupon:add','','1',NULL,'2020-05-26 09:54:12',NULL),(176,174,'修改优惠券','','coupon:update','','1',NULL,'2020-05-26 09:54:34',NULL),(177,174,'删除优惠券','','coupon:delete','','1',NULL,'2020-05-26 09:54:54',NULL),(178,154,'商品评论','admin/productComment','productComment:list','mdi mdi-access-point','0',NULL,'2020-06-15 10:59:37',NULL),(179,178,'删除评论','','productComment:delete','','1',NULL,'2020-06-15 11:00:56',NULL),(180,178,'更新评论','','productComment:update','','1',NULL,'2020-06-15 11:01:34',NULL),(181,167,'swagger接口','swagger-ui.html','','mdi mdi-internet-explorer','0',NULL,'2020-09-15 06:44:33','2020-09-15 06:45:53');
/*!40000 ALTER TABLE `t_menu` ENABLE KEYS */;
UNLOCK TABLES;

--
-- Table structure for table `t_nav_menu`
--

DROP TABLE IF EXISTS `t_nav_menu`;
/*!40101 SET @saved_cs_client     = @@character_set_client */;
/*!50503 SET character_set_client = utf8mb4 */;
CREATE TABLE `t_nav_menu` (
  `id` int NOT NULL AUTO_INCREMENT,
  `parent_id` int DEFAULT NULL,
  `name` varchar(80) DEFAULT NULL,
  `seq_num` int DEFAULT NULL,
  `user_id` int DEFAULT NULL,
  `nav_url` varchar(100) DEFAULT NULL,
  `nav_status` char(1) DEFAULT NULL,
  `target` varchar(45) DEFAULT NULL COMMENT '打开方式',
  `nav_type` varchar(45) DEFAULT NULL COMMENT '关联内容类型 1.page 2.category 3.product',
  `relation_id` varchar(45) DEFAULT NULL COMMENT '关联模型的具体数据ID',
  `create_time` datetime DEFAULT NULL,
  PRIMARY KEY (`id`)
) ENGINE=InnoDB AUTO_INCREMENT=67 DEFAULT CHARSET=utf8;
/*!40101 SET character_set_client = @saved_cs_client */;

--
-- Dumping data for table `t_nav_menu`
--

LOCK TABLES `t_nav_menu` WRITE;
/*!40000 ALTER TABLE `t_nav_menu` DISABLE KEYS */;
INSERT INTO `t_nav_menu` VALUES (1,0,'首页',1,1,'/index','1','_self','page','2','2020-02-10 06:41:09'),(26,0,'新闻',4,1,'/articleCategory/xinwenzhongxin','1','_self','category','14','2020-03-03 06:58:31'),(33,26,'公司动态',1,1,'/articleCategory/gongsidongtai','1','_self','category','20','2020-03-03 07:04:49'),(35,26,'行业动态',2,1,'/articleCategory/hengyedongtai','1','_self','category','21','2020-03-03 07:05:52'),(36,26,'精彩专题',3,1,'/articleCategory/jingcaizhuanti','0','_self','category','22','2020-03-03 07:06:29'),(51,0,'武术器材',1,1,'/productCategory/wushu','1','_self','productCategory','1','2020-04-24 00:32:19'),(52,51,'刀剑',2,1,'/productCategory/wushu_daojian','1','_self','productCategory','2','2020-04-24 00:43:55'),(56,51,'服装',2,1,'/productCategory/wushufu','1','_self','productCategory','4','2020-05-14 01:36:09'),(57,0,'双11专题',1,1,'/productTopic/doubleeleven','1','_self','productTopic','2','2020-05-15 08:40:43'),(66,0,'关于我们2',7,NULL,'/page/guanyuwomen','1','_self','page','5','2020-10-14 05:52:30');
/*!40000 ALTER TABLE `t_nav_menu` ENABLE KEYS */;
UNLOCK TABLES;

--
-- Table structure for table `t_product`
--

DROP TABLE IF EXISTS `t_product`;
/*!40101 SET @saved_cs_client     = @@character_set_client */;
/*!50503 SET character_set_client = utf8mb4 */;
CREATE TABLE `t_product` (
  `id` int unsigned NOT NULL AUTO_INCREMENT COMMENT '主键ID',
  `slug` varchar(128) DEFAULT NULL COMMENT 'slug',
  `category_ids` varchar(100) DEFAULT NULL COMMENT '分类',
  `title` varchar(256) DEFAULT '' COMMENT '标题',
  `content` longtext COMMENT '内容',
  `summary` text COMMENT '摘要',
  `usp` text COMMENT '产品卖点',
  `thumbnail` varchar(512) DEFAULT NULL COMMENT '缩略图',
  `video` varchar(512) DEFAULT NULL COMMENT '视频',
  `video_cover` varchar(512) DEFAULT NULL,
  `template` varchar(50) DEFAULT NULL COMMENT '模板',
  `seq_num` int DEFAULT '0' COMMENT '排序编号',
  `user_id` int unsigned DEFAULT NULL COMMENT '商品的用户ID',
  `user_divide_type` int DEFAULT NULL COMMENT '商品的销售分成类型：0平台所有，1用户所有，2按比例分成',
  `price` decimal(10,2) DEFAULT NULL COMMENT '商品价格',
  `origin_price` decimal(10,2) DEFAULT NULL COMMENT '原始价格',
  `limited_price` decimal(10,2) DEFAULT NULL COMMENT '限时优惠价（早鸟价）',
  `limited_time` datetime DEFAULT NULL COMMENT '限时优惠截止时间',
  `product_status` char(1) DEFAULT '1' COMMENT '状态',
  `comment_status` char(1) DEFAULT '1' COMMENT '评论状态，默认允许评论',
  `comment_count` int unsigned DEFAULT '0' COMMENT '评论总数',
  `comment_time` datetime DEFAULT NULL COMMENT '最后评论时间',
  `view_count` int unsigned DEFAULT '0' COMMENT '访问量',
  `sales_count` int unsigned DEFAULT '0' COMMENT '销售量，用于放在前台显示',
  `create_time` datetime DEFAULT NULL COMMENT '创建日期',
  `modified_time` datetime DEFAULT NULL COMMENT '最后更新日期',
  `flag` varchar(256) DEFAULT NULL COMMENT '标识，通常用于对某几个商品进行标识，从而实现单独查询',
  `meta_keywords` varchar(512) DEFAULT NULL COMMENT 'SEO关键字',
  `meta_description` varchar(512) DEFAULT NULL COMMENT 'SEO描述信息',
  `remarks` text COMMENT '备注信息',
  `options` text COMMENT 'json字段扩展',
  PRIMARY KEY (`id`),
  UNIQUE KEY `slug` (`slug`),
  KEY `user_id` (`user_id`),
  KEY `created` (`create_time`),
  KEY `view_count` (`view_count`),
  KEY `order_number` (`seq_num`),
  KEY `sales_count` (`sales_count`),
  KEY `status` (`product_status`),
  KEY `flag` (`flag`(191))
) ENGINE=InnoDB AUTO_INCREMENT=17 DEFAULT CHARSET=utf8mb4 COLLATE=utf8mb4_0900_ai_ci COMMENT='商品表';
/*!40101 SET character_set_client = @saved_cs_client */;

--
-- Dumping data for table `t_product`
--

LOCK TABLES `t_product` WRITE;
/*!40000 ALTER TABLE `t_product` DISABLE KEYS */;
INSERT INTO `t_product` VALUES (1,'wushubiaoyandao','2,1','武术表演刀','<p style=\"text-align:center\"><span style=\"color:#c0392b\"><strong>商品详情介绍</strong></span></p> \n<p>关工大到关工大到关工大到关工大到关工大到关工大到关工大到关工大到关工大到关工大到关工大到关工大到关工大到关工大到关工大到关工大到关工大到关工大到关工大到关工大到关工大到关工大到关工大到关工大到关工大到关工大到关工大到关工大到关工大到关工大到</p> \n<p><strong><img alt=\"武术表演\" src=\"/demoimgs/guangongdao.jpg\"></strong></p>','productsummary','fdsafdsa','/demoimgs/guangongdao.jpg',NULL,NULL,'product.html',3,1,NULL,43.00,23.00,13.00,'2020-04-24 23:50:00','1','1',NULL,NULL,570,2,'2020-04-24 23:46:38','2020-10-15 06:06:39',NULL,'武术器材, 刀剑,表演刀','关工大到的seo描述','fdsafdsaf',NULL),(2,'huwaizhangpeng','3','户外帐篷','<p>户外帐篷户外帐篷户外帐篷户外帐篷户外帐篷户外帐篷户外帐篷户外帐篷户外帐篷</p>','productsummary','','/demoimgs/zhangpeng.jpg',NULL,NULL,'product.html',1,1,NULL,234.00,357.00,NULL,NULL,'1','1',NULL,NULL,63,0,'2020-05-14 01:41:04','2020-07-23 03:45:42',NULL,'户外帐篷','户外帐篷','',NULL),(3,'lansewushufu','4','武术服','<p>武术服武术服武术服武术服武术服</p>\r\n','productsummary','术服武术服武','/demoimgs/lansewushufu.jpg',NULL,NULL,'product.html',2,1,NULL,55.00,67.00,NULL,NULL,'1','1',NULL,NULL,66,1,'2020-05-14 02:25:00','2020-06-04 09:45:47',NULL,'武术服','','',NULL),(4,'denshanxie','3','登录鞋','<p>登录鞋登录鞋登录鞋登录鞋</p>\r\n','productsummary','鞋登录鞋登白色卖点了','/demoimgs/baisexiezi.png',NULL,NULL,'product.html',2,1,NULL,67.00,75.00,NULL,NULL,'1','1',NULL,NULL,20,0,'2020-05-14 02:29:28','2020-05-19 10:02:35',NULL,'','登录鞋','',NULL),(5,'wangyuanjing','3','望远镜','<p>望远镜望远镜望远镜望远镜望远镜望远镜望远镜望远镜望远镜</p>\r\n','productsummary','望远镜','/demoimgs/wangyuanjing.jpg',NULL,NULL,'product.html',3,1,NULL,234.00,431.00,NULL,NULL,'1','1',NULL,NULL,1,0,'2020-05-14 02:31:47','2020-05-14 02:31:47',NULL,'望远镜','望远镜','望远镜',NULL),(6,'baonuanfu','3','保暖服','<p>保暖服保暖服保暖服保暖服保暖服</p>\r\n','productsummary','暖服保暖服保暖服保暖服','/demoimgs/baonuanfu.jpg',NULL,NULL,'product.html',4,1,NULL,99.00,123.00,NULL,NULL,'1','1',NULL,NULL,4,0,'2020-05-14 02:36:23','2020-06-09 13:38:26',NULL,'服装,保暖服保暖服','保暖服保暖服','',NULL),(7,'quanjishoutao','4','拳击手套','<p>拳击手套拳击手套拳击手套</p>\r\n','productsummary','套拳击手套拳击卖点','/demoimgs/baonuanfu.jpg',NULL,NULL,'product.html',5,1,NULL,55.00,55.00,NULL,NULL,'1','1',NULL,NULL,94,0,'2020-05-14 03:26:01','2020-06-09 13:37:58',NULL,'服装,拳击手套','拳击手套','',NULL),(8,'gongluche','3','自行车','<p>自行车自行车自行车自行车自行车</p>\r ','productsummary','自行车自行车自行车自行车自行车卖点','/demoimgs/zixingchetou.png',NULL,NULL,'product.html',6,1,NULL,88.00,98.00,NULL,NULL,'1','1',NULL,NULL,18,0,'2020-05-14 03:28:17','2020-05-19 10:03:04',NULL,'记录仪','记录仪记录仪','',NULL),(9,'huwaiyizi','3','户外椅子','<p>户外椅子户外椅子户外椅子户外椅子户外椅子户外椅子户外椅子</p>\r\n','productsummary','子户外椅子户外椅卖点硬','/demoimgs/yiziyundong.png',NULL,NULL,'product.html',7,1,NULL,23.00,23.00,NULL,NULL,'1','1',NULL,NULL,43,1,'2020-05-14 03:31:03','2020-06-05 07:53:41',NULL,'户外椅子','户外椅子','',NULL),(10,'xiaobeibao','3','小背包','<p>小背包小背包小背包小背包小背包小背包</p>\r\n','productsummary','背包小背包小背包小','/demoimgs/xiaobeibao.jpg',NULL,NULL,'product.html',8,1,NULL,22.00,28.00,NULL,NULL,'1','1',NULL,NULL,44,0,'2020-05-14 03:33:16','2020-06-05 06:57:39',NULL,'小背包小背包','小背包小背包','',NULL),(11,'paobujiceshi','3,1,4','跑步机','<p>跑步机跑步机跑步机跑步机跑步机跑步机跑步机跑步机跑步机</p> \n<p>跑步机跑步机跑步机跑步机</p>','productsummary','','/demoimgs/dianzi.jpg',NULL,NULL,'product.html',1,1,NULL,345.00,567.00,NULL,NULL,'1','1',NULL,NULL,NULL,NULL,'2020-06-05 15:08:02','2020-08-26 08:16:20',NULL,'健身器械','跑步机跑步机','',NULL),(14,'sanshaoyedejian','2,1','三少爷的剑','<p>三少爷的剑三少爷的剑三少爷的剑</p>\r\n','三少爷的剑','三少爷的剑卖点是好用','/demoimgs/shenjian.png',NULL,NULL,'product.html',4,1,NULL,34.00,66.00,NULL,NULL,'1','1',NULL,NULL,NULL,NULL,'2020-06-10 00:51:50','2020-06-10 01:03:16',NULL,'刀剑,武术器材','三少爷的剑三少爷的剑','',NULL),(15,'shadaixunlian','2,1','训练沙袋','<p>训练沙袋训练沙袋训练沙袋训练沙袋</p>\r\n','训练沙袋训练沙袋训练沙袋训练沙袋','沙袋训练沙袋训练沙袋训','/demoimgs/xunlianshadai.png',NULL,NULL,'product.html',2,1,NULL,35.00,35.00,NULL,NULL,'1','1',NULL,NULL,NULL,NULL,'2020-06-13 11:32:10','2020-06-13 11:32:23',NULL,'刀剑,训练沙袋,武术器材','训练沙袋训练沙袋训练沙袋训练沙袋','',NULL),(16,'toukui','1,2,3','拳击头盔','<p>拳击头盔拳击头盔拳击头盔拳击头盔拳击头盔拳击头盔拳击头盔拳击头盔拳击头盔拳击头盔拳击头盔拳击头盔拳击头盔拳击头盔拳击头盔拳击头盔拳击头盔拳击头盔拳击头盔拳击头盔拳击头盔拳击头盔拳击头盔拳击头盔</p>\r\n','拳击头盔','拳击头盔拳击头盔拳击头盔','/demoimgs/quajitou.png',NULL,NULL,'product.html',2,1,NULL,234.00,333.00,NULL,NULL,'1','1',NULL,NULL,NULL,NULL,'2020-06-13 11:38:45','2020-06-13 11:38:45',NULL,'武术器材, 刀剑,拳击头盔','','拳击头盔拳击头盔拳击头盔',NULL);
/*!40000 ALTER TABLE `t_product` ENABLE KEYS */;
UNLOCK TABLES;

--
-- Table structure for table `t_product_category`
--

DROP TABLE IF EXISTS `t_product_category`;
/*!40101 SET @saved_cs_client     = @@character_set_client */;
/*!50503 SET character_set_client = utf8mb4 */;
CREATE TABLE `t_product_category` (
  `id` int unsigned NOT NULL AUTO_INCREMENT COMMENT '主键ID',
  `parent_id` int unsigned NOT NULL DEFAULT '0' COMMENT '父级分类的ID',
  `user_id` int unsigned DEFAULT NULL COMMENT '分类创建的用户ID',
  `slug` varchar(128) DEFAULT NULL COMMENT 'slug',
  `name` varchar(512) DEFAULT NULL COMMENT '分类名称',
  `content` text COMMENT '内容描述',
  `thumbnail` varchar(100) DEFAULT NULL COMMENT '分类缩略图',
  `summary` text COMMENT '摘要',
  `template` varchar(32) DEFAULT NULL COMMENT '模板',
  `nav_show` char(1) DEFAULT NULL COMMENT '是否显示在导航上 状态 0否 1是',
  `type` varchar(32) DEFAULT NULL COMMENT '类型，比如：分类、tag、专题',
  `icon` varchar(128) DEFAULT NULL COMMENT '图标',
  `counts` int unsigned DEFAULT '0' COMMENT '该分类的内容数量',
  `seq_num` int DEFAULT '0' COMMENT '排序编码',
  `flag` varchar(256) DEFAULT NULL COMMENT '标识',
  `meta_keywords` varchar(256) DEFAULT NULL COMMENT 'SEO关键字',
  `category_status` char(1) DEFAULT NULL COMMENT '状态 0锁定 1有效',
  `meta_description` varchar(256) DEFAULT NULL COMMENT 'SEO描述内容',
  `recommend` char(1) DEFAULT '0' COMMENT '推荐显示',
  `options` text,
  `create_time` datetime DEFAULT NULL COMMENT '创建日期',
  `modified_time` datetime DEFAULT NULL COMMENT '修改日期',
  PRIMARY KEY (`id`),
  KEY `typeslug` (`type`,`slug`),
  KEY `order_number` (`seq_num`),
  KEY `pid` (`parent_id`),
  KEY `flag` (`flag`(191))
) ENGINE=InnoDB AUTO_INCREMENT=5 DEFAULT CHARSET=utf8mb4 COLLATE=utf8mb4_0900_ai_ci COMMENT='商品分类表。标签、专题、类别等都属于category。';
/*!40101 SET character_set_client = @saved_cs_client */;

--
-- Dumping data for table `t_product_category`
--

LOCK TABLES `t_product_category` WRITE;
/*!40000 ALTER TABLE `t_product_category` DISABLE KEYS */;
INSERT INTO `t_product_category` VALUES (1,0,1,'wushu','武术器材',NULL,'',NULL,'productList.html','1',NULL,NULL,NULL,1,NULL,'武术器','1','武术器材','0',NULL,'2020-04-24 00:32:19',NULL),(2,1,1,'wushu_daojian','刀剑',NULL,'/essence/img/bg-img/bg-2.jpg',NULL,'productList.html','1',NULL,NULL,NULL,2,NULL,'武术刀','1','武术刀','1',NULL,'2020-04-24 00:43:55',NULL),(3,0,1,'sportjianshen','运动装备',NULL,'/essence/img/bg-img/bg-4.jpg',NULL,'productList.html','0',NULL,NULL,NULL,2,NULL,'','1','2','1',NULL,'2020-05-01 09:15:17',NULL),(4,1,1,'wushufu','服装',NULL,'/essence/img/bg-img/bg-3.jpg',NULL,'productList.html','1',NULL,NULL,NULL,2,NULL,'武术类服装','1','武术类服装','1',NULL,'2020-05-14 01:36:09',NULL);
/*!40000 ALTER TABLE `t_product_category` ENABLE KEYS */;
UNLOCK TABLES;

--
-- Table structure for table `t_product_category_mapping`
--

DROP TABLE IF EXISTS `t_product_category_mapping`;
/*!40101 SET @saved_cs_client     = @@character_set_client */;
/*!50503 SET character_set_client = utf8mb4 */;
CREATE TABLE `t_product_category_mapping` (
  `product_id` int unsigned NOT NULL COMMENT '商品ID',
  `category_id` int unsigned NOT NULL COMMENT '分类ID',
  PRIMARY KEY (`product_id`,`category_id`)
) ENGINE=InnoDB DEFAULT CHARSET=utf8mb4 COLLATE=utf8mb4_0900_ai_ci COMMENT='商品和分类的多对多关系表';
/*!40101 SET character_set_client = @saved_cs_client */;

--
-- Dumping data for table `t_product_category_mapping`
--

LOCK TABLES `t_product_category_mapping` WRITE;
/*!40000 ALTER TABLE `t_product_category_mapping` DISABLE KEYS */;
INSERT INTO `t_product_category_mapping` VALUES (1,1),(1,2),(2,3),(3,4),(4,3),(5,3),(6,3),(7,4),(8,3),(9,3),(10,3),(11,1),(11,3),(11,4),(12,1),(12,2),(14,1),(14,2),(15,1),(15,2),(16,1),(16,2),(16,3);
/*!40000 ALTER TABLE `t_product_category_mapping` ENABLE KEYS */;
UNLOCK TABLES;

--
-- Table structure for table `t_product_comment`
--

DROP TABLE IF EXISTS `t_product_comment`;
/*!40101 SET @saved_cs_client     = @@character_set_client */;
/*!50503 SET character_set_client = utf8mb4 */;
CREATE TABLE `t_product_comment` (
  `id` int unsigned NOT NULL AUTO_INCREMENT COMMENT '主键ID',
  `parent_id` int unsigned DEFAULT NULL COMMENT '回复的评论ID',
  `product_id` int unsigned DEFAULT NULL COMMENT '评论的产品ID',
  `title` varchar(100) DEFAULT NULL COMMENT '商品名称',
  `user_id` int unsigned DEFAULT NULL COMMENT '评论的用户ID',
  `author` varchar(128) DEFAULT NULL COMMENT '评论的作者',
  `content` text COMMENT '评论的内容',
  `reply_count` int unsigned DEFAULT '0' COMMENT '评论的回复数量',
  `seq_num` int DEFAULT '0' COMMENT '排序编号，常用语置顶等',
  `vote_up` int unsigned DEFAULT '0' COMMENT '“顶”的数量',
  `vote_down` int unsigned DEFAULT '0' COMMENT '“踩”的数量',
  `comment_status` tinyint DEFAULT NULL COMMENT '评论的状态',
  `modify_uid` int DEFAULT NULL COMMENT '更新或者审核用户的ID',
  `modify_username` varchar(100) DEFAULT NULL COMMENT '更新审核管管理员名称',
  `create_time` datetime DEFAULT NULL COMMENT '评论的时间',
  `modify_time` datetime DEFAULT NULL COMMENT '最后更新时间',
  PRIMARY KEY (`id`),
  KEY `product_id` (`product_id`),
  KEY `user_id` (`user_id`),
  KEY `status` (`comment_status`),
  KEY `pid` (`parent_id`)
) ENGINE=InnoDB AUTO_INCREMENT=14 DEFAULT CHARSET=utf8mb4 COLLATE=utf8mb4_0900_ai_ci COMMENT='商品评论表';
/*!40101 SET character_set_client = @saved_cs_client */;

--
-- Dumping data for table `t_product_comment`
--

LOCK TABLES `t_product_comment` WRITE;
/*!40000 ALTER TABLE `t_product_comment` DISABLE KEYS */;
INSERT INTO `t_product_comment` VALUES (3,NULL,1,NULL,1,'admin','fdsafdsafdsa又一个了fdsafdsafdsa又一个了fdsafdsafdsa又一个了fdsafdsafdsa又一个了fdsafdsafdsa又一个了fdsafdsafdsa又一个了fdsafdsafdsa又一个了fdsafdsafdsa又一个了fdsafdsafdsa又一个了fdsafdsafdsa又一个了fdsafdsafdsa又一个了fdsafdsafdsa又一个了fdsafdsafdsa又一个了fdsafdsafdsa又一个了fdsafdsafdsa又一个了fdsafdsafdsa又一个了fdsafdsafdsa又一个了fdsafdsafdsa又一个了fdsafdsafdsa又一个了fdsafdsafdsa又一个了fdsafdsafdsa又一个了fdsafdsafdsa又一个了fdsafdsafdsa又一个了fdsafdsafdsa又一个了fdsafdsafdsa又一个了fdsafdsafdsa又一个了fdsafdsafdsa又一个了',NULL,NULL,NULL,NULL,1,1,'admin','2020-06-15 10:28:33','2020-10-15 09:42:15'),(4,NULL,1,NULL,1,'admin','再重新发一条评论',NULL,NULL,NULL,NULL,1,NULL,NULL,'2020-06-15 10:29:29',NULL),(6,NULL,1,'武术表演刀',1,'admin','我要感受一个这个如何',NULL,NULL,NULL,NULL,1,NULL,NULL,'2020-06-15 15:02:06',NULL),(7,NULL,1,'武术表演刀',1,'admin','我现在又重新发一个需要第五空间的',NULL,NULL,NULL,NULL,1,NULL,NULL,'2020-06-15 15:18:42',NULL),(9,NULL,1,'武术表演刀',173,'wtsoftware','我试试是不是要审核 的那种',NULL,8,NULL,NULL,1,1,'admin','2020-06-16 01:56:57','2020-06-16 01:57:15'),(11,NULL,8,'自行车',1,'admin','fdasfdsafdsa',NULL,NULL,NULL,NULL,0,NULL,NULL,'2020-08-26 08:44:29',NULL),(12,NULL,8,'自行车',1,'admin','fdsafdsafdasfdas',NULL,NULL,NULL,NULL,0,NULL,NULL,'2020-08-26 08:44:51',NULL),(13,NULL,8,'自行车',1,'admin','fdsafdasfdsafdas',NULL,NULL,NULL,NULL,0,NULL,NULL,'2020-08-26 08:45:31',NULL);
/*!40000 ALTER TABLE `t_product_comment` ENABLE KEYS */;
UNLOCK TABLES;

--
-- Table structure for table `t_product_image`
--

DROP TABLE IF EXISTS `t_product_image`;
/*!40101 SET @saved_cs_client     = @@character_set_client */;
/*!50503 SET character_set_client = utf8mb4 */;
CREATE TABLE `t_product_image` (
  `id` int unsigned NOT NULL AUTO_INCREMENT,
  `product_id` int unsigned NOT NULL,
  `src` varchar(512) CHARACTER SET utf8mb4 COLLATE utf8mb4_unicode_ci NOT NULL DEFAULT '',
  `seq_num` int NOT NULL DEFAULT '0',
  `create_time` datetime DEFAULT NULL,
  PRIMARY KEY (`id`),
  KEY `productid` (`product_id`)
) ENGINE=InnoDB AUTO_INCREMENT=95 DEFAULT CHARSET=utf8mb4 COLLATE=utf8mb4_unicode_ci COMMENT='产品图片表';
/*!40101 SET character_set_client = @saved_cs_client */;

--
-- Dumping data for table `t_product_image`
--

LOCK TABLES `t_product_image` WRITE;
/*!40000 ALTER TABLE `t_product_image` DISABLE KEYS */;
INSERT INTO `t_product_image` VALUES (61,3,'/essence/img/product-img/Y8.jpg',0,'2020-06-04 09:45:47'),(62,3,'/essence/img/product-img/Y52.jpg',0,'2020-06-04 09:45:47'),(67,14,'/demoimgs/shenjian.png',0,'2020-06-10 01:03:16'),(73,15,'/demoimgs/xunlianshadai.png',1,'2020-06-13 18:25:25'),(74,15,'/demoimgs/dishadai.png',2,'2020-06-13 18:25:25'),(75,16,'/demoimgs/quajitou.png',1,'2020-06-13 18:25:25'),(76,16,'/demoimgs/quanjijing.png',3,'2020-06-13 18:25:25'),(77,9,'/demoimgs/yiziyundong.png',4,'2020-06-13 18:25:25'),(78,8,'/demoimgs/zixingchetou.png',1,'2020-06-13 18:25:25'),(79,8,'/demoimgs/zixingcheba.png',2,'2020-06-13 18:25:25'),(92,1,'/images/gallery/15.jpg',0,'2020-10-15 06:06:39'),(93,1,'/images/gallery/16.jpg',0,'2020-10-15 06:06:39'),(94,1,'/demoimgs/guangongdao.jpg',0,'2020-10-15 06:06:39');
/*!40000 ALTER TABLE `t_product_image` ENABLE KEYS */;
UNLOCK TABLES;

--
-- Table structure for table `t_product_sku`
--

DROP TABLE IF EXISTS `t_product_sku`;
/*!40101 SET @saved_cs_client     = @@character_set_client */;
/*!50503 SET character_set_client = utf8mb4 */;
CREATE TABLE `t_product_sku` (
  `id` int NOT NULL AUTO_INCREMENT,
  `product_id` int NOT NULL DEFAULT '0' COMMENT '商品表的商品ID',
  `specification_ids` varchar(55) DEFAULT NULL COMMENT '规格ID组合',
  `specification` varchar(1023) NOT NULL COMMENT '商品规格值列表，采用JSON数组格式',
  `origin_price` decimal(10,2) DEFAULT NULL,
  `price` decimal(10,2) NOT NULL DEFAULT '0.00' COMMENT '商品货品价格',
  `stock` int NOT NULL DEFAULT '0' COMMENT '商品货品数量',
  `img_url` varchar(125) DEFAULT NULL COMMENT '商品货品图片',
  `create_time` datetime DEFAULT NULL COMMENT '创建时间',
  `modified_time` datetime DEFAULT NULL COMMENT '更新时间',
  PRIMARY KEY (`id`),
  UNIQUE KEY `sku_unique` (`product_id`,`specification_ids`) COMMENT '一个商品每一个规格SKU信息只能有一个',
  KEY `product_id` (`product_id`)
) ENGINE=InnoDB AUTO_INCREMENT=364 DEFAULT CHARSET=utf8mb4 COLLATE=utf8mb4_0900_ai_ci COMMENT='商品库存表';
/*!40101 SET character_set_client = @saved_cs_client */;

--
-- Dumping data for table `t_product_sku`
--

LOCK TABLES `t_product_sku` WRITE;
/*!40000 ALTER TABLE `t_product_sku` DISABLE KEYS */;
INSERT INTO `t_product_sku` VALUES (283,4,'37','规格:40',88.00,45.00,23,'','2020-05-19 10:02:35','2020-05-19 10:02:35'),(284,4,'38','规格:41',99.00,26.00,35,'','2020-05-19 10:02:35','2020-05-19 10:02:35'),(285,8,'39','规格:常规',99.00,89.00,32,'/demoimgs/timg (1).jpeg','2020-05-19 10:03:04','2020-05-19 10:03:04'),(298,3,'61,64','颜色:蓝,尺码:M',56.00,44.00,34,'','2020-06-04 09:45:47','2020-06-04 09:45:47'),(299,3,'62,64','颜色:白,尺码:M',56.00,36.00,50,'','2020-06-04 09:45:47','2020-06-04 09:45:47'),(301,10,'68','规格:常规',19.00,12.00,22,'','2020-06-05 06:57:39','2020-06-05 06:57:39'),(302,9,'69','规格:常规',33.00,23.00,11,'','2020-06-05 07:53:41','2020-06-05 07:53:41'),(314,7,'84','规格:常规',44.00,33.00,19,'/demoimgs/quajjishoutao.jpg','2020-06-09 13:37:58','2020-06-09 13:37:58'),(315,6,'85','尺寸:S',44.00,33.00,22,'/demoimgs/baonuanfu.jpg','2020-06-09 13:38:26','2020-06-09 13:38:26'),(316,6,'86','尺寸:M',66.00,44.00,33,'/demoimgs/baonuanfu.jpg','2020-06-09 13:38:26','2020-06-09 13:38:26'),(321,12,'91','规格:标准',45.00,33.00,22,'','2020-06-10 00:41:33','2020-06-10 00:41:33'),(324,14,'94','规格:标准',45.00,33.00,21,'','2020-06-10 01:03:16','2020-06-10 01:03:16'),(336,15,'112','颜色:黑',44.00,33.00,22,'','2020-06-13 11:32:23','2020-06-13 11:32:23'),(337,15,'113','颜色:灰',55.00,44.00,32,'','2020-06-13 11:32:23','2020-06-13 11:32:23'),(338,15,'114','颜色:红',55.00,44.00,33,'','2020-06-13 11:32:23','2020-06-13 11:32:23'),(339,16,'115','颜色:黑',333.00,234.00,22,'','2020-06-13 11:38:45','2020-06-13 11:38:45'),(357,2,'148','规格:S',67.00,44.00,33,'/demoimgs/zhangpeng.jpg','2020-07-23 03:45:42','2020-07-23 03:45:42'),(358,11,'152,155','颜色:黑,尺寸:2M',44.00,22.00,33,'','2020-08-26 08:16:20','2020-08-26 08:16:20'),(359,11,'152,156','颜色:黑,尺寸:3M',77.00,56.00,34,'','2020-08-26 08:16:20','2020-08-26 08:16:20'),(360,1,'157,159,162','规格:1.2米*1.5,重量:3KG,刀柄类型:木制',25.00,23.00,11,'/demoimgs/guangongdao.jpg','2020-10-15 06:06:39','2020-10-15 06:06:39'),(361,1,'157,160,163','规格:1.2米*1.5,重量:4KG,刀柄类型:钢制',43.00,28.00,22,'/demoimgs/guangongdao.jpg','2020-10-15 06:06:39','2020-10-15 06:06:39'),(362,1,'158,160,163','规格:1.8米*1.8,重量:4KG,刀柄类型:钢制',32.00,24.00,13,'/demoimgs/guangongdao.jpg','2020-10-15 06:06:39','2020-10-15 06:06:39'),(363,1,'158,161,162','规格:1.8米*1.8,重量:5KG,刀柄类型:木制',35.00,29.00,4,'/demoimgs/guangongdao.jpg','2020-10-15 06:06:39','2020-10-15 06:06:39');
/*!40000 ALTER TABLE `t_product_sku` ENABLE KEYS */;
UNLOCK TABLES;

--
-- Table structure for table `t_product_specification`
--

DROP TABLE IF EXISTS `t_product_specification`;
/*!40101 SET @saved_cs_client     = @@character_set_client */;
/*!50503 SET character_set_client = utf8mb4 */;
CREATE TABLE `t_product_specification` (
  `id` int NOT NULL AUTO_INCREMENT,
  `product_id` int NOT NULL DEFAULT '0' COMMENT '商品表的商品ID',
  `specification` varchar(255) NOT NULL DEFAULT '' COMMENT '商品规格名称',
  `value` varchar(255) NOT NULL DEFAULT '' COMMENT '商品规格值',
  `pic_url` varchar(255) NOT NULL DEFAULT '' COMMENT '商品规格图片',
  `product_status` char(1) DEFAULT '1' COMMENT '逻辑删除',
  `create_time` datetime DEFAULT NULL COMMENT '创建时间',
  `modified_time` datetime DEFAULT NULL COMMENT '更新时间',
  PRIMARY KEY (`id`),
  KEY `product_id` (`product_id`)
) ENGINE=InnoDB AUTO_INCREMENT=357 DEFAULT CHARSET=utf8mb4 COLLATE=utf8mb4_0900_ai_ci COMMENT='商品规格表';
/*!40101 SET character_set_client = @saved_cs_client */;

--
-- Dumping data for table `t_product_specification`
--

LOCK TABLES `t_product_specification` WRITE;
/*!40000 ALTER TABLE `t_product_specification` DISABLE KEYS */;
INSERT INTO `t_product_specification` VALUES (274,5,'规格','常规','',NULL,'2020-05-14 02:31:47','2020-05-14 02:31:47'),(298,4,'规格','40,41','',NULL,'2020-05-19 10:02:35','2020-05-19 10:02:35'),(299,8,'规格','常规','',NULL,'2020-05-19 10:03:04','2020-05-19 10:03:04'),(309,3,'颜色','蓝,白','',NULL,'2020-06-04 09:45:47','2020-06-04 09:45:47'),(310,3,'尺码','S,M,L,XL','',NULL,'2020-06-04 09:45:47','2020-06-04 09:45:47'),(312,10,'规格','常规','',NULL,'2020-06-05 06:57:39','2020-06-05 06:57:39'),(313,9,'规格','常规','',NULL,'2020-06-05 07:53:41','2020-06-05 07:53:41'),(321,7,'规格','常规','',NULL,'2020-06-09 13:37:58','2020-06-09 13:37:58'),(322,6,'尺寸','S,M','',NULL,'2020-06-09 13:38:26','2020-06-09 13:38:26'),(325,12,'规格','标准','',NULL,'2020-06-10 00:41:33','2020-06-10 00:41:33'),(328,14,'规格','标准','',NULL,'2020-06-10 01:03:16','2020-06-10 01:03:16'),(336,15,'颜色','黑,灰,红','',NULL,'2020-06-13 11:32:23','2020-06-13 11:32:23'),(337,16,'颜色','黑','',NULL,'2020-06-13 11:38:45','2020-06-13 11:38:45'),(351,2,'规格','S,M,L,XL','',NULL,'2020-07-23 03:45:42','2020-07-23 03:45:42'),(352,11,'颜色','黑,银','',NULL,'2020-08-26 08:16:20','2020-08-26 08:16:20'),(353,11,'尺寸','1M,2M,3M','',NULL,'2020-08-26 08:16:20','2020-08-26 08:16:20'),(354,1,'规格','1.2米*1.5,1.8米*1.8','',NULL,'2020-10-15 06:06:39','2020-10-15 06:06:39'),(355,1,'重量','3KG,4KG,5KG','',NULL,'2020-10-15 06:06:39','2020-10-15 06:06:39'),(356,1,'刀柄类型','木制,钢制','',NULL,'2020-10-15 06:06:39','2020-10-15 06:06:39');
/*!40000 ALTER TABLE `t_product_specification` ENABLE KEYS */;
UNLOCK TABLES;

--
-- Table structure for table `t_product_specification_value`
--

DROP TABLE IF EXISTS `t_product_specification_value`;
/*!40101 SET @saved_cs_client     = @@character_set_client */;
/*!50503 SET character_set_client = utf8mb4 */;
CREATE TABLE `t_product_specification_value` (
  `id` int NOT NULL AUTO_INCREMENT,
  `product_id` int DEFAULT NULL,
  `specification_id` int DEFAULT NULL COMMENT '规格ID(t_product_specification表主键)',
  `spec_value` varchar(55) DEFAULT NULL,
  `seq_num` int DEFAULT NULL,
  `create_time` datetime DEFAULT NULL,
  PRIMARY KEY (`id`)
) ENGINE=InnoDB AUTO_INCREMENT=164 DEFAULT CHARSET=utf8;
/*!40101 SET character_set_client = @saved_cs_client */;

--
-- Dumping data for table `t_product_specification_value`
--

LOCK TABLES `t_product_specification_value` WRITE;
/*!40000 ALTER TABLE `t_product_specification_value` DISABLE KEYS */;
INSERT INTO `t_product_specification_value` VALUES (37,4,298,'40',1,NULL),(38,4,298,'41',2,NULL),(39,8,299,'常规',1,NULL),(61,3,309,'蓝',1,'2020-06-04 09:45:47'),(62,3,309,'白',2,'2020-06-04 09:45:47'),(63,3,310,'S',1,'2020-06-04 09:45:47'),(64,3,310,'M',2,'2020-06-04 09:45:47'),(65,3,310,'L',3,'2020-06-04 09:45:47'),(66,3,310,'XL',4,'2020-06-04 09:45:47'),(68,10,312,'常规',1,'2020-06-05 06:57:39'),(69,9,313,'常规',1,'2020-06-05 07:53:41'),(84,7,321,'常规',1,'2020-06-09 13:37:58'),(85,6,322,'S',1,'2020-06-09 13:38:26'),(86,6,322,'M',2,'2020-06-09 13:38:26'),(91,12,325,'标准',1,'2020-06-10 00:41:33'),(94,14,328,'标准',1,'2020-06-10 01:03:16'),(112,15,336,'黑',1,'2020-06-13 11:32:23'),(113,15,336,'灰',2,'2020-06-13 11:32:23'),(114,15,336,'红',3,'2020-06-13 11:32:23'),(115,16,337,'黑',1,'2020-06-13 11:38:45'),(148,2,351,'S',1,'2020-07-23 03:45:42'),(149,2,351,'M',2,'2020-07-23 03:45:42'),(150,2,351,'L',3,'2020-07-23 03:45:42'),(151,2,351,'XL',4,'2020-07-23 03:45:42'),(152,11,352,'黑',1,'2020-08-26 08:16:20'),(153,11,352,'银',2,'2020-08-26 08:16:20'),(154,11,353,'1M',1,'2020-08-26 08:16:20'),(155,11,353,'2M',2,'2020-08-26 08:16:20'),(156,11,353,'3M',3,'2020-08-26 08:16:20'),(157,1,354,'1.2米*1.5',1,'2020-10-15 06:06:39'),(158,1,354,'1.8米*1.8',2,'2020-10-15 06:06:39'),(159,1,355,'3KG',1,'2020-10-15 06:06:39'),(160,1,355,'4KG',2,'2020-10-15 06:06:39'),(161,1,355,'5KG',3,'2020-10-15 06:06:39'),(162,1,356,'木制',1,'2020-10-15 06:06:39'),(163,1,356,'钢制',2,'2020-10-15 06:06:39');
/*!40000 ALTER TABLE `t_product_specification_value` ENABLE KEYS */;
UNLOCK TABLES;

--
-- Table structure for table `t_product_topic`
--

DROP TABLE IF EXISTS `t_product_topic`;
/*!40101 SET @saved_cs_client     = @@character_set_client */;
/*!50503 SET character_set_client = utf8mb4 */;
CREATE TABLE `t_product_topic` (
  `id` int NOT NULL AUTO_INCREMENT,
  `slug` varchar(45) DEFAULT NULL COMMENT 'slug',
  `topic_name` varchar(45) DEFAULT NULL,
  `template` varchar(50) DEFAULT NULL COMMENT '模板',
  `detail_template` varchar(50) DEFAULT NULL COMMENT '详情页模板',
  `thumbnail` varchar(100) DEFAULT NULL COMMENT '专题缩略图',
  `seo_keywords` varchar(255) DEFAULT NULL COMMENT 'seo关键字',
  `recommend` char(1) DEFAULT NULL COMMENT '是否首页推荐(1是0否)',
  `seo_descriptions` varchar(45) DEFAULT NULL COMMENT 'seo描述',
  `descriptions` varchar(255) DEFAULT NULL COMMENT '专题描述',
  `nav_show` char(1) DEFAULT '0' COMMENT '是否导航显示(1是0否)',
  `create_time` datetime DEFAULT NULL,
  PRIMARY KEY (`id`),
  UNIQUE KEY `slug_UNIQUE` (`slug`)
) ENGINE=InnoDB AUTO_INCREMENT=4 DEFAULT CHARSET=utf8 COMMENT='商品专题(一个专题可以选择多个不同品类的商品)';
/*!40101 SET character_set_client = @saved_cs_client */;

--
-- Dumping data for table `t_product_topic`
--

LOCK TABLES `t_product_topic` WRITE;
/*!40000 ALTER TABLE `t_product_topic` DISABLE KEYS */;
INSERT INTO `t_product_topic` VALUES (2,'doubleeleven','双11专题','topicProductList.html','product.html','/essence/img/bg-img/bg-5.jpg','双11专题','1','双11专题','双11专题','1','2020-05-15 00:23:26'),(3,'prodiscount','折扣专题','topicProductList.html','product.html','/essence/img/bg-img/bg-8.jpg','折扣专题','1','折扣专题','折扣专题','0','2020-05-28 09:20:33');
/*!40000 ALTER TABLE `t_product_topic` ENABLE KEYS */;
UNLOCK TABLES;

--
-- Table structure for table `t_product_topic_mapping`
--

DROP TABLE IF EXISTS `t_product_topic_mapping`;
/*!40101 SET @saved_cs_client     = @@character_set_client */;
/*!50503 SET character_set_client = utf8mb4 */;
CREATE TABLE `t_product_topic_mapping` (
  `id` int NOT NULL AUTO_INCREMENT,
  `topic_id` int DEFAULT NULL COMMENT '专题ID',
  `product_id` int DEFAULT NULL COMMENT '商品ID',
  PRIMARY KEY (`id`),
  UNIQUE KEY `tpunix` (`topic_id`,`product_id`)
) ENGINE=InnoDB AUTO_INCREMENT=14 DEFAULT CHARSET=utf8 COMMENT='专题和商品关联表';
/*!40101 SET character_set_client = @saved_cs_client */;

--
-- Dumping data for table `t_product_topic_mapping`
--

LOCK TABLES `t_product_topic_mapping` WRITE;
/*!40000 ALTER TABLE `t_product_topic_mapping` DISABLE KEYS */;
INSERT INTO `t_product_topic_mapping` VALUES (10,2,1),(6,2,2),(1,2,3),(8,2,7),(9,2,10),(11,3,8),(12,3,9),(13,3,10);
/*!40000 ALTER TABLE `t_product_topic_mapping` ENABLE KEYS */;
UNLOCK TABLES;

--
-- Table structure for table `t_role`
--

DROP TABLE IF EXISTS `t_role`;
/*!40101 SET @saved_cs_client     = @@character_set_client */;
/*!50503 SET character_set_client = utf8mb4 */;
CREATE TABLE `t_role` (
  `ROLE_ID` bigint NOT NULL AUTO_INCREMENT COMMENT '角色ID',
  `ROLE_NAME` varchar(100) NOT NULL COMMENT '角色名称',
  `REMARK` varchar(100) DEFAULT NULL COMMENT '角色描述',
  `CREATE_TIME` datetime NOT NULL COMMENT '创建时间',
  `MODIFY_TIME` datetime DEFAULT NULL COMMENT '修改时间',
  PRIMARY KEY (`ROLE_ID`)
) ENGINE=InnoDB AUTO_INCREMENT=5 DEFAULT CHARSET=utf8;
/*!40101 SET character_set_client = @saved_cs_client */;

--
-- Dumping data for table `t_role`
--

LOCK TABLES `t_role` WRITE;
/*!40000 ALTER TABLE `t_role` DISABLE KEYS */;
INSERT INTO `t_role` VALUES (1,'admin','超级管理员','2017-12-27 16:23:11','2020-09-15 06:45:29'),(2,'user','注册用户','2018-09-04 16:23:09','2020-05-12 22:35:05'),(4,'manager','普通管理员','2020-06-02 16:00:51','2020-09-18 02:14:14');
/*!40000 ALTER TABLE `t_role` ENABLE KEYS */;
UNLOCK TABLES;

--
-- Table structure for table `t_role_menu`
--

DROP TABLE IF EXISTS `t_role_menu`;
/*!40101 SET @saved_cs_client     = @@character_set_client */;
/*!50503 SET character_set_client = utf8mb4 */;
CREATE TABLE `t_role_menu` (
  `ROLE_ID` bigint NOT NULL COMMENT '角色ID',
  `MENU_ID` bigint NOT NULL COMMENT '菜单/按钮ID'
) ENGINE=InnoDB DEFAULT CHARSET=utf8;
/*!40101 SET character_set_client = @saved_cs_client */;

--
-- Dumping data for table `t_role_menu`
--

LOCK TABLES `t_role_menu` WRITE;
/*!40000 ALTER TABLE `t_role_menu` DISABLE KEYS */;
INSERT INTO `t_role_menu` VALUES (1,2),(1,3),(1,67),(1,1),(1,4),(1,5),(1,6),(1,20),(1,21),(1,22),(1,10),(1,8),(1,66),(1,11),(1,12),(1,64),(1,13),(1,14),(1,65),(1,15),(1,16),(1,17),(1,18),(1,23),(1,19),(1,24),(1,101),(1,102),(1,103),(1,104),(1,105),(1,106),(1,107),(1,108),(1,109),(1,110),(1,113),(1,114),(1,117),(1,118),(1,119),(1,120),(1,121),(1,122),(1,123),(1,124),(1,125),(1,126),(1,127),(1,128),(1,129),(1,130),(1,131),(1,132),(1,133),(1,134),(1,135),(1,136),(1,137),(1,138),(1,139),(1,140),(1,141),(1,142),(1,143),(1,145),(1,146),(1,147),(1,148),(1,150),(1,151),(1,152),(1,153),(1,154),(1,155),(1,156),(1,157),(1,158),(1,159),(1,160),(1,161),(1,162),(1,163),(1,164),(1,165),(1,166),(1,167),(1,168),(1,169),(1,170),(1,171),(1,172),(1,173),(1,174),(1,175),(1,176),(1,177),(1,178),(1,179),(1,180),(1,181),(4,3),(4,117),(4,118),(4,127),(4,136),(4,1),(4,135),(4,154),(4,159);
/*!40000 ALTER TABLE `t_role_menu` ENABLE KEYS */;
UNLOCK TABLES;

--
-- Table structure for table `t_settings`
--

DROP TABLE IF EXISTS `t_settings`;
/*!40101 SET @saved_cs_client     = @@character_set_client */;
/*!50503 SET character_set_client = utf8mb4 */;
CREATE TABLE `t_settings` (
  `id` int NOT NULL AUTO_INCREMENT,
  `t_key` varchar(100) DEFAULT NULL,
  `t_value` varchar(100) DEFAULT NULL,
  PRIMARY KEY (`id`)
) ENGINE=InnoDB AUTO_INCREMENT=13 DEFAULT CHARSET=utf8;
/*!40101 SET character_set_client = @saved_cs_client */;

--
-- Dumping data for table `t_settings`
--

LOCK TABLES `t_settings` WRITE;
/*!40000 ALTER TABLE `t_settings` DISABLE KEYS */;
INSERT INTO `t_settings` VALUES (1,'theme','essence'),(2,'version','1.1'),(3,'site_name','测试网站'),(4,'domain',''),(5,'site_logo',''),(7,'site_copyright','该模板版权归 layui.com 所有'),(8,'site_phone','1368183940'),(9,'site_email','rewrewfd@123.com'),(10,'site_icp','Copyright © 2016-2018 ICP 备888888号'),(12,'site_address','1368183940');
/*!40000 ALTER TABLE `t_settings` ENABLE KEYS */;
UNLOCK TABLES;

--
-- Table structure for table `t_single_page`
--

DROP TABLE IF EXISTS `t_single_page`;
/*!40101 SET @saved_cs_client     = @@character_set_client */;
/*!50503 SET character_set_client = utf8mb4 */;
CREATE TABLE `t_single_page` (
  `id` int NOT NULL AUTO_INCREMENT,
  `title` varchar(100) DEFAULT NULL,
  `slug` varchar(120) DEFAULT NULL COMMENT 'slug',
  `keywords` varchar(100) DEFAULT NULL,
  `description` varchar(100) DEFAULT NULL,
  `author` varchar(45) DEFAULT NULL,
  `seq_num` int DEFAULT NULL,
  `user_id` int DEFAULT NULL,
  `template` varchar(100) DEFAULT NULL,
  `page_status` char(1) DEFAULT NULL,
  `nav_show` char(1) DEFAULT NULL COMMENT '是否显示在导航上 状态 0否 1是',
  `summary` text COMMENT '内容摘要',
  `content` text,
  `create_time` datetime DEFAULT NULL,
  PRIMARY KEY (`id`),
  UNIQUE KEY `pinyin_name_UNIQUE` (`slug`)
) ENGINE=InnoDB AUTO_INCREMENT=10 DEFAULT CHARSET=utf8;
/*!40101 SET character_set_client = @saved_cs_client */;

--
-- Dumping data for table `t_single_page`
--

LOCK TABLES `t_single_page` WRITE;
/*!40000 ALTER TABLE `t_single_page` DISABLE KEYS */;
INSERT INTO `t_single_page` VALUES (2,'首页','index','index,keywords','index描述','admin',2,NULL,'index.html','1',NULL,NULL,'<p>/html/newsDetail.html/html/newsDetail.html/html/newsDetail.html/html/newsDetail.html/html/newsDetail.html/html/newsDetail.html</p>','2020-02-10 02:43:59'),(5,'关于我们2','guanyuwomen','jonausre','91年12月由河北人民出版社出版发行','admin',7,NULL,'page.html','1','1',NULL,'<p>《中华武术器械大全》1991年12月由河北人民出版社出版发行。本书以早期青铜兵器与宋代前后的各种兵器为基础，以近代兵器与现代《中华武术器械大全》</p> \n<p>&nbsp;</p> \n<p>《中华武术器械大全》</p> \n<p>剑、刀、枪、棍棒、戟、叉、拐、斧、钺等进行系统编绘，共收有各种古兵器和武术器械1200余种。剑、刀、枪、棍棒、戟、叉、拐、斧、钺等进行系统编绘，共收有各种古兵器和武术器械1200余种</p> \n<p>&nbsp;</p> \n<p>&nbsp;</p> \n<p>&nbsp;</p> \n<p>&nbsp;</p> \n<p>&nbsp;</p> \n<p>&nbsp;</p> \n<p>&nbsp;</p> \n<p>&nbsp;</p> \n<p>《中华武术器械大全》</p> \n<p>剑、刀、枪、棍棒、戟、叉、拐、斧、钺等进行系统编绘，共收有各种古兵器和武术器械1200余种。剑、刀、枪、棍棒、戟、叉、拐、斧、钺等进行系统编绘，共收有各种古兵器和武术器械1200余种</p> \n<p>《中华武术器械大全》</p> \n<p>剑、刀、枪、棍棒、戟、叉、拐、斧、钺等进行系统编绘，共收有各种古兵器和武术器械1200余种。剑、刀、枪、棍棒、戟、叉、拐、斧、钺等进行系统编绘，共收有各种古兵器和武术器械1200余种</p> \n<p>《中华武术器械大全》</p> \n<p>剑、刀、枪、棍棒、戟、叉、拐、斧、钺等进行系统编绘，共收有各种古兵器和武术器械1200余种。剑、刀、枪、棍棒、戟、叉、拐、斧、钺等进行系统编绘，共收有各种古兵器和武术器械1200余种</p> \n<p>《中华武术器械大全》</p> \n<p>剑、刀、枪、棍棒、戟、叉、拐、斧、钺等进行系统编绘，共收有各种古兵器和武术器械1200余种。剑、刀、枪、棍棒、戟、叉、拐、斧、钺等进行系统编绘，共收有各种古兵器和武术器械1200余种</p> \n<p>《中华武术器械大全》</p> \n<p>剑、刀、枪、棍棒、戟、叉、拐、斧、钺等进行系统编绘，共收有各种古兵器和武术器械1200余种。剑、刀、枪、棍棒、戟、叉、拐、斧、钺等进行系统编绘，共收有各种古兵器和武术器械1200余种</p> \n<p>《中华武术器械大全》</p> \n<p>剑、刀、枪、棍棒、戟、叉、拐、斧、钺等进行系统编绘，共收有各种古兵器和武术器械1200余种。剑、刀、枪、棍棒、戟、叉、拐、斧、钺等进行系统编绘，共收有各种古兵器和武术器械1200余种</p> \n<p>《中华武术器械大全》</p> \n<p>剑、刀、枪、棍棒、戟、叉、拐、斧、钺等进行系统编绘，共收有各种古兵器和武术器械1200余种。剑、刀、枪、棍棒、戟、叉、拐、斧、钺等进行系统编绘，共收有各种古兵器和武术器械1200余种</p> \n<p>《中华武术器械大全》</p> \n<p>剑、刀、枪、棍棒、戟、叉、拐、斧、钺等进行系统编绘，共收有各种古兵器和武术器械1200余种。剑、刀、枪、棍棒、戟、叉、拐、斧、钺等进行系统编绘，共收有各种古兵器和武术器械1200余种</p> \n<p>&nbsp;</p> \n<p>&nbsp;</p> \n<p>&nbsp;</p> \n<p>&nbsp;</p> \n<p>&nbsp;</p> \n<p>&nbsp;</p> \n<p>&nbsp;</p> \n<p>&nbsp;</p> \n<p>&nbsp;</p> \n<p>&nbsp;</p> \n<p>&nbsp;</p> \n<p>&nbsp;</p> \n<p>&nbsp;</p> \n<p>&nbsp;</p> \n<p>&nbsp;</p> \n<p>&nbsp;</p> \n<p>《中华武术器械大全》</p> \n<p>剑、刀、枪、棍棒、戟、叉、拐、斧、钺等进行系统编绘，共收有各种古兵器和武术器械1200余种。剑、刀、枪、棍棒、戟、叉、拐、斧、钺等进行系统编绘，共收有各种古兵器和武术器械1200余种</p> \n<p>《中华武术器械大全》</p> \n<p>剑、刀、枪、棍棒、戟、叉、拐、斧、钺等进行系统编绘，共收有各种古兵器和武术器械1200余种。剑、刀、枪、棍棒、戟、叉、拐、斧、钺等进行系统编绘，共收有各种古兵器和武术器械1200余种</p> \n<p>《中华武术器械大全》</p> \n<p>剑、刀、枪、棍棒、戟、叉、拐、斧、钺等进行系统编绘，共收有各种古兵器和武术器械1200余种。剑、刀、枪、棍棒、戟、叉、拐、斧、钺等进行系统编绘，共收有各种古兵器和武术器械1200余种</p>','2020-03-03 07:13:28'),(7,'登录','denglu','登录','登录','admin',5,NULL,'login.html','1','0',NULL,'<p>登录</p>\r\n','2020-03-06 06:05:20'),(8,'注册','zhuce','注册','注册','admin',7,NULL,'register.html','1','0',NULL,'<p>注册</p>\r\n','2020-03-06 06:12:42'),(9,'隐藏协议','yinsixieyi','隐藏协议','隐藏协议隐藏协议隐藏协议','admin',1,NULL,'page.html','1','0',NULL,'<p style=\"margin-left:16px; margin-right:16px; text-align:justify\"><span style=\"font-size:14px\"><span style=\"color:#444444\"><span style=\"font-size:16px\">一、</span><strong><span style=\"font-size:18px\">我们收集哪些信息以及如何使用信息</span></strong></span></span></p>\r\n\r\n<p style=\"margin-left:16px; margin-right:16px; text-align:justify\"><span style=\"font-size:14px\"><span style=\"color:#444444\"><span style=\"font-size:16px\">（一）您须授权我们收集和使用您个人信息的情形</span></span></span></p>\r\n\r\n<p style=\"margin-left:16px; margin-right:16px; text-align:justify\"><span style=\"font-size:14px\"><span style=\"color:#444444\"><span style=\"font-size:16px\">收集个人信息的目的在于向您提供产品和/或服务，并且保证我们遵守适用的相关法律、法规及其他规范性文件。您有权自行选择是否提供该信息，但多数情况下，如果您不提供，我们可能无法向您提供相应的服务，也无法回应您遇到的问题。这些功能包括：</span></span></span></p>\r\n\r\n<p style=\"margin-left:24px; text-align:justify\"><span style=\"font-size:14px\"><span style=\"color:#444444\"><span style=\"font-size:16px\">1.&nbsp;&nbsp;&nbsp;&nbsp;&nbsp;</span><span style=\"font-size:16px\">实现网上购物所必须的功能</span></span></span></p>\r\n\r\n<p style=\"margin-left:48px; text-align:justify\"><span style=\"font-size:14px\"><span style=\"color:#444444\"><span style=\"font-size:16px\">（1）&nbsp;&nbsp;&nbsp;</span><span style=\"font-size:16px\">商品信息展示和搜索</span></span></span></p>\r\n\r\n<p style=\"margin-left:16px; margin-right:16px; text-align:justify\"><span style=\"font-size:14px\"><span style=\"color:#444444\"><span style=\"font-size:16px\">为了让您快速地找到您所需要的商品，我们可能会收集您使用我们的产品与/或服务的设备信息（包括设备型号、设备标识、操作系统和小米商城的版本信息、语言设置、手机屏幕尺寸及分辨率、运营商信息）、浏览器类型来为您提供商品信息展示的最优方式。我们也会为了不断改进和优化上述的功能来使用您的上述个人信息。</span></span></span></p>\r\n\r\n<p style=\"margin-left:16px; margin-right:16px; text-align:justify\"><span style=\"font-size:14px\"><span style=\"color:#444444\"><span style=\"font-size:16px\">您也可以通过搜索来精准地找到您所需要的商品或服务。我们会保留您的搜索内容以方便您重复输入或为您展示与您搜索内容相关联的商品。请您注意，您的搜索关键词信息无法单独识别您的身份，不属于您的个人信息，我们有权以任何的目的对其进行使用；只有当您的搜索关键词信息与您的其他信息相互结合使用并可以识别您的身份时，则在结合使用期间，我们会将您的搜索关键词信息作为您的个人信息，与您的搜索历史记录一同按照本隐私政策对其进行处理与保护。</span></span></span></p>\r\n\r\n<p style=\"margin-left:48px; text-align:justify\"><span style=\"font-size:14px\"><span style=\"color:#444444\"><span style=\"font-size:16px\">（2）&nbsp;&nbsp;&nbsp;</span><span style=\"font-size:16px\">下单</span></span></span></p>\r\n\r\n<p style=\"margin-left:16px; margin-right:16px; text-align:justify\"><span style=\"font-size:14px\"><span style=\"color:#444444\"><span style=\"font-size:16px\">当您准备对您购物车内的商品进行结算时，系统会生成您购买该商品的订单。您需要在订单中至少填写您的<strong>收货人姓名、收货地址以及手机号码</strong>，同时该订单中会载明<strong>订单号、您所购买的商品或服务信息、您应支付的货款金额及支付方式</strong>；您可以另外填写收货人的<strong>固定电话、邮箱地址信息</strong>以增加更多的联系方式确保商品可以准确送达，但不填写这些信息不影响您订单的生成。此外，购买物品的清单用于打印发票，并使您能够确定包裹中的物品。</span></span></span></p>\r\n\r\n<p style=\"margin-left:16px; margin-right:16px; text-align:justify\"><span style=\"font-size:14px\"><span style=\"color:#444444\"><span style=\"font-size:16px\">您在小米商城上购买手机号卡或合约机、充值话费、申请节能补贴等业务时，您还可能需要根据国家法律法规或服务提供方（包括基础电信运营商、移动转售运营商等）的要求提供您的实名信息，这些实名信息可能包括您的身份信息（比如您的<strong>身份证、军官证、工作居住证、护照、驾驶证等载明您身份的证件复印件或号码</strong>）、<strong>您本人的照片或视频、姓名、电话号码</strong>等。当您购买全屋定制服务时，我们还会收集您主动提供的<strong>房屋地址、姓名、电话</strong>、新媒体账号（选填）用于与您联系上门时间和地点，以及户型、房屋状态、采购预算信息用于为您定制方案。这些订单中将可能包含您的设备安装地址（可能是您的家庭地址）等信息。您在购买手机意外险的时候，我们还需要您提供手机IMEI。</span></span></span></p>\r\n\r\n<p style=\"margin-left:16px; margin-right:16px; text-align:justify\"><span style=\"font-size:14px\"><span style=\"color:#444444\"><span style=\"font-size:16px\">上述所有信息构成您的“订单信息”。若您购买的商品或服务属于小米商城自营的，为帮助您实现订单相关服务，我们将使用您的订单信息来进行您的身份核验、确定交易、支付结算、完成配送、为您查询和展示订单详情以及提供客服咨询与售后服务。若您购买的商品或服务由第三方商家直接提供，且商品的配送、客服与售后服务由此类商家为您提供，则我们会将您的订单信息提供给此类商家来实现此类目的。若第三方商家委托小米商城提供上述的配送、客服与售后服务，我们也会使用您的订单信息来为您提供此类服务。</span></span></span></p>\r\n\r\n<p style=\"margin-left:48px; text-align:justify\"><span style=\"font-size:14px\"><span style=\"color:#444444\"><span style=\"font-size:16px\">（3）&nbsp;&nbsp;&nbsp;</span><span style=\"font-size:16px\">支付功能</span></span></span></p>\r\n\r\n<p style=\"margin-left:16px; margin-right:16px; text-align:justify\"><span style=\"font-size:14px\"><span style=\"color:#444444\"><span style=\"font-size:16px\">在您下单后，您可以选择小米商城的关联方或与小米商城合作的第三方支付机构（包括小米支付、微信支付、支付宝及银联等支付通道，以下称“支付机构”）所提供的支付服务。支付功能本身并不收集您的个人信息，但我们需要将您的订单号与交易金额信息与这些支付机构共享以实现其确认您的支付指令并完成支付。</span></span></span></p>\r\n\r\n<p style=\"margin-left:48px; text-align:justify\"><span style=\"font-size:14px\"><span style=\"color:#444444\"><span style=\"font-size:16px\">（4）&nbsp;&nbsp;&nbsp;</span><span style=\"font-size:16px\">交付产品或服务功能</span></span></span></p>\r\n\r\n<p style=\"margin-left:16px; margin-right:16px; text-align:justify\"><span style=\"font-size:14px\"><span style=\"color:#444444\"><span style=\"font-size:16px\">在当您下单并选择货到付款或在线完成支付后，与小米商城合作的第三方配送公司（包括顺丰等，以下称“配送公司”）将为您完成订单的交付。您知晓并同意与小米商城合作的第三方配送公司会在上述环节内使用您的订单信息以保证您的订购的商品能够安全送达。</span></span></span></p>\r\n\r\n<p style=\"margin-left:48px; text-align:justify\"><span style=\"font-size:14px\"><span style=\"color:#444444\"><span style=\"font-size:16px\">（5）&nbsp;&nbsp;&nbsp;</span><span style=\"font-size:16px\">客服与售后功能</span></span></span></p>\r\n\r\n<p style=\"margin-left:16px; margin-right:16px; text-align:justify\"><span style=\"font-size:14px\"><span style=\"color:#444444\"><span style=\"font-size:16px\">我们的电话客服和售后功能会使用您的账号信息和订单信息。为保证您的账号安全，我们的呼叫中心客服和在线客服会使用您的账号信息与您核验您的身份。当您需要我们提供与您订单信息相关的客服与售后服务时，我们将会查询您的订单信息。您有可能会在与我们的客服人员沟通时，提供给出上述信息外的其他信息，如当您要求我们变更配送地址、联系人或联系电话。</span></span></span></p>\r\n\r\n<p style=\"margin-left:16px; margin-right:16px; text-align:justify\"><span style=\"font-size:14px\"><span style=\"color:#444444\"><span style=\"font-size:16px\">您可以通过您设备的IMEI或SN码来查询和申请商品的售后服务。</span></span></span></p>\r\n\r\n<p style=\"margin-left:28px; text-align:justify\"><span style=\"font-size:14px\"><span style=\"color:#444444\"><span style=\"font-size:16px\">2.&nbsp;&nbsp;&nbsp;&nbsp;&nbsp;&nbsp;&nbsp;</span><span style=\"font-size:16px\">保障交易安全所必须的功能</span></span></span></p>\r\n\r\n<p style=\"margin-left:16px; margin-right:16px; text-align:justify\"><span style=\"font-size:14px\"><span style=\"color:#444444\"><span style=\"font-size:16px\">为提高您使用我们的产品与/或服务时系统的安全性，更准确地预防钓鱼网站欺诈和保护账户安全，我们可能会通过了解您的账号信息、浏览信息、订单信息、您常用的软件信息、设备信息等手段来判断您的账号风险，并可能会记录一些我们认为有风险的链接（“URL”）；我们也会收集您的设备信息（MAC地址、客户端的IP地址、蓝牙开关状态）打击刷单等不正当购买行为。</span></span></span></p>\r\n\r\n<p style=\"margin-left:16px; margin-right:16px; text-align:justify\"><span style=\"font-size:14px\"><span style=\"color:#444444\"><span style=\"font-size:16px\">（二）您可选择是否授权我们收集和使用您的个人信息的情形</span></span></span></p>\r\n\r\n<p style=\"margin-left:16px; margin-right:16px; text-align:justify\"><span style=\"font-size:14px\"><span style=\"color:#444444\"><span style=\"font-size:16px\">1</span><span style=\"font-size:16px\">、为使您购物更便捷或更有乐趣，从而提升您在小米商城的网上购物体验，我们的以下附加功能中可能会收集和使用您的个人信息。如果您不提供这些个人信息，您依然可以进行网上购物，但您可能无法使用这些可以为您所带来购物乐趣的附加功能或在购买某些商品时需要重复填写一些信息。这些附加功能包括：</span></span></span></p>\r\n\r\n<p style=\"margin-left:16px; margin-right:16px; text-align:justify\"><span style=\"font-size:14px\"><span style=\"color:#444444\"><span style=\"font-size:16px\">（1）基于位置信息的附加功能：我们会收集您的位置信息（我们仅收集您当时所处的地理位置，但不会将您各时段的位置信息进行结合以判断您的行踪轨迹）来判断您所处的地点，自动为您推荐您所在区域可以购买的商品或服务；用来计算所在区域是否有区域库存；用于计算所在城市的米家和售后服务网店的距离；新建和修改地址时帮助您快速选择当前地址。</span></span></span></p>\r\n\r\n<p style=\"margin-left:16px; margin-right:16px; text-align:justify\"><span style=\"font-size:14px\"><span style=\"color:#444444\"><span style=\"font-size:16px\">（2）基于摄像头（相机）的附加功能：您可以使用这个附加功能实现扫一扫、录制视频商品评价、录制短视频内容、通过拍摄照片/视频向客服描述问题的功能。</span></span></span></p>\r\n\r\n<p style=\"margin-left:16px; margin-right:16px; text-align:justify\"><span style=\"font-size:14px\"><span style=\"color:#444444\"><span style=\"font-size:16px\">（3）基于图片上传的附加功能：您可以在小米商城上传图片商品评价、通过图片向客服描述的问题、上传短视频内容。</span></span></span></p>\r\n\r\n<p style=\"margin-left:16px; margin-right:16px; text-align:justify\"><span style=\"font-size:14px\"><span style=\"color:#444444\"><span style=\"font-size:16px\">（4）基于通讯录信息的附加功能：我们将收集您的通讯录信息以方便您在购物时不再手动输入您通讯录中联系人的信息（比如您可以直接为通讯录中的电话号码充值）。</span></span></span></p>\r\n\r\n<p style=\"margin-left:16px; margin-right:16px; text-align:justify\"><span style=\"font-size:14px\"><span style=\"color:#444444\"><span style=\"font-size:16px\">（5）基于麦克风的附加功能：您可以使用这个附加功能完成录制视频商品评价、录制短视频内容、通过视频向客服描述问题。</span></span></span></p>\r\n\r\n<p style=\"margin-left:16px; margin-right:16px; text-align:justify\"><span style=\"font-size:14px\"><span style=\"color:#444444\"><span style=\"font-size:16px\">2</span><span style=\"font-size:16px\">、上述附加功能可能需要您在您的设备中向我们开启您的地理位置（位置信息）、相机（摄像头）、相册（图片库）、麦克风以及通讯录的访问权限，以实现这些功能所涉及的信息的收集和使用。请您注意，您开启这些权限即代表您授权我们可以收集和使用这些个人信息来实现上述的功能，您关闭权限即代表您取消了这些授权，则我们将不再继续收集和使用您的这些个人信息，也无法为您提供上述与这些授权所对应的功能。您关闭权限的决定不会影响此前基于您的授权所进行的个人信息的处理。</span></span></span></p>\r\n\r\n<p style=\"margin-left:16px; margin-right:16px; text-align:justify\"><span style=\"font-size:14px\"><span style=\"color:#444444\"><span style=\"font-size:16px\">3</span><span style=\"font-size:16px\">、个性化推荐</span></span></span></p>\r\n\r\n<p style=\"margin-left:16px; margin-right:16px; text-align:justify\"><span style=\"font-size:14px\"><span style=\"color:#444444\"><span style=\"font-size:16px\">为了给您带来个性化的商品推荐和展示，我们会收集相关数据，通过算法将您感兴趣的商品或服务信息展示给您；或在您搜索时向您展示您可能希望找到的商品。为此，我们可能会收集您的地理位置、设备机型、搜索内容、购物车商品列表、订单信息、浏览信息等信息。对于从您的各种设备上收集到的信息，我们可能会将它们进行关联，以便我们能在这些设备上为您提供一致的服务。我们可能会将来自某项服务的信息与来自其他服务的信息结合起来，以便为您提供服务、个性化内容和建议。您可以随时在设置中关闭此功能。关于更多此类信息，请查看下文的“您的权利”部分。</span></span></span></p>\r\n','2020-06-13 14:08:55');
/*!40000 ALTER TABLE `t_single_page` ENABLE KEYS */;
UNLOCK TABLES;

--
-- Table structure for table `t_user`
--

DROP TABLE IF EXISTS `t_user`;
/*!40101 SET @saved_cs_client     = @@character_set_client */;
/*!50503 SET character_set_client = utf8mb4 */;
CREATE TABLE `t_user` (
  `user_id` bigint NOT NULL AUTO_INCREMENT COMMENT '用户ID',
  `username` varchar(50) NOT NULL COMMENT '用户名',
  `password` varchar(128) NOT NULL COMMENT '密码',
  `dept_id` bigint DEFAULT NULL COMMENT '部门ID',
  `email` varchar(128) DEFAULT NULL COMMENT '邮箱',
  `mobile` varchar(20) DEFAULT NULL COMMENT '联系电话',
  `status` char(1) NOT NULL COMMENT '状态 0锁定 1有效',
  `create_time` datetime NOT NULL COMMENT '创建时间',
  `modify_time` datetime DEFAULT NULL COMMENT '修改时间',
  `last_login_time` datetime DEFAULT NULL COMMENT '最近访问时间',
  `amount` decimal(10,2) DEFAULT '0.00' COMMENT '余额',
  `ssex` char(1) DEFAULT NULL COMMENT '性别 0男 1女',
  `theme` varchar(10) DEFAULT NULL COMMENT '主题',
  `avatar` varchar(100) DEFAULT NULL COMMENT '头像',
  `description` varchar(100) DEFAULT NULL COMMENT '描述',
  PRIMARY KEY (`user_id`)
) ENGINE=InnoDB AUTO_INCREMENT=176 DEFAULT CHARSET=utf8;
/*!40101 SET character_set_client = @saved_cs_client */;

--
-- Dumping data for table `t_user`
--

LOCK TABLES `t_user` WRITE;
/*!40000 ALTER TABLE `t_user` DISABLE KEYS */;
INSERT INTO `t_user` VALUES (1,'admin','$2a$10$WRUqPfZUAhRgwaiuBPE0XeUoPZKFgGTkRjaU04dHnL99leE4kBv1W',1,'wtsoftware@163.com','17788888888','1','2018-08-22 11:37:47','2020-09-18 01:21:24','2018-08-27 21:27:18',0.00,'0','green','20180414165840.jpg','我是创始人'),(2,'scott','$2a$10$vtf0gsIpFnzs3x9kA/2fW.oV41aAXFt4e4S0vBURGuFdLJ5F7xx2W',2,'scott@qq.com','','1','2018-08-22 11:37:47','2020-06-10 09:42:59','2018-08-27 21:27:18',0.00,'0','red','20180414170003.jpg',''),(173,'wtsoftware','$2a$10$C8djWfbKEjNK8hQVfu0bUekwvICHI.b5rnfhxYuSQqLfMVxxllJkm',11,'wtsoftware@163.com',NULL,'1','2020-04-27 00:48:57','2020-09-18 01:20:51',NULL,0.00,'0','green','default.jpg',NULL);
/*!40000 ALTER TABLE `t_user` ENABLE KEYS */;
UNLOCK TABLES;

--
-- Table structure for table `t_user_address`
--

DROP TABLE IF EXISTS `t_user_address`;
/*!40101 SET @saved_cs_client     = @@character_set_client */;
/*!50503 SET character_set_client = utf8mb4 */;
CREATE TABLE `t_user_address` (
  `id` int NOT NULL AUTO_INCREMENT,
  `user_id` int DEFAULT NULL COMMENT '用户ID',
  `contact_name` varchar(100) DEFAULT NULL COMMENT '联系人',
  `contact_mobile` varchar(50) DEFAULT NULL COMMENT '联系电话',
  `zipcode` varchar(45) DEFAULT NULL COMMENT '邮编',
  `province` varchar(45) DEFAULT NULL COMMENT '省',
  `city` varchar(45) DEFAULT NULL COMMENT '市 ',
  `districts` varchar(45) DEFAULT NULL COMMENT '区县',
  `addr_details` varchar(255) DEFAULT NULL COMMENT '详细地址',
  `create_time` datetime DEFAULT NULL,
  PRIMARY KEY (`id`)
) ENGINE=InnoDB AUTO_INCREMENT=4 DEFAULT CHARSET=utf8 COMMENT='用户个人地址信息表(一个用户存在多个快递信息)';
/*!40101 SET character_set_client = @saved_cs_client */;

--
-- Dumping data for table `t_user_address`
--

LOCK TABLES `t_user_address` WRITE;
/*!40000 ALTER TABLE `t_user_address` DISABLE KEYS */;
INSERT INTO `t_user_address` VALUES (1,1,'自由','13781493310','10042','北京市','北京市市辖区','东城区','东四胡同3号','2020-05-12 03:11:00'),(3,1,'wang','137894930012','1368183940','北京市','北京市市辖区','东城区','1368183940','2020-08-19 07:23:17');
/*!40000 ALTER TABLE `t_user_address` ENABLE KEYS */;
UNLOCK TABLES;

--
-- Table structure for table `t_user_favourite`
--

DROP TABLE IF EXISTS `t_user_favourite`;
/*!40101 SET @saved_cs_client     = @@character_set_client */;
/*!50503 SET character_set_client = utf8mb4 */;
CREATE TABLE `t_user_favourite` (
  `id` int NOT NULL AUTO_INCREMENT,
  `type` varchar(45) DEFAULT NULL COMMENT '收藏类型(product,article)',
  `title` varchar(100) DEFAULT NULL COMMENT '内容标题',
  `favourite_id` int DEFAULT NULL COMMENT '所收藏的内容的主键ID',
  `user_id` int DEFAULT NULL,
  `create_time` datetime DEFAULT NULL,
  PRIMARY KEY (`id`)
) ENGINE=InnoDB AUTO_INCREMENT=8 DEFAULT CHARSET=utf8 COMMENT='用户收藏';
/*!40101 SET character_set_client = @saved_cs_client */;

--
-- Dumping data for table `t_user_favourite`
--

LOCK TABLES `t_user_favourite` WRITE;
/*!40000 ALTER TABLE `t_user_favourite` DISABLE KEYS */;
/*!40000 ALTER TABLE `t_user_favourite` ENABLE KEYS */;
UNLOCK TABLES;

--
-- Table structure for table `t_user_money_log`
--

DROP TABLE IF EXISTS `t_user_money_log`;
/*!40101 SET @saved_cs_client     = @@character_set_client */;
/*!50503 SET character_set_client = utf8mb4 */;
CREATE TABLE `t_user_money_log` (
  `id` int NOT NULL,
  `user_id` int DEFAULT NULL,
  `username` varchar(100) DEFAULT NULL,
  `amount` decimal(10,2) DEFAULT NULL COMMENT '变动金额',
  `type` int DEFAULT NULL COMMENT '交易类型(1.充值2.购物)',
  `content` varchar(45) DEFAULT NULL,
  `orderId` int DEFAULT NULL COMMENT '如果是消费，则是对应的订单号',
  `recharge_type` int DEFAULT NULL COMMENT '充值类型1.微信2支付宝3网银',
  `recharge_no` varchar(200) DEFAULT NULL COMMENT '如果是充值，则记录充值的流水号',
  `create_time` datetime DEFAULT NULL,
  PRIMARY KEY (`id`)
) ENGINE=InnoDB DEFAULT CHARSET=utf8 COMMENT='用户资金交易记录表';
/*!40101 SET character_set_client = @saved_cs_client */;

--
-- Dumping data for table `t_user_money_log`
--

LOCK TABLES `t_user_money_log` WRITE;
/*!40000 ALTER TABLE `t_user_money_log` DISABLE KEYS */;
/*!40000 ALTER TABLE `t_user_money_log` ENABLE KEYS */;
UNLOCK TABLES;

--
-- Table structure for table `t_user_order`
--

DROP TABLE IF EXISTS `t_user_order`;
/*!40101 SET @saved_cs_client     = @@character_set_client */;
/*!50503 SET character_set_client = utf8mb4 */;
CREATE TABLE `t_user_order` (
  `id` int unsigned NOT NULL AUTO_INCREMENT,
  `ns` varchar(64) CHARACTER SET utf8mb4 COLLATE utf8mb4_unicode_ci NOT NULL DEFAULT '' COMMENT '订单号',
  `product_type` varchar(32) CHARACTER SET utf8mb4 COLLATE utf8mb4_unicode_ci DEFAULT NULL COMMENT '商品的类型',
  `order_title` varchar(256) CHARACTER SET utf8mb4 COLLATE utf8mb4_unicode_ci DEFAULT '' COMMENT '商品的名称',
  `order_summary` varchar(512) CHARACTER SET utf8mb4 COLLATE utf8mb4_unicode_ci DEFAULT NULL,
  `buyer_id` int unsigned DEFAULT NULL COMMENT '购买人',
  `buyer_nickname` varchar(128) CHARACTER SET utf8mb4 COLLATE utf8mb4_unicode_ci DEFAULT NULL COMMENT '购买人昵称',
  `buyer_msg` varchar(512) CHARACTER SET utf8mb4 COLLATE utf8mb4_unicode_ci DEFAULT NULL COMMENT '用户留言',
  `delivery_fee` decimal(10,2) DEFAULT NULL COMMENT '快递费',
  `order_total_amount` decimal(10,2) DEFAULT NULL COMMENT '订单总金额，购买人员应该付款的金额(包含快递费delivery_fee)',
  `order_real_amount` decimal(10,2) DEFAULT NULL COMMENT '订单的真实金额，销售人员可以在后台修改支付金额，一般情况下 order_real_amount = order_total_amount',
  `coupon_user_id` int DEFAULT NULL COMMENT '优惠券ID',
  `coupon_amount` decimal(10,2) DEFAULT NULL COMMENT '优惠金额',
  `pay_status` tinyint DEFAULT NULL COMMENT '支付状态：1未付款、 2支付宝、3微信支付 、4网银（线上支付)5、余额支付',
  `pay_success_amount` decimal(10,2) DEFAULT NULL COMMENT '支付成功的金额',
  `pay_success_time` datetime DEFAULT NULL COMMENT '支付时间',
  `pay_success_proof` varchar(256) CHARACTER SET utf8mb4 COLLATE utf8mb4_unicode_ci DEFAULT NULL COMMENT '支付证明，手动入账时需要截图',
  `pay_success_remarks` varchar(256) CHARACTER SET utf8mb4 COLLATE utf8mb4_unicode_ci DEFAULT NULL COMMENT '支付备注',
  `payment_id` int unsigned DEFAULT NULL COMMENT '支付记录',
  `payment_outer_id` varchar(64) CHARACTER SET utf8mb4 COLLATE utf8mb4_unicode_ci DEFAULT NULL COMMENT '第三方订单号',
  `payment_outer_user` varchar(64) CHARACTER SET utf8mb4 COLLATE utf8mb4_unicode_ci DEFAULT NULL COMMENT '第三方支付用户，一般情况下是用户的openId',
  `delivery_addr_username` varchar(64) CHARACTER SET utf8mb4 COLLATE utf8mb4_unicode_ci DEFAULT NULL COMMENT '收货人地址',
  `delivery_addr_mobile` varchar(32) CHARACTER SET utf8mb4 COLLATE utf8mb4_unicode_ci DEFAULT NULL COMMENT '收货人手机号（电话）',
  `delivery_addr_province` varchar(128) CHARACTER SET utf8mb4 COLLATE utf8mb4_unicode_ci DEFAULT NULL COMMENT '收件人省',
  `delivery_addr_city` varchar(128) CHARACTER SET utf8mb4 COLLATE utf8mb4_unicode_ci DEFAULT NULL COMMENT '收件人的城市',
  `delivery_addr_district` varchar(128) CHARACTER SET utf8mb4 COLLATE utf8mb4_unicode_ci DEFAULT NULL COMMENT '收件人的区（县）',
  `delivery_addr_detail` varchar(256) CHARACTER SET utf8mb4 COLLATE utf8mb4_unicode_ci DEFAULT NULL COMMENT '收件人的详细地址',
  `delivery_addr_zipcode` varchar(32) CHARACTER SET utf8mb4 COLLATE utf8mb4_unicode_ci DEFAULT NULL COMMENT '收件人地址邮政编码',
  `invoice_id` int unsigned DEFAULT NULL COMMENT '发票',
  `invoice_status` tinyint DEFAULT NULL COMMENT '发票开具状态：1 未申请发票、 2 发票申请中、 3 发票开具中、 8 无需开具发票、 9发票已经开具',
  `remarks` text CHARACTER SET utf8mb4 COLLATE utf8mb4_unicode_ci COMMENT '管理员后台备注',
  `options` text CHARACTER SET utf8mb4 COLLATE utf8mb4_unicode_ci COMMENT 'json字段扩展',
  `trade_status` tinyint DEFAULT NULL COMMENT '交易状态：1交易中、 2交易完成（但是可以申请退款） 、3取消交易 、4申请退款、 5拒绝退款、 6退款中、 7退款完成、 9交易结束',
  `del_status` tinyint DEFAULT NULL COMMENT '删除状态：1 正常 ，2 回收站 3 已经删除',
  `modified_time` datetime DEFAULT NULL COMMENT '修改时间',
  `create_time` datetime DEFAULT NULL COMMENT '创建时间',
  PRIMARY KEY (`id`),
  UNIQUE KEY `ns` (`ns`),
  KEY `buyer_id` (`buyer_id`),
  KEY `payment_id` (`payment_id`),
  KEY `buyer_status` (`buyer_id`,`trade_status`)
) ENGINE=InnoDB AUTO_INCREMENT=34 DEFAULT CHARSET=utf8mb4 COLLATE=utf8mb4_unicode_ci COMMENT='订单表';
/*!40101 SET character_set_client = @saved_cs_client */;

--
-- Dumping data for table `t_user_order`
--

LOCK TABLES `t_user_order` WRITE;
/*!40000 ALTER TABLE `t_user_order` DISABLE KEYS */;
INSERT INTO `t_user_order` VALUES (1,'fdsafdas','prdouct','大刀','大刀管理员更新订单状态为拒绝退款,备注:null<br/>管理员更新订单状态为拒绝退款,备注:不好意思已经发货了。<br/>2020-06-02 18:39:00管理员更新订单状态为退款中,备注:好的，我已经在准备退款,完成以后，我会更新状态<br/>2020-06-02 19:12:44管理员更新订单状态为交易完成\n <br/>2020-06-02 19:13:13用户取消了订单备注:我突然不想要了，退钱吧。谢谢\n <br/>',1,'admin','练红手',NULL,222.00,222.00,NULL,22.00,3,22.00,NULL,NULL,'sdfsdafsda',NULL,NULL,NULL,'张先生','18347826819','北京市','北京市','石景山区','八宝山街道老山小区7号楼403','104001',1,1,'我着急使用，请尽快发货，感谢店家',NULL,4,0,'2020-06-02 11:12:44','2020-05-07 09:27:18'),(24,'OC464594334789152768',NULL,'关工大刀 ','null2020-06-02 18:39:47管理员更新订单状态为交易中,备注:<br/>2020-06-02 18:39:56用户取消了订单\n <br/>',1,'admin','试用一下这个订单优惠',10.00,58.00,10.00,5,50.00,1,NULL,NULL,NULL,NULL,NULL,NULL,NULL,'自由','13781493310','北京市','北京市市辖区','东城区','东四胡同3号','10042',NULL,1,NULL,NULL,3,NULL,'2020-06-02 10:39:48','2020-05-31 14:13:07'),(25,'NA464605843908997120',NULL,'武术服 ','null2020-06-02 18:58:13管理员更新订单状态为交易中\n <br/>2020-06-02 19:06:18用户取消了订单\n <br/>2020-06-02 19:07:05管理员更新订单状态为交易中\n <br/>2020-06-02 19:10:02用户取消了订单\n <br/>2020-06-02 19:10:39管理员更新订单状态为交易中\n <br/>2020-06-02 19:10:50用户取消了订单备注:我真的是型号选错了\n <br/>2020-06-02 19:11:02管理员更新订单状态为交易中\n <br/>2020-10-17 13:52:07用户确认收货，状态变更为交易结束\n <br/>',1,'admin','',10.00,46.00,46.00,NULL,0.00,2,NULL,NULL,NULL,NULL,NULL,NULL,NULL,'自由','13781493310','北京市','北京市市辖区','东城区','东四胡同3号','10042',NULL,1,NULL,NULL,9,NULL,'2020-10-17 05:52:08','2020-05-31 14:58:51'),(26,'AD465536012626702336',NULL,'关工大刀 ',NULL,1,'admin','',10.00,34.00,34.00,NULL,0.00,1,NULL,NULL,NULL,NULL,NULL,NULL,NULL,'自由','13781493310','北京市','北京市市辖区','东城区','东四胡同3号','10042',NULL,1,NULL,NULL,1,NULL,'2020-06-03 04:35:00','2020-06-03 04:35:00'),(27,'XI465663656496214016',NULL,'记录仪 ',NULL,1,'admin',NULL,10.00,99.00,99.00,NULL,0.00,3,NULL,NULL,NULL,NULL,NULL,NULL,NULL,NULL,NULL,NULL,NULL,NULL,NULL,NULL,NULL,1,NULL,NULL,2,NULL,'2020-06-13 09:04:34','2020-06-03 13:02:13'),(28,'KY465663656496214016',NULL,'记录仪 ',NULL,1,'admin',NULL,10.00,99.00,99.00,NULL,0.00,1,NULL,NULL,NULL,NULL,NULL,NULL,NULL,NULL,NULL,NULL,NULL,NULL,NULL,NULL,NULL,1,NULL,NULL,1,NULL,'2020-06-03 13:02:13','2020-06-03 13:02:13'),(29,'PE466684007569174528',NULL,'关工大刀 ','null2020-06-06 16:50:55管理员更新订单状态为交易完成\n <br/>',1,'admin','',10.00,58.00,58.00,NULL,0.00,1,NULL,NULL,NULL,NULL,NULL,NULL,NULL,'自由','13781493310','北京市','北京市市辖区','东城区','东四胡同3号','10042',NULL,1,NULL,NULL,2,NULL,'2020-06-06 08:50:56','2020-06-06 08:36:44'),(30,'YZ468590094136389632',NULL,'三少爷的剑 ',NULL,1,'admin','好好包装一下',10.00,43.00,43.00,NULL,0.00,2,NULL,NULL,NULL,NULL,NULL,NULL,NULL,'自由','13781493310','北京市','北京市市辖区','东城区','东四胡同3号','10042',NULL,1,NULL,NULL,9,NULL,'2020-06-11 14:50:50','2020-06-11 14:50:50'),(31,'KT468608572834721792',NULL,'武术服 ','2020-06-12 00:05:33用户确认收货，状态变更为交易结束\n <br/>2020-06-12 00:05:49管理员更新订单状态为交易结束\n <br/>',1,'admin','',10.00,46.00,46.00,NULL,0.00,3,NULL,NULL,NULL,NULL,NULL,NULL,NULL,'自由','13781493310','北京市','北京市市辖区','东城区','东四胡同3号','10042',NULL,1,NULL,NULL,9,NULL,'2020-06-11 16:05:50','2020-06-11 16:04:16'),(32,'JH483660382469369856',NULL,'训练沙袋 ',NULL,1,'admin','',10.00,54.00,54.00,NULL,0.00,1,NULL,NULL,NULL,NULL,NULL,NULL,NULL,'自由','13781493310','北京市','北京市市辖区','东城区','东四胡同3号','10042',NULL,1,NULL,NULL,1,NULL,'2020-07-23 04:54:47','2020-07-23 04:54:47'),(33,'KB496031400882089984',NULL,'户外椅子 ',NULL,1,'admin','',10.00,33.00,33.00,NULL,0.00,1,NULL,NULL,NULL,NULL,NULL,NULL,NULL,'自由','13781493310','北京市','北京市市辖区','东城区','东四胡同3号','10042',NULL,1,NULL,NULL,1,NULL,'2020-08-26 08:12:47','2020-08-26 08:12:47');
/*!40000 ALTER TABLE `t_user_order` ENABLE KEYS */;
UNLOCK TABLES;

--
-- Table structure for table `t_user_order_delivery`
--

DROP TABLE IF EXISTS `t_user_order_delivery`;
/*!40101 SET @saved_cs_client     = @@character_set_client */;
/*!50503 SET character_set_client = utf8mb4 */;
CREATE TABLE `t_user_order_delivery` (
  `id` int unsigned NOT NULL AUTO_INCREMENT,
  `username` varchar(50) CHARACTER SET utf8mb4 COLLATE utf8mb4_unicode_ci DEFAULT NULL COMMENT '操作用户名',
  `user_id` int DEFAULT NULL COMMENT '操作用户ID',
  `order_id` int DEFAULT NULL COMMENT '订单ID',
  `delivery_id` int DEFAULT NULL COMMENT '快递公司ID',
  `company` varchar(32) CHARACTER SET utf8mb4 COLLATE utf8mb4_unicode_ci DEFAULT NULL COMMENT '快递公司',
  `delivery_number` varchar(32) CHARACTER SET utf8mb4 COLLATE utf8mb4_unicode_ci DEFAULT NULL COMMENT '快递单号',
  `start_time` datetime DEFAULT NULL COMMENT '快递发货时间',
  `finish_time` datetime DEFAULT NULL COMMENT '快递送达时间',
  `addr_username` varchar(64) CHARACTER SET utf8mb4 COLLATE utf8mb4_unicode_ci DEFAULT NULL COMMENT '收货人地址',
  `addr_mobile` varchar(32) CHARACTER SET utf8mb4 COLLATE utf8mb4_unicode_ci DEFAULT NULL COMMENT '收货人手机号（电话）',
  `addr_province` varchar(128) CHARACTER SET utf8mb4 COLLATE utf8mb4_unicode_ci DEFAULT NULL COMMENT '收件人省',
  `addr_city` varchar(128) CHARACTER SET utf8mb4 COLLATE utf8mb4_unicode_ci DEFAULT NULL COMMENT '收件人的城市',
  `addr_district` varchar(128) CHARACTER SET utf8mb4 COLLATE utf8mb4_unicode_ci DEFAULT NULL COMMENT '收件人的区（县）',
  `addr_detail` varchar(256) CHARACTER SET utf8mb4 COLLATE utf8mb4_unicode_ci DEFAULT NULL COMMENT '收件人的详细地址',
  `addr_zipcode` varchar(32) CHARACTER SET utf8mb4 COLLATE utf8mb4_unicode_ci DEFAULT NULL COMMENT '收件人地址邮政编码',
  `delivery_status` tinyint DEFAULT NULL COMMENT '发货状态1.已发货(待运输)2.运输中3.已收货',
  `remarks` text CHARACTER SET utf8mb4 COLLATE utf8mb4_unicode_ci COMMENT '运输信息备注',
  `options` text CHARACTER SET utf8mb4 COLLATE utf8mb4_unicode_ci COMMENT 'json字段扩展',
  `modified_time` datetime DEFAULT NULL COMMENT '修改时间',
  `create_time` datetime DEFAULT NULL COMMENT '创建时间',
  PRIMARY KEY (`id`)
) ENGINE=InnoDB AUTO_INCREMENT=17 DEFAULT CHARSET=utf8mb4 COLLATE=utf8mb4_unicode_ci COMMENT='发货信息表';
/*!40101 SET character_set_client = @saved_cs_client */;

--
-- Dumping data for table `t_user_order_delivery`
--

LOCK TABLES `t_user_order_delivery` WRITE;
/*!40000 ALTER TABLE `t_user_order_delivery` DISABLE KEYS */;
INSERT INTO `t_user_order_delivery` VALUES (3,'admin',1,1,2,'申通快递','ST001234','2018-08-27 21:27:18','2018-08-27 21:27:18','张先生','18347826819','北京市','北京市','石景山区','八宝山街道老山小区7号楼403','104001',4,'64G的A供商发出',NULL,'2018-08-27 21:27:18','2018-08-27 21:27:18'),(7,'admin',1,NULL,1,NULL,'SF00567','2020-05-07 23:53:15',NULL,NULL,NULL,NULL,NULL,NULL,NULL,NULL,NULL,'FFFFTESTFDS',NULL,NULL,'2020-05-07 23:53:15'),(8,'admin',1,NULL,1,NULL,'SF00111','2020-05-07 23:54:34',NULL,NULL,NULL,NULL,NULL,NULL,NULL,NULL,NULL,'ffffffdsafdsafdsa',NULL,NULL,'2020-05-07 23:54:34'),(10,'admin',1,NULL,NULL,NULL,NULL,'2020-05-08 00:07:29',NULL,NULL,NULL,NULL,NULL,NULL,NULL,NULL,NULL,NULL,NULL,NULL,'2020-05-08 00:07:29'),(11,'admin',1,NULL,NULL,NULL,NULL,'2020-05-08 00:08:26',NULL,NULL,NULL,NULL,NULL,NULL,NULL,NULL,NULL,NULL,NULL,NULL,'2020-05-08 00:08:26'),(13,'admin',1,1,1,'顺丰快递','SF00678234','2020-05-13 03:32:25',NULL,'张先生','18347826819','北京市','北京市','石景山区','八宝山街道老山小区7号楼403','104001',2,'一付耳机',NULL,NULL,'2020-05-13 03:32:25'),(15,'admin',1,30,1,'顺丰快递','SF0023455','2020-06-11 15:22:02',NULL,'自由','13781493310','北京市','北京市','东城区','东四胡同3号','10042',4,'用户已经 签收',NULL,NULL,'2020-06-11 15:22:02'),(16,'admin',1,31,1,'顺丰快递','SF0013434','2020-06-11 16:05:23',NULL,'自由','13781493310','北京市','北京市','东城区','东四胡同3号','10042',4,'用户已签收',NULL,NULL,'2020-06-11 16:05:23');
/*!40000 ALTER TABLE `t_user_order_delivery` ENABLE KEYS */;
UNLOCK TABLES;

--
-- Table structure for table `t_user_order_invoice`
--

DROP TABLE IF EXISTS `t_user_order_invoice`;
/*!40101 SET @saved_cs_client     = @@character_set_client */;
/*!50503 SET character_set_client = utf8mb4 */;
CREATE TABLE `t_user_order_invoice` (
  `id` int unsigned NOT NULL AUTO_INCREMENT,
  `type` varchar(32) CHARACTER SET utf8mb4 COLLATE utf8mb4_unicode_ci DEFAULT NULL COMMENT '发票类型(普通发票、增值税专用发票)',
  `title` varchar(128) CHARACTER SET utf8mb4 COLLATE utf8mb4_unicode_ci DEFAULT NULL COMMENT '发票抬头',
  `content` varchar(128) CHARACTER SET utf8mb4 COLLATE utf8mb4_unicode_ci DEFAULT NULL COMMENT '发票内容',
  `identity` varchar(32) CHARACTER SET utf8mb4 COLLATE utf8mb4_unicode_ci DEFAULT NULL COMMENT '纳税人识别号',
  `name` varchar(128) CHARACTER SET utf8mb4 COLLATE utf8mb4_unicode_ci DEFAULT NULL COMMENT '单位名称',
  `mobile` varchar(32) CHARACTER SET utf8mb4 COLLATE utf8mb4_unicode_ci DEFAULT NULL COMMENT '发票收取人手机号',
  `email` varchar(32) CHARACTER SET utf8mb4 COLLATE utf8mb4_unicode_ci DEFAULT NULL COMMENT '发票收取人邮箱',
  `invoice_status` tinyint DEFAULT NULL COMMENT '发票状态',
  `options` text CHARACTER SET utf8mb4 COLLATE utf8mb4_unicode_ci COMMENT 'json字段扩展',
  `modified_time` datetime DEFAULT NULL COMMENT '修改时间',
  `create_time` datetime DEFAULT NULL COMMENT '创建时间',
  PRIMARY KEY (`id`)
) ENGINE=InnoDB AUTO_INCREMENT=2 DEFAULT CHARSET=utf8mb4 COLLATE=utf8mb4_unicode_ci COMMENT='发票信息表';
/*!40101 SET character_set_client = @saved_cs_client */;

--
-- Dumping data for table `t_user_order_invoice`
--

LOCK TABLES `t_user_order_invoice` WRITE;
/*!40000 ALTER TABLE `t_user_order_invoice` DISABLE KEYS */;
INSERT INTO `t_user_order_invoice` VALUES (1,'普通发票','阳光科技发展有限wcng','体育健身器材','LXN43432432432DE','阳光科技发展有限公司','13781403318','2345@123.com',1,NULL,'2018-08-27 21:27:18','2018-08-27 21:27:18');
/*!40000 ALTER TABLE `t_user_order_invoice` ENABLE KEYS */;
UNLOCK TABLES;

--
-- Table structure for table `t_user_order_item`
--

DROP TABLE IF EXISTS `t_user_order_item`;
/*!40101 SET @saved_cs_client     = @@character_set_client */;
/*!50503 SET character_set_client = utf8mb4 */;
CREATE TABLE `t_user_order_item` (
  `id` int unsigned NOT NULL AUTO_INCREMENT,
  `order_id` int unsigned NOT NULL COMMENT '订单id',
  `order_ns` varchar(32) CHARACTER SET utf8mb4 COLLATE utf8mb4_unicode_ci DEFAULT NULL COMMENT '订单号',
  `buyer_id` int unsigned NOT NULL COMMENT '购买人',
  `buyer_nickname` varchar(128) CHARACTER SET utf8mb4 COLLATE utf8mb4_unicode_ci DEFAULT NULL COMMENT '购买人昵称',
  `buyer_msg` varchar(512) CHARACTER SET utf8mb4 COLLATE utf8mb4_unicode_ci DEFAULT NULL COMMENT '用户留言（备注）',
  `seller_id` int unsigned DEFAULT NULL COMMENT '卖家id',
  `dist_user_id` int unsigned DEFAULT NULL COMMENT '分销员',
  `dist_amount` decimal(10,2) DEFAULT NULL COMMENT '分销金额',
  `product_id` int unsigned DEFAULT NULL COMMENT '产品id',
  `product_type` varchar(32) CHARACTER SET utf8mb4 COLLATE utf8mb4_unicode_ci DEFAULT NULL COMMENT '商品的类别，默认是 product ，但是未来可能是 模板、文件、视频等等...',
  `product_type_text` varchar(32) CHARACTER SET utf8mb4 COLLATE utf8mb4_unicode_ci DEFAULT NULL,
  `product_title` varchar(256) CHARACTER SET utf8mb4 COLLATE utf8mb4_unicode_ci DEFAULT NULL COMMENT '产品标题',
  `product_summary` varchar(512) CHARACTER SET utf8mb4 COLLATE utf8mb4_unicode_ci DEFAULT NULL,
  `product_sku_id` int DEFAULT NULL COMMENT '商品规格表(t_product_sku)id',
  `product_spec` varchar(64) CHARACTER SET utf8mb4 COLLATE utf8mb4_unicode_ci DEFAULT NULL COMMENT '商品规格(不同规格价格不同)',
  `product_thumbnail` varchar(256) CHARACTER SET utf8mb4 COLLATE utf8mb4_unicode_ci DEFAULT NULL COMMENT '产品缩略图',
  `product_link` varchar(256) CHARACTER SET utf8mb4 COLLATE utf8mb4_unicode_ci DEFAULT NULL COMMENT '产品链接',
  `product_price` decimal(10,2) DEFAULT NULL COMMENT '产品价格',
  `product_count` int DEFAULT NULL COMMENT '产品数量',
  `with_virtual` tinyint(1) DEFAULT NULL COMMENT '是否是虚拟产品，1是，0不是。虚拟产品支付完毕后立即交易完成。是虚拟产品，虚拟产品支付完毕后立即交易完成',
  `with_refund` tinyint(1) DEFAULT NULL COMMENT '是否支持退款，1支持，0不支持。',
  `delivery_cost` decimal(10,2) DEFAULT NULL COMMENT '快递费',
  `delivery_id` int unsigned DEFAULT NULL COMMENT '快递单 id',
  `other_cost` decimal(10,2) DEFAULT NULL COMMENT '其它费用',
  `other_cost_remark` varchar(512) CHARACTER SET utf8mb4 COLLATE utf8mb4_unicode_ci DEFAULT NULL COMMENT '其它费用说明',
  `total_amount` decimal(10,2) DEFAULT NULL COMMENT '具体金额 = 产品价格+运费+其他费用- 分销金额',
  `pay_amount` decimal(10,2) DEFAULT NULL COMMENT '支付金额 = 产品价格+运费+其他价格',
  `view_path` varchar(256) CHARACTER SET utf8mb4 COLLATE utf8mb4_unicode_ci DEFAULT NULL COMMENT '查看的网址路径，访问时时，会添加orderid',
  `view_text` varchar(32) CHARACTER SET utf8mb4 COLLATE utf8mb4_unicode_ci DEFAULT NULL COMMENT '查看的文章内容，比如：查看、下载',
  `view_effective_time` int unsigned DEFAULT NULL COMMENT '可访问的有效时间，单位秒',
  `comment_path` varchar(256) CHARACTER SET utf8mb4 COLLATE utf8mb4_unicode_ci DEFAULT NULL COMMENT '评论的路径',
  `invoice_id` int unsigned DEFAULT NULL COMMENT '发票',
  `invoice_status` tinyint DEFAULT NULL,
  `item_status` tinyint DEFAULT NULL COMMENT '状态：1交易中、 2交易完成（但是可以申请退款） 、3取消交易 、4申请退款、 5拒绝退款、 6退款中、 7退款完成、 9交易结束',
  `refund_no` varchar(64) CHARACTER SET utf8mb4 COLLATE utf8mb4_unicode_ci DEFAULT NULL COMMENT '退款订单号',
  `refund_amount` decimal(10,2) DEFAULT NULL COMMENT '退款金额',
  `refund_desc` varchar(512) CHARACTER SET utf8mb4 COLLATE utf8mb4_unicode_ci DEFAULT NULL COMMENT '退款描述',
  `refund_time` datetime DEFAULT NULL COMMENT '退款时间',
  `options` text CHARACTER SET utf8mb4 COLLATE utf8mb4_unicode_ci,
  `modified_time` datetime DEFAULT NULL COMMENT '修改时间',
  `create_time` datetime DEFAULT NULL COMMENT '创建时间',
  PRIMARY KEY (`id`),
  KEY `order_id` (`order_id`)
) ENGINE=InnoDB AUTO_INCREMENT=39 DEFAULT CHARSET=utf8mb4 COLLATE=utf8mb4_unicode_ci COMMENT='订单明细表';
/*!40101 SET character_set_client = @saved_cs_client */;

--
-- Dumping data for table `t_user_order_item`
--

LOCK TABLES `t_user_order_item` WRITE;
/*!40000 ALTER TABLE `t_user_order_item` DISABLE KEYS */;
INSERT INTO `t_user_order_item` VALUES (1,1,'SS001',1,'admin','希望好用',NULL,NULL,NULL,1,'product','产品','iphonexr手机','2020款',NULL,'64G,白色,国行',NULL,NULL,4088.00,2,NULL,NULL,NULL,NULL,NULL,NULL,9166.00,NULL,NULL,NULL,NULL,NULL,NULL,NULL,NULL,NULL,NULL,NULL,NULL,NULL,'2018-08-27 21:27:18','2018-08-27 21:27:18'),(2,1,'SS002',1,'ADMIN','听着怎么样',NULL,NULL,NULL,NULL,'product','产品','耳机','苹果耳机',NULL,'128G,黑色,日版',NULL,NULL,199.00,2,NULL,NULL,NULL,NULL,NULL,NULL,388.00,NULL,NULL,NULL,NULL,NULL,NULL,NULL,NULL,NULL,NULL,NULL,NULL,NULL,'2018-08-27 21:27:18','2018-08-27 21:27:18'),(6,5,'CE462334999878971392',1,'admin',NULL,NULL,NULL,NULL,1,'product','产品','关于大到',NULL,NULL,'规格:1.2米*1.5,重量:3KG,刀柄类型:木制',NULL,NULL,23.00,3,NULL,NULL,NULL,NULL,NULL,NULL,69.00,NULL,NULL,NULL,NULL,NULL,NULL,NULL,NULL,NULL,NULL,NULL,NULL,NULL,NULL,NULL),(7,6,'YU462453069989556224',1,'admin',NULL,NULL,NULL,NULL,1,'product','产品','关工大刀',NULL,NULL,'规格:1.2米*1.5,重量:3KG,刀柄类型:木制',NULL,NULL,23.00,1,NULL,NULL,NULL,NULL,NULL,NULL,23.00,NULL,NULL,NULL,NULL,NULL,NULL,NULL,NULL,NULL,NULL,NULL,NULL,NULL,NULL,NULL),(8,7,'HT463698069297573888',1,'admin',NULL,NULL,NULL,NULL,1,'product','产品','关工大刀',NULL,NULL,'规格:1.2米*1.5,重量:4KG,刀柄类型:钢制',NULL,NULL,28.00,1,NULL,NULL,NULL,NULL,NULL,NULL,28.00,NULL,NULL,NULL,NULL,NULL,NULL,NULL,NULL,NULL,NULL,NULL,NULL,NULL,NULL,NULL),(9,8,'ZJ463699327358087168',1,'admin',NULL,NULL,NULL,NULL,7,'product','产品','拳击手套',NULL,NULL,'规格:常规',NULL,NULL,33.00,1,NULL,NULL,NULL,NULL,NULL,NULL,33.00,NULL,NULL,NULL,NULL,NULL,NULL,NULL,NULL,NULL,NULL,NULL,NULL,NULL,NULL,NULL),(10,9,'PI463699406777233408',1,'admin',NULL,NULL,NULL,NULL,7,'product','产品','拳击手套',NULL,NULL,'规格:常规',NULL,NULL,33.00,2,NULL,NULL,NULL,NULL,NULL,NULL,66.00,NULL,NULL,NULL,NULL,NULL,NULL,NULL,NULL,NULL,NULL,NULL,NULL,NULL,NULL,NULL),(11,10,'VT464025601792290816',1,'admin',NULL,NULL,NULL,NULL,1,'product','产品','关工大刀',NULL,NULL,'规格:1.8米*1.8,重量:4KG,刀柄类型:钢制',NULL,NULL,24.00,2,NULL,NULL,NULL,NULL,NULL,NULL,48.00,NULL,NULL,NULL,NULL,NULL,NULL,NULL,NULL,NULL,NULL,NULL,NULL,NULL,NULL,NULL),(12,11,'DD464108623275241472',1,'admin',NULL,NULL,NULL,NULL,4,'product','产品','登录鞋',NULL,NULL,'规格:41',NULL,NULL,26.00,1,NULL,NULL,NULL,NULL,NULL,NULL,26.00,NULL,NULL,NULL,NULL,NULL,NULL,NULL,NULL,NULL,NULL,NULL,NULL,NULL,NULL,NULL),(13,11,'DD464108623275241472',1,'admin',NULL,NULL,NULL,NULL,1,'product','产品','关工大刀',NULL,NULL,'规格:1.8米*1.8,重量:5KG,刀柄类型:木制',NULL,NULL,29.00,1,NULL,NULL,NULL,NULL,NULL,NULL,29.00,NULL,NULL,NULL,NULL,NULL,NULL,NULL,NULL,NULL,NULL,NULL,NULL,NULL,NULL,NULL),(14,12,'TF464108958345605120',1,'admin',NULL,NULL,NULL,NULL,3,'product','产品','武术服',NULL,NULL,'颜色:白,尺码:M',NULL,NULL,36.00,1,NULL,NULL,NULL,NULL,NULL,NULL,36.00,NULL,NULL,NULL,NULL,NULL,NULL,NULL,NULL,NULL,NULL,NULL,NULL,NULL,NULL,NULL),(15,13,'DG464110628752338944',1,'admin',NULL,NULL,NULL,NULL,1,'product','产品','关工大刀',NULL,NULL,'规格:1.8米*1.8,重量:4KG,刀柄类型:钢制',NULL,NULL,24.00,1,NULL,NULL,NULL,NULL,NULL,NULL,24.00,NULL,NULL,NULL,NULL,NULL,NULL,NULL,NULL,NULL,NULL,NULL,NULL,NULL,NULL,NULL),(16,14,'BT464112339822850048',1,'admin',NULL,NULL,NULL,NULL,1,'product','产品','关工大刀',NULL,NULL,'规格:1.8米*1.8,重量:4KG,刀柄类型:钢制',NULL,NULL,24.00,1,NULL,NULL,NULL,NULL,NULL,NULL,24.00,NULL,NULL,NULL,NULL,NULL,NULL,NULL,NULL,NULL,NULL,NULL,NULL,NULL,NULL,NULL),(17,15,'LG464115680023949312',1,'admin',NULL,NULL,NULL,NULL,1,'product','产品','关工大刀',NULL,NULL,'规格:1.8米*1.8,重量:4KG,刀柄类型:钢制',NULL,NULL,24.00,1,NULL,NULL,NULL,NULL,NULL,NULL,24.00,NULL,NULL,NULL,NULL,NULL,NULL,NULL,NULL,NULL,NULL,NULL,NULL,NULL,NULL,NULL),(18,16,'LF464116951518818304',1,'admin',NULL,NULL,NULL,NULL,1,'product','产品','关工大刀',NULL,NULL,'规格:1.8米*1.8,重量:4KG,刀柄类型:钢制',NULL,NULL,24.00,1,NULL,NULL,NULL,NULL,NULL,NULL,24.00,NULL,NULL,NULL,NULL,NULL,NULL,NULL,NULL,NULL,NULL,NULL,NULL,NULL,NULL,NULL),(19,17,'NZ464120004909215744',1,'admin',NULL,NULL,NULL,NULL,1,'product','产品','关工大刀',NULL,NULL,'规格:1.8米*1.8,重量:5KG,刀柄类型:木制',NULL,NULL,29.00,1,NULL,NULL,NULL,NULL,NULL,NULL,29.00,NULL,NULL,NULL,NULL,NULL,NULL,NULL,NULL,NULL,NULL,NULL,NULL,NULL,NULL,NULL),(20,18,'PC464120043240960000',1,'admin',NULL,NULL,NULL,NULL,1,'product','产品','关工大刀',NULL,NULL,'规格:1.8米*1.8,重量:5KG,刀柄类型:木制',NULL,NULL,29.00,1,NULL,NULL,NULL,NULL,NULL,NULL,29.00,NULL,NULL,NULL,NULL,NULL,NULL,NULL,NULL,NULL,NULL,NULL,NULL,NULL,NULL,NULL),(21,19,'JL464120301559754752',1,'admin',NULL,NULL,NULL,NULL,1,'product','产品','关工大刀',NULL,NULL,'规格:1.8米*1.8,重量:5KG,刀柄类型:木制',NULL,NULL,29.00,1,NULL,NULL,NULL,NULL,NULL,NULL,29.00,NULL,NULL,NULL,NULL,NULL,NULL,NULL,NULL,NULL,NULL,NULL,NULL,NULL,NULL,NULL),(22,20,'VV464121554423525376',1,'admin',NULL,NULL,NULL,NULL,1,'product','产品','关工大刀',NULL,NULL,'规格:1.8米*1.8,重量:5KG,刀柄类型:木制',NULL,NULL,29.00,2,NULL,NULL,NULL,NULL,NULL,NULL,58.00,NULL,NULL,NULL,NULL,NULL,NULL,NULL,NULL,NULL,NULL,NULL,NULL,NULL,NULL,NULL),(23,21,'MM464247848264019968',1,'admin',NULL,NULL,NULL,NULL,1,'product','产品','关工大刀',NULL,NULL,'规格:1.8米*1.8,重量:4KG,刀柄类型:钢制',NULL,NULL,24.00,1,NULL,NULL,NULL,NULL,NULL,NULL,24.00,NULL,NULL,NULL,NULL,NULL,NULL,NULL,NULL,NULL,NULL,NULL,NULL,NULL,NULL,NULL),(24,21,'MM464247848264019968',1,'admin',NULL,NULL,NULL,NULL,3,'product','产品','武术服',NULL,NULL,'颜色:白,尺码:M',NULL,NULL,36.00,1,NULL,NULL,NULL,NULL,NULL,NULL,36.00,NULL,NULL,NULL,NULL,NULL,NULL,NULL,NULL,NULL,NULL,NULL,NULL,NULL,NULL,NULL),(25,21,'MM464247848264019968',1,'admin',NULL,NULL,NULL,NULL,1,'product','产品','关工大刀',NULL,NULL,'规格:1.8米*1.8,重量:5KG,刀柄类型:木制',NULL,NULL,29.00,1,NULL,NULL,NULL,NULL,NULL,NULL,29.00,NULL,NULL,NULL,NULL,NULL,NULL,NULL,NULL,NULL,NULL,NULL,NULL,NULL,NULL,NULL),(26,22,'DP464251118764175360',1,'admin',NULL,NULL,NULL,NULL,1,'product','产品','关工大刀',NULL,NULL,'规格:1.8米*1.8,重量:5KG,刀柄类型:木制',NULL,NULL,29.00,1,NULL,NULL,NULL,NULL,NULL,NULL,29.00,NULL,NULL,NULL,NULL,NULL,NULL,NULL,NULL,NULL,NULL,NULL,NULL,NULL,NULL,NULL),(27,22,'DP464251118764175360',1,'admin',NULL,NULL,NULL,NULL,3,'product','产品','武术服',NULL,NULL,'颜色:白,尺码:M',NULL,NULL,36.00,1,NULL,NULL,NULL,NULL,NULL,NULL,36.00,NULL,NULL,NULL,NULL,NULL,NULL,NULL,NULL,NULL,NULL,NULL,NULL,NULL,NULL,NULL),(28,23,'SJ464255645672288256',1,'admin',NULL,NULL,NULL,NULL,7,'product','产品','拳击手套',NULL,NULL,'规格:常规',NULL,NULL,33.00,1,NULL,NULL,NULL,NULL,NULL,NULL,33.00,NULL,NULL,NULL,NULL,NULL,NULL,NULL,NULL,NULL,NULL,NULL,NULL,NULL,NULL,NULL),(29,24,'OC464594334789152768',1,'admin',NULL,NULL,NULL,NULL,1,'product','产品','关工大刀',NULL,NULL,'规格:1.8米*1.8,重量:4KG,刀柄类型:钢制',NULL,NULL,24.00,2,NULL,NULL,NULL,NULL,NULL,NULL,48.00,NULL,NULL,NULL,NULL,NULL,NULL,NULL,NULL,NULL,NULL,NULL,NULL,NULL,NULL,NULL),(30,25,'NA464605843908997120',1,'admin',NULL,NULL,NULL,NULL,3,'product','产品','武术服',NULL,NULL,'颜色:白,尺码:M',NULL,NULL,36.00,1,NULL,NULL,NULL,NULL,NULL,NULL,36.00,NULL,NULL,NULL,NULL,NULL,NULL,NULL,NULL,NULL,NULL,NULL,NULL,NULL,NULL,NULL),(31,26,'AD465536012626702336',1,'admin',NULL,NULL,NULL,NULL,1,'product','产品','关工大刀',NULL,NULL,'规格:1.8米*1.8,重量:4KG,刀柄类型:钢制',NULL,NULL,24.00,1,NULL,NULL,NULL,NULL,NULL,NULL,24.00,NULL,NULL,NULL,NULL,NULL,NULL,NULL,NULL,NULL,NULL,NULL,NULL,NULL,NULL,NULL),(32,28,'KY465663656496214016',1,'admin',NULL,NULL,NULL,NULL,8,'product','产品','记录仪',NULL,NULL,'规格:常规',NULL,NULL,89.00,1,NULL,NULL,NULL,NULL,NULL,NULL,89.00,NULL,NULL,NULL,NULL,NULL,NULL,NULL,NULL,NULL,NULL,NULL,NULL,NULL,NULL,NULL),(33,27,'XI465663656496214016',1,'admin',NULL,NULL,NULL,NULL,8,'product','产品','记录仪',NULL,NULL,'规格:常规',NULL,NULL,89.00,1,NULL,NULL,NULL,NULL,NULL,NULL,89.00,NULL,NULL,NULL,NULL,NULL,NULL,NULL,NULL,NULL,NULL,NULL,NULL,NULL,NULL,NULL),(34,29,'PE466684007569174528',1,'admin',NULL,NULL,NULL,NULL,1,'product','产品','关工大刀',NULL,NULL,'规格:1.8米*1.8,重量:4KG,刀柄类型:钢制',NULL,NULL,24.00,2,NULL,NULL,NULL,NULL,NULL,NULL,48.00,NULL,NULL,NULL,NULL,NULL,NULL,NULL,NULL,NULL,NULL,NULL,NULL,NULL,NULL,NULL),(35,30,'YZ468590094136389632',1,'admin',NULL,NULL,NULL,NULL,14,'product','产品','三少爷的剑',NULL,NULL,'规格:标准',NULL,NULL,33.00,1,NULL,NULL,NULL,NULL,NULL,NULL,33.00,NULL,NULL,NULL,NULL,NULL,NULL,NULL,NULL,NULL,NULL,NULL,NULL,NULL,NULL,NULL),(36,31,'KT468608572834721792',1,'admin',NULL,NULL,NULL,NULL,3,'product','产品','武术服',NULL,NULL,'颜色:白,尺码:M',NULL,NULL,36.00,1,NULL,NULL,NULL,NULL,NULL,NULL,36.00,NULL,NULL,NULL,NULL,NULL,NULL,NULL,NULL,NULL,NULL,NULL,NULL,NULL,NULL,NULL),(37,32,'JH483660382469369856',1,'admin',NULL,NULL,NULL,NULL,15,'product','产品','训练沙袋',NULL,NULL,'颜色:灰',NULL,NULL,44.00,1,NULL,NULL,NULL,NULL,NULL,NULL,44.00,NULL,NULL,NULL,NULL,NULL,NULL,NULL,NULL,NULL,NULL,NULL,NULL,NULL,NULL,NULL),(38,33,'KB496031400882089984',1,'admin',NULL,NULL,NULL,NULL,9,'product','产品','户外椅子',NULL,NULL,'规格:常规',NULL,NULL,23.00,1,NULL,NULL,NULL,NULL,NULL,NULL,23.00,NULL,NULL,NULL,NULL,NULL,NULL,NULL,NULL,NULL,NULL,NULL,NULL,NULL,NULL,NULL);
/*!40000 ALTER TABLE `t_user_order_item` ENABLE KEYS */;
UNLOCK TABLES;

--
-- Table structure for table `t_user_role`
--

DROP TABLE IF EXISTS `t_user_role`;
/*!40101 SET @saved_cs_client     = @@character_set_client */;
/*!50503 SET character_set_client = utf8mb4 */;
CREATE TABLE `t_user_role` (
  `USER_ID` bigint NOT NULL COMMENT '用户ID',
  `ROLE_ID` bigint NOT NULL COMMENT '角色ID'
) ENGINE=InnoDB DEFAULT CHARSET=utf8;
/*!40101 SET character_set_client = @saved_cs_client */;

--
-- Dumping data for table `t_user_role`
--

LOCK TABLES `t_user_role` WRITE;
/*!40000 ALTER TABLE `t_user_role` DISABLE KEYS */;
INSERT INTO `t_user_role` VALUES (2,2),(2,4),(173,2),(173,4),(1,1);
/*!40000 ALTER TABLE `t_user_role` ENABLE KEYS */;
UNLOCK TABLES;

--
-- Table structure for table `t_userconnection`
--

DROP TABLE IF EXISTS `t_userconnection`;
/*!40101 SET @saved_cs_client     = @@character_set_client */;
/*!50503 SET character_set_client = utf8mb4 */;
CREATE TABLE `t_userconnection` (
  `userId` varchar(255) NOT NULL,
  `providerId` varchar(255) NOT NULL,
  `providerUserId` varchar(255) NOT NULL,
  `rank` int NOT NULL,
  `displayName` varchar(255) DEFAULT NULL,
  `profileUrl` varchar(512) DEFAULT NULL,
  `imageUrl` varchar(512) DEFAULT NULL,
  `accessToken` varchar(512) NOT NULL,
  `secret` varchar(512) DEFAULT NULL,
  `refreshToken` varchar(512) DEFAULT NULL,
  `expireTime` bigint DEFAULT NULL,
  PRIMARY KEY (`userId`,`providerId`,`providerUserId`),
  UNIQUE KEY `UserConnectionRank` (`userId`,`providerId`,`rank`)
) ENGINE=InnoDB DEFAULT CHARSET=utf8;
/*!40101 SET character_set_client = @saved_cs_client */;

--
-- Dumping data for table `t_userconnection`
--

LOCK TABLES `t_userconnection` WRITE;
/*!40000 ALTER TABLE `t_userconnection` DISABLE KEYS */;
/*!40000 ALTER TABLE `t_userconnection` ENABLE KEYS */;
UNLOCK TABLES;
/*!40103 SET TIME_ZONE=@OLD_TIME_ZONE */;

/*!40101 SET SQL_MODE=@OLD_SQL_MODE */;
/*!40014 SET FOREIGN_KEY_CHECKS=@OLD_FOREIGN_KEY_CHECKS */;
/*!40014 SET UNIQUE_CHECKS=@OLD_UNIQUE_CHECKS */;
/*!40101 SET CHARACTER_SET_CLIENT=@OLD_CHARACTER_SET_CLIENT */;
/*!40101 SET CHARACTER_SET_RESULTS=@OLD_CHARACTER_SET_RESULTS */;
/*!40101 SET COLLATION_CONNECTION=@OLD_COLLATION_CONNECTION */;
/*!40111 SET SQL_NOTES=@OLD_SQL_NOTES */;

-- Dump completed on 2020-11-12 14:16:49
